"Id","Creation Time","Tags","parameters/method","parameters/disc_model/model_name","parameters/dataset","parameters/counterfactuals/K","metrics/cf/K_vectors","parameters/counterfactuals/origin_class","metrics/cf/valid_cf_disc","metrics/cf/flow_prob_condition_acc","metrics/cf/cf_belongs_to_group","metrics/cf/plausibility","metrics/cf/flow_log_density_cfs","metrics/cf/dissimilarity_proximity_continuous_euclidean","metrics/cf/dissimilarity_proximity_continuous_manhatan","metrics/cf/isolation_forest_scores_cfs","metrics/cf/lof_scores_cfs"
"COUN-7489","2024-05-19 15:06:07","[""no_plausability"",""Q1_log_prob_threshold"",""GCE"",""k_ablation"",""19.05""]","GCE","MultilayerPerceptron","LawDataset","100","78.0","1","0.5","0.5643564462661743","1.0","0.04748960617325582","0.5643503069877625","0.26847112073451085","0.43338610777760495","0.0530851949422124","1.0422743558883667"
"COUN-7488","2024-05-19 15:05:21","[""no_plausability"",""Q1_log_prob_threshold"",""GCE"",""k_ablation"",""19.05""]","GCE","MultilayerPerceptron","LawDataset","90","76.0","1","0.4974874258041382","0.6161616444587708","1.0","0.047449083804195796","0.860981822013855","0.3044028648408167","0.4948577441350378","0.054008312914950916","1.040021300315857"
"COUN-7487","2024-05-19 15:04:41","[""no_plausability"",""Q1_log_prob_threshold"",""GCE"",""k_ablation"",""19.05""]","GCE","MultilayerPerceptron","LawDataset","80","69.0","1","0.5175879597663879","0.5339806079864502","1.0","0.045729387807345714","0.5821632742881775","0.2940522135498494","0.4751419607296731","0.05415746726886153","1.0369431972503662"
"COUN-7486","2024-05-19 15:04:10","[""no_plausability"",""Q1_log_prob_threshold"",""GCE"",""k_ablation"",""19.05""]","GCE","MultilayerPerceptron","LawDataset","70","64.0","1","0.6122449040412903","0.5333333611488342","1.0","0.04575399221761269","0.6626157164573669","0.2573134550215735","0.4242671564221382","0.05568676424854712","1.0370547771453857"
"COUN-7485","2024-05-19 15:03:39","[""no_plausability"",""Q1_log_prob_threshold"",""GCE"",""k_ablation"",""19.05""]","GCE","MultilayerPerceptron","LawDataset","60","57.0","1","0.5714285969734192","0.5648148059844971","1.0","0.0478459974163262","0.7087764739990234","0.28413171663563747","0.471260668778861","0.05517977671414775","1.0408010482788086"
"COUN-7484","2024-05-19 15:03:14","[""no_plausability"",""Q1_log_prob_threshold"",""GCE"",""k_ablation"",""19.05""]","GCE","MultilayerPerceptron","LawDataset","50","48.0","1","0.6224489808082581","0.5983606576919556","1.0","0.044509083888154936","0.8169586658477783","0.27298589076657137","0.4587223975629103","0.05675406145151648","1.0344539880752563"
"COUN-7483","2024-05-19 15:02:48","[""no_plausability"",""Q1_log_prob_threshold"",""GCE"",""k_ablation"",""19.05""]","GCE","MultilayerPerceptron","LawDataset","40","37.0","1","0.6052631735801697","0.5565217137336731","1.0","0.0446721703964007","0.773216962814331","0.2680847883385686","0.44520249314930127","0.05686014994619508","1.03933846950531"
"COUN-7482","2024-05-19 15:02:13","[""no_plausability"",""Q1_log_prob_threshold"",""GCE"",""k_ablation"",""19.05""]","GCE","MultilayerPerceptron","LawDataset","30","30.0","1","0.409326434135437","0.2531645596027374","1.0","0.04924214236028281","-0.07243657857179642","0.2881265363947689","0.4547835128216804","0.055491781480889985","1.0409181118011475"
"COUN-7481","2024-05-19 15:01:40","[""no_plausability"",""Q1_log_prob_threshold"",""GCE"",""k_ablation"",""19.05""]","GCE","MultilayerPerceptron","LawDataset","20","20.0","1","0.31313130259513855","0.17741934955120087","1.0","0.0500265797641926","-0.24667105078697205","0.2889993359766427","0.4550758441609721","0.05398437136391169","1.0425513982772827"
"COUN-7480","2024-05-19 15:01:14","[""no_plausability"",""Q1_log_prob_threshold"",""GCE"",""k_ablation"",""19.05""]","GCE","MultilayerPerceptron","LawDataset","10","10.0","1","0.38693466782569885","0.2857142984867096","1.0","0.04637326871507743","-0.1478695124387741","0.24134164919833614","0.39694098992781207","0.056372288570950474","1.0416613817214966"
"COUN-7479","2024-05-19 15:00:42","[""no_plausability"",""Q1_log_prob_threshold"",""GCE"",""k_ablation"",""19.05""]","GCE","MultilayerPerceptron","LawDataset","8","8.0","1","0.21078431606292725","0.23255814611911774","1.0","0.053144329848867834","-0.29010239243507385","0.3107203700912494","0.49987003137899","0.05587788244216803","1.0382872819900513"
"COUN-7478","2024-05-19 15:00:16","[""no_plausability"",""Q1_log_prob_threshold"",""GCE"",""k_ablation"",""19.05""]","GCE","MultilayerPerceptron","LawDataset","6","6.0","1","0.39500001072883606","0.15189872682094574","1.0","0.05020896341918725","-0.3598683178424835","0.2155261909639316","0.3498835627791248","0.05674230427467809","1.0384269952774048"
"COUN-7477","2024-05-19 14:59:43","[""no_plausability"",""Q1_log_prob_threshold"",""GCE"",""k_ablation"",""19.05""]","GCE","MultilayerPerceptron","LawDataset","4","4.0","1","0.1855670064687729","0.1388888955116272","1.0","0.05405628729753438","-0.3232588768005371","0.36478795377157874","0.5742439561420016","0.056261989365291525","1.0382053852081299"
"COUN-7476","2024-05-19 14:59:08","[""no_plausability"",""Q1_log_prob_threshold"",""GCE"",""k_ablation"",""19.05""]","GCE","MultilayerPerceptron","LawDataset","2","2.0","1","0.1818181872367859","0.1944444477558136","1.0","0.05368375660564132","-0.09130069613456726","0.3717075605397179","0.585118744108412","0.05510787705680327","1.0412291288375854"
"COUN-7475","2024-05-19 14:58:36","[""no_plausability"",""Q1_log_prob_threshold"",""GCE"",""k_ablation"",""19.05""]","GCE","MultilayerPerceptron","LawDataset","1","1.0","1","0.10050251334905624","0.05000000074505806","1.0","0.06228127970711972","-0.8629075884819031","0.3615502048195168","0.56751659065485","0.05508379841044121","1.0376396179199219"
"COUN-7474","2024-05-19 14:58:04","[""no_plausability"",""Q1_log_prob_threshold"",""GCE"",""k_ablation"",""19.05""]","GCE","LogisticRegression","LawDataset","100","79.0","1","1.0","0.9070796370506287","1.0","0.04199869463811612","2.100050687789917","0.23273822174727404","0.3721036777081611","0.053764009217822255","1.035852313041687"
"COUN-7473","2024-05-19 14:57:21","[""no_plausability"",""Q1_log_prob_threshold"",""GCE"",""k_ablation"",""19.05""]","GCE","LogisticRegression","LawDataset","90","76.0","1","1.0","0.8893805146217346","1.0","0.045661085880303036","2.0001752376556396","0.21197688385136296","0.33346431167483065","0.0540497655264808","1.0376324653625488"
"COUN-7472","2024-05-19 14:56:37","[""k_ablation"",""Q1_log_prob_threshold"",""19.05"",""no_plausability"",""GCE""]","GCE","MultilayerPerceptron","BlobsDataset","100","17.0","2","1.0","0.029999999329447746","1.0","0.07964312360848892","-1.4702306985855103","0.4668127085248582","0.6422218903736211","-0.08356130625306106","1.8241997957229614"
"COUN-7471","2024-05-19 14:56:31","[""no_plausability"",""Q1_log_prob_threshold"",""GCE"",""k_ablation"",""19.05""]","GCE","LogisticRegression","LawDataset","80","72.0","1","1.0","0.8938053250312805","1.0","0.04538256398703694","2.0063016414642334","0.21576619720543844","0.34086614009405","0.0536244253524263","1.0398714542388916"
"COUN-7470","2024-05-19 14:56:13","[""k_ablation"",""Q1_log_prob_threshold"",""19.05"",""no_plausability"",""GCE""]","GCE","MultilayerPerceptron","BlobsDataset","90","23.0","2","1.0","0.009999999776482582","1.0","0.0790464772555231","-1.2027688026428223","0.46828027608328876","0.6482977440790273","-0.08271624814146432","1.8022522926330566"
"COUN-7469","2024-05-19 14:55:43","[""k_ablation"",""Q1_log_prob_threshold"",""19.05"",""no_plausability"",""GCE""]","GCE","MultilayerPerceptron","BlobsDataset","80","22.0","2","1.0","0.029999999329447746","1.0","0.08769957171019119","-1.697783350944519","0.45745429892666734","0.6323853973881342","-0.08270880924774665","1.9108775854110718"
"COUN-7468","2024-05-19 14:55:34","[""no_plausability"",""Q1_log_prob_threshold"",""GCE"",""k_ablation"",""19.05""]","GCE","LogisticRegression","LawDataset","70","68.0","1","1.0","0.8893805146217346","1.0","0.04572429097895794","1.9759771823883057","0.2155407084905241","0.339509712400294","0.05436838675956182","1.040400743484497"
"COUN-7467","2024-05-19 14:55:20","[""k_ablation"",""Q1_log_prob_threshold"",""19.05"",""no_plausability"",""GCE""]","GCE","MultilayerPerceptron","BlobsDataset","70","24.0","2","1.0","0.05000000074505806","1.0","0.08376748600634411","-1.3988595008850098","0.463703212285011","0.6434623387292959","-0.08025082684446888","1.8505949974060059"
"COUN-7466","2024-05-19 14:55:02","[""no_plausability"",""Q1_log_prob_threshold"",""GCE"",""k_ablation"",""19.05""]","GCE","LogisticRegression","LawDataset","60","58.0","1","1.0","0.8938053250312805","1.0","0.0429768787748562","2.0944008827209473","0.2308751470745085","0.37142304070211485","0.053305746139217444","1.0393675565719604"
"COUN-7465","2024-05-19 14:55:02","[""k_ablation"",""Q1_log_prob_threshold"",""19.05"",""no_plausability"",""GCE""]","GCE","MultilayerPerceptron","BlobsDataset","60","22.0","2","1.0","0.019999999552965164","1.0","0.08113786468412205","-1.2704286575317383","0.4640543587641232","0.6439247992471792","-0.08322270062944626","1.8199207782745361"
"COUN-7464","2024-05-19 14:54:38","[""k_ablation"",""Q1_log_prob_threshold"",""19.05"",""no_plausability"",""GCE""]","GCE","MultilayerPerceptron","BlobsDataset","50","26.0","2","1.0","0.0","1.0","0.09213744766879918","-1.7295805215835571","0.44986466954277105","0.6248222021595575","-0.08865733430932422","1.9424890279769897"
"COUN-7463","2024-05-19 14:54:21","[""no_plausability"",""Q1_log_prob_threshold"",""GCE"",""k_ablation"",""19.05""]","GCE","LogisticRegression","LawDataset","50","50.0","1","1.0","0.8982300758361816","1.0","0.04399780727960294","2.0437748432159424","0.21824728061024856","0.34751288016095955","0.05419759694269394","1.0389782190322876"
"COUN-7462","2024-05-19 14:54:14","[""k_ablation"",""Q1_log_prob_threshold"",""19.05"",""no_plausability"",""GCE""]","GCE","MultilayerPerceptron","BlobsDataset","40","23.0","2","1.0","0.009999999776482582","1.0","0.08858957504107531","-1.5476917028427124","0.4589502462202897","0.6380430589453318","-0.08218760800671542","1.9032419919967651"
"COUN-7461","2024-05-19 14:53:53","[""k_ablation"",""Q1_log_prob_threshold"",""19.05"",""no_plausability"",""GCE""]","GCE","MultilayerPerceptron","BlobsDataset","30","15.0","2","1.0","0.009999999776482582","1.0","0.0960941918063731","-1.943569540977478","0.44483244075874717","0.6161167791322805","-0.0909285690591706","1.9798792600631714"
"COUN-7460","2024-05-19 14:53:42","[""no_plausability"",""Q1_log_prob_threshold"",""GCE"",""k_ablation"",""19.05""]","GCE","LogisticRegression","LawDataset","40","40.0","1","1.0","0.8805309534072876","1.0","0.04570678369218476","1.9780346155166626","0.20735834847750492","0.32701717672325603","0.05478681531314068","1.0389268398284912"
"COUN-7459","2024-05-19 14:53:33","[""k_ablation"",""Q1_log_prob_threshold"",""19.05"",""no_plausability"",""GCE""]","GCE","MultilayerPerceptron","BlobsDataset","20","9.0","2","1.0","0.0","1.0","0.10280135333740194","-2.514408588409424","0.43519869130779065","0.5986626149551012","-0.09632317363612791","2.1197214126586914"
"COUN-7458","2024-05-19 14:53:04","[""k_ablation"",""Q1_log_prob_threshold"",""19.05"",""no_plausability"",""GCE""]","GCE","MultilayerPerceptron","BlobsDataset","10","7.0","2","1.0","0.0","1.0","0.1213397182111391","-3.8878629207611084","0.4129654006466989","0.5615535320178605","-0.0997111367589925","2.414968490600586"
"COUN-7457","2024-05-19 14:52:59","[""no_plausability"",""Q1_log_prob_threshold"",""GCE"",""k_ablation"",""19.05""]","GCE","LogisticRegression","LawDataset","30","30.0","1","1.0","0.8761062026023865","1.0","0.04553863451622425","1.966819167137146","0.2037771326092236","0.32063831438813195","0.05521702145891845","1.0389925241470337"
"COUN-7456","2024-05-19 14:52:41","[""k_ablation"",""Q1_log_prob_threshold"",""19.05"",""no_plausability"",""GCE""]","GCE","MultilayerPerceptron","BlobsDataset","8","7.0","2","1.0","0.0","1.0","0.10524942142860662","-2.621169090270996","0.43238899754181737","0.5980023859278298","-0.09336990085870217","2.1632165908813477"
"COUN-7455","2024-05-19 14:52:20","[""no_plausability"",""Q1_log_prob_threshold"",""GCE"",""k_ablation"",""19.05""]","GCE","LogisticRegression","LawDataset","20","20.0","1","1.0","0.8805309534072876","1.0","0.045991756375858804","1.962151050567627","0.20017113808152584","0.31484348355355646","0.055687065585578746","1.038293719291687"
"COUN-7454","2024-05-19 14:52:15","[""k_ablation"",""Q1_log_prob_threshold"",""19.05"",""no_plausability"",""GCE""]","GCE","MultilayerPerceptron","BlobsDataset","6","6.0","2","1.0","0.0","1.0","0.1008823278961858","-2.2505087852478027","0.43673927925153255","0.6059569838480092","-0.09392664114454563","2.0798354148864746"
"COUN-7453","2024-05-19 14:51:52","[""k_ablation"",""Q1_log_prob_threshold"",""19.05"",""no_plausability"",""GCE""]","GCE","MultilayerPerceptron","BlobsDataset","4","4.0","2","1.0","0.0","1.0","0.10937914775057513","-2.5367417335510254","0.42931754201223965","0.5976702208654023","-0.09277350725354178","2.1503326892852783"
"COUN-7452","2024-05-19 14:51:50","[""no_plausability"",""Q1_log_prob_threshold"",""GCE"",""k_ablation"",""19.05""]","GCE","LogisticRegression","LawDataset","10","10.0","1","1.0","0.8893805146217346","1.0","0.04524942282318748","1.968263030052185","0.1985932775137405","0.3126183225839209","0.05537886918858912","1.0391019582748413"
"COUN-7451","2024-05-19 14:51:28","[""k_ablation"",""Q1_log_prob_threshold"",""19.05"",""no_plausability"",""GCE""]","GCE","MultilayerPerceptron","BlobsDataset","2","2.0","2","1.0","0.0","1.0","0.12108322466629202","-3.212407112121582","0.4150509795183603","0.576348234100733","-0.0960464710832283","2.2969679832458496"
"COUN-7450","2024-05-19 14:51:22","[""no_plausability"",""Q1_log_prob_threshold"",""GCE"",""k_ablation"",""19.05""]","GCE","LogisticRegression","LawDataset","8","8.0","1","1.0","0.8716813921928406","1.0","0.04627030990449106","1.9167423248291016","0.19083720242612395","0.29885775486699645","0.055858787934254354","1.0393317937850952"
"COUN-7449","2024-05-19 14:50:48","[""no_plausability"",""Q1_log_prob_threshold"",""GCE"",""k_ablation"",""19.05""]","GCE","LogisticRegression","LawDataset","6","6.0","1","1.0","0.8761062026023865","1.0","0.047015265290694615","1.903507113456726","0.18949180062176502","0.2957590181232158","0.055758056402262224","1.0399376153945923"
"COUN-7448","2024-05-19 14:50:45","[""k_ablation"",""Q1_log_prob_threshold"",""19.05"",""no_plausability"",""GCE""]","GCE","MultilayerPerceptron","BlobsDataset","1","1.0","2","1.0","0.0","1.0","0.14363211139290905","-5.677308559417725","0.3890770856456118","0.5220075478986836","-0.09566512539959023","2.6489803791046143"
"COUN-7447","2024-05-19 14:50:22","[""k_ablation"",""Q1_log_prob_threshold"",""19.05"",""no_plausability"",""GCE""]","GCE","MultilayerPerceptron","BlobsDataset","100","25.0","1","1.0","0.4300000071525574","1.0","0.019921233582313694","1.8065848350524902","0.3699391867434902","0.523158826828003","0.0015474871091013048","1.1894028186798096"
"COUN-7446","2024-05-19 14:50:20","[""no_plausability"",""Q1_log_prob_threshold"",""GCE"",""k_ablation"",""19.05""]","GCE","LogisticRegression","LawDataset","4","4.0","1","1.0","0.8672566413879395","1.0","0.047043882084860995","1.9005169868469238","0.18973930465289393","0.2970819169700772","0.05602366422607522","1.0387420654296875"
"COUN-7445","2024-05-19 14:50:00","[""k_ablation"",""Q1_log_prob_threshold"",""19.05"",""no_plausability"",""GCE""]","GCE","MultilayerPerceptron","BlobsDataset","90","28.0","1","1.0","0.4699999988079071","1.0","0.020260327070236173","1.7406867742538452","0.3653492767182931","0.5166695326566696","-3.362203528944341E-4","1.1925631761550903"
"COUN-7444","2024-05-19 14:49:52","[""no_plausability"",""Q1_log_prob_threshold"",""GCE"",""k_ablation"",""19.05""]","GCE","LogisticRegression","LawDataset","2","2.0","1","1.0","0.8672566413879395","1.0","0.04780522772189333","1.8629138469696045","0.18557936938198755","0.2889832800287193","0.056124936847577425","1.039409875869751"
"COUN-7443","2024-05-19 14:49:34","[""k_ablation"",""Q1_log_prob_threshold"",""19.05"",""no_plausability"",""GCE""]","GCE","MultilayerPerceptron","BlobsDataset","80","27.0","1","1.0","0.5099999904632568","1.0","0.02188058126300463","2.0731356143951416","0.4007922784752943","0.5667778393626213","0.00723600536155869","1.164137601852417"
"COUN-7442","2024-05-19 14:49:26","[""no_plausability"",""Q1_log_prob_threshold"",""GCE"",""k_ablation"",""19.05""]","GCE","LogisticRegression","LawDataset","1","1.0","1","1.0","0.8716813921928406","1.0","0.04782840832198994","1.8562774658203125","0.18512648783989738","0.28834022755891214","0.056172367822350716","1.0395008325576782"
"COUN-7441","2024-05-19 14:49:10","[""k_ablation"",""Q1_log_prob_threshold"",""19.05"",""no_plausability"",""GCE""]","GCE","MultilayerPerceptron","BlobsDataset","70","31.0","1","1.0","0.5199999809265137","1.0","0.023325385778486668","1.7715137004852295","0.37824456118352395","0.5349014553427697","0.0024277241755180424","1.214232325553894"
"COUN-7440","2024-05-19 14:48:46","[""k_ablation"",""Q1_log_prob_threshold"",""19.05"",""no_plausability"",""GCE""]","GCE","MultilayerPerceptron","BlobsDataset","60","26.0","1","1.0","0.4099999964237213","1.0","0.022628804293522767","1.6889735460281372","0.3727374702733298","0.5271043092012405","-0.003492987273380049","1.2096692323684692"
"COUN-7439","2024-05-19 14:48:22","[""k_ablation"",""Q1_log_prob_threshold"",""19.05"",""no_plausability"",""GCE""]","GCE","MultilayerPerceptron","BlobsDataset","50","25.0","1","1.0","0.4699999988079071","1.0","0.019753875415541397","1.7851263284683228","0.37092405883833235","0.5245495748519897","-8.23291389700213E-4","1.1975404024124146"
"COUN-7438","2024-05-19 14:48:15","[""no_plausability"",""Q1_log_prob_threshold"",""GCE"",""k_ablation"",""19.05""]","GCE","MultilayerPerceptron","LawDataset","100","71.0","0","0.935742974281311","0.7768240571022034","1.0","0.06268890859257932","1.3641901016235352","0.3383078338610323","0.5465728302562186","0.022657812435762203","1.0990828275680542"
"COUN-7437","2024-05-19 14:47:59","[""k_ablation"",""Q1_log_prob_threshold"",""19.05"",""no_plausability"",""GCE""]","GCE","MultilayerPerceptron","BlobsDataset","40","23.0","1","1.0","0.4000000059604645","1.0","0.020797463131962162","1.718386173248291","0.36100521563488125","0.5105266749858857","-2.9178591806135467E-4","1.1984277963638306"
"COUN-7436","2024-05-19 14:47:36","[""k_ablation"",""Q1_log_prob_threshold"",""19.05"",""no_plausability"",""GCE""]","GCE","MultilayerPerceptron","BlobsDataset","30","16.0","1","1.0","0.5299999713897705","1.0","0.01925974512024221","1.8886752128601074","0.36926061953050493","0.5221879351139068","0.0035838034548051232","1.1789283752441406"
"COUN-7435","2024-05-19 14:47:19","[""k_ablation"",""Q1_log_prob_threshold"",""19.05"",""no_plausability"",""GCE""]","GCE","MultilayerPerceptron","BlobsDataset","20","10.0","1","1.0","0.46000000834465027","1.0","0.01967542564827929","1.8248318433761597","0.3661394199058765","0.5177847808599472","0.0011832369014876205","1.1815966367721558"
"COUN-7434","2024-05-19 14:46:58","[""k_ablation"",""Q1_log_prob_threshold"",""19.05"",""no_plausability"",""GCE""]","GCE","MultilayerPerceptron","BlobsDataset","10","8.0","1","1.0","0.41999998688697815","1.0","0.020119121138139497","1.73195219039917","0.3599595070690223","0.5090494695305824","-0.0014683932841175523","1.1957333087921143"
"COUN-7433","2024-05-19 14:46:56","[""no_plausability"",""Q1_log_prob_threshold"",""GCE"",""k_ablation"",""19.05""]","GCE","MultilayerPerceptron","LawDataset","90","67.0","0","0.9514170289039612","0.800000011920929","1.0","0.059229744240813655","1.4194426536560059","0.3319291506050927","0.5352912203428594","0.024459555952334087","1.0875669717788696"
"COUN-7432","2024-05-19 14:46:38","[""k_ablation"",""Q1_log_prob_threshold"",""19.05"",""no_plausability"",""GCE""]","GCE","MultilayerPerceptron","BlobsDataset","8","8.0","1","1.0","0.3700000047683716","1.0","0.02094642474051283","1.5495456457138062","0.351208929952615","0.4966752624511719","-0.004684876392114687","1.2212920188903809"
"COUN-7431","2024-05-19 14:46:13","[""k_ablation"",""Q1_log_prob_threshold"",""19.05"",""no_plausability"",""GCE""]","GCE","MultilayerPerceptron","BlobsDataset","6","6.0","1","1.0","0.3700000047683716","1.0","0.020557729230485024","1.618749976158142","0.35075014936793997","0.49601886004209517","-0.005269316198227396","1.2093005180358887"
"COUN-7430","2024-05-19 14:46:06","[""k_ablation"",""Q1_log_prob_threshold"",""19.05"",""no_plausability"",""GCE""]","GCE","MultilayerPerceptron","BlobsDataset","4","4.0","1","1.0","0.5","1.0","0.01846612963169346","1.9017348289489746","0.37108689392455757","0.5247961089015007","0.0026778474351890156","1.170886516571045"
"COUN-7429","2024-05-19 14:45:59","[""k_ablation"",""Q1_log_prob_threshold"",""19.05"",""no_plausability"",""GCE""]","GCE","MultilayerPerceptron","BlobsDataset","2","2.0","1","1.0","0.5","1.0","0.01944855510508","1.8613194227218628","0.36947279613777967","0.5225134363770485","0.001509271319285399","1.1755095720291138"
"COUN-7428","2024-05-19 14:45:51","[""k_ablation"",""Q1_log_prob_threshold"",""19.05"",""no_plausability"",""GCE""]","GCE","MultilayerPerceptron","BlobsDataset","1","1.0","1","1.0","0.5","1.0","0.01938226222347026","1.8567167520523071","0.36928439431789856","0.5222469958662986","0.0017018426426303895","1.1777386665344238"
"COUN-7427","2024-05-19 14:45:36","[""no_plausability"",""Q1_log_prob_threshold"",""GCE"",""k_ablation"",""19.05""]","GCE","MultilayerPerceptron","LawDataset","80","63.0","0","0.9291338324546814","0.7966101765632629","1.0","0.061842501163337595","1.4383922815322876","0.321787123409512","0.5160893255813142","0.023966827108471984","1.090376377105713"
"COUN-7426","2024-05-19 14:45:26","[""k_ablation"",""Q1_log_prob_threshold"",""19.05"",""no_plausability"",""GCE""]","GCE","MultilayerPerceptron","BlobsDataset","100","31.0","0","1.0","0.2199999988079071","1.0","0.029505495218047663","1.0361557006835938","0.3167044299023547","0.44766389787197114","-0.027029513876559396","1.2689155340194702"
"COUN-7425","2024-05-19 14:45:00","[""k_ablation"",""Q1_log_prob_threshold"",""19.05"",""no_plausability"",""GCE""]","GCE","MultilayerPerceptron","BlobsDataset","90","33.0","0","1.0","0.2199999988079071","1.0","0.029154391276878574","1.0275158882141113","0.31612602816796626","0.4470259663462639","-0.029709580197094087","1.2763335704803467"
"COUN-7424","2024-05-19 14:44:41","[""no_plausability"",""Q1_log_prob_threshold"",""GCE"",""k_ablation"",""19.05""]","GCE","MultilayerPerceptron","LawDataset","70","60.0","0","0.9480000138282776","0.7763713002204895","1.0","0.06234969471330379","1.4088371992111206","0.3380689626640153","0.5534667970793408","0.02376058788093078","1.0911308526992798"
"COUN-7423","2024-05-19 14:44:39","[""k_ablation"",""Q1_log_prob_threshold"",""19.05"",""no_plausability"",""GCE""]","GCE","MultilayerPerceptron","BlobsDataset","80","31.0","0","1.0","0.2199999988079071","1.0","0.03064077093875104","1.0512150526046753","0.3166493695700556","0.4477722337841988","-0.028591786310217228","1.2658641338348389"
"COUN-7422","2024-05-19 14:44:18","[""k_ablation"",""Q1_log_prob_threshold"",""19.05"",""no_plausability"",""GCE""]","GCE","MultilayerPerceptron","BlobsDataset","70","41.0","0","1.0","0.20999999344348907","1.0","0.028332083174709793","1.1324758529663086","0.32072428131462166","0.45352424681186676","-0.027006641061026224","1.2606587409973145"
"COUN-7421","2024-05-19 14:44:00","[""no_plausability"",""Q1_log_prob_threshold"",""GCE"",""k_ablation"",""19.05""]","GCE","MultilayerPerceptron","LawDataset","60","55.0","0","0.9407114386558533","0.7605041861534119","1.0","0.06448046753691493","1.3079216480255127","0.35125378962519316","0.5826255368898395","0.01794264212538695","1.101212739944458"
"COUN-7420","2024-05-19 14:43:56","[""k_ablation"",""Q1_log_prob_threshold"",""19.05"",""no_plausability"",""GCE""]","GCE","MultilayerPerceptron","BlobsDataset","60","29.0","0","1.0","0.23000000417232513","1.0","0.03736320535332044","0.5710166096687317","0.30323262101773","0.4287734964489937","-0.033038137584452815","1.3242557048797607"
"COUN-7419","2024-05-19 14:43:32","[""k_ablation"",""Q1_log_prob_threshold"",""19.05"",""no_plausability"",""GCE""]","GCE","MultilayerPerceptron","BlobsDataset","50","27.0","0","1.0","0.1899999976158142","1.0","0.030999773789954048","0.8688682317733765","0.3073750502325401","0.43451073914766314","-0.03175675267871474","1.2919721603393555"
"COUN-7418","2024-05-19 14:43:08","[""k_ablation"",""Q1_log_prob_threshold"",""19.05"",""no_plausability"",""GCE""]","GCE","MultilayerPerceptron","BlobsDataset","40","25.0","0","1.0","0.23000000417232513","1.0","0.02886717179761816","1.0382541418075562","0.3151014339616609","0.4454744973778725","-0.026956309986298187","1.2745755910873413"
"COUN-7417","2024-05-19 14:43:00","[""no_plausability"",""Q1_log_prob_threshold"",""GCE"",""k_ablation"",""19.05""]","GCE","MultilayerPerceptron","LawDataset","50","49.0","0","0.9591836929321289","0.7829787135124207","1.0","0.058883622504528686","1.4589747190475464","0.3178784781911483","0.5135678930485502","0.025162809956805466","1.0878727436065674"
"COUN-7416","2024-05-19 14:42:48","[""k_ablation"",""Q1_log_prob_threshold"",""19.05"",""no_plausability"",""GCE""]","GCE","MultilayerPerceptron","BlobsDataset","30","17.0","0","1.0","0.23000000417232513","1.0","0.027615270293010998","0.9983112215995789","0.31519321430913494","0.44569559901952743","-0.028659389398873726","1.2706681489944458"
"COUN-7415","2024-05-19 14:42:29","[""k_ablation"",""Q1_log_prob_threshold"",""19.05"",""no_plausability"",""GCE""]","GCE","MultilayerPerceptron","BlobsDataset","20","11.0","0","1.0","0.1899999976158142","1.0","0.028330487620682708","1.0364843606948853","0.31277610561714364","0.44214128017425536","-0.029207459352141335","1.269435167312622"
"COUN-7414","2024-05-19 14:42:01","[""k_ablation"",""Q1_log_prob_threshold"",""19.05"",""no_plausability"",""GCE""]","GCE","MultilayerPerceptron","BlobsDataset","10","10.0","0","1.0","0.14000000059604645","1.0","0.028720380418051927","0.9801280498504639","0.30945664104458603","0.43751440912485123","-0.03257479852265538","1.2793880701065063"
"COUN-7413","2024-05-19 14:41:53","[""no_plausability"",""Q1_log_prob_threshold"",""GCE"",""k_ablation"",""19.05""]","GCE","MultilayerPerceptron","LawDataset","40","39.0","0","0.9746835231781006","0.8051947951316833","1.0","0.05874107215939789","1.4946401119232178","0.3084770087273287","0.49473766606801","0.027057352815046648","1.0886086225509644"
"COUN-7412","2024-05-19 14:41:38","[""k_ablation"",""Q1_log_prob_threshold"",""19.05"",""no_plausability"",""GCE""]","GCE","MultilayerPerceptron","BlobsDataset","8","8.0","0","1.0","0.10000000149011612","1.0","0.026409374467324685","1.0935138463974","0.31138286841194635","0.440179138481617","-0.03319832359743438","1.260817050933838"
"COUN-7411","2024-05-19 14:41:31","[""k_ablation"",""Q1_log_prob_threshold"",""19.05"",""no_plausability"",""GCE""]","GCE","MultilayerPerceptron","BlobsDataset","6","6.0","0","1.0","0.23232322931289673","1.0","0.028026819479654536","1.1347646713256836","0.31879983303364584","0.4508319819214368","-0.02866659786325896","1.2623149156570435"
"COUN-7410","2024-05-19 14:41:24","[""k_ablation"",""Q1_log_prob_threshold"",""19.05"",""no_plausability"",""GCE""]","GCE","MultilayerPerceptron","BlobsDataset","4","4.0","0","1.0","0.23000000417232513","1.0","0.027604763332038276","1.1308573484420776","0.31782929836402046","0.4494576635956764","-0.027461209791143783","1.2642359733581543"
"COUN-7409","2024-05-19 14:41:16","[""k_ablation"",""Q1_log_prob_threshold"",""19.05"",""no_plausability"",""GCE""]","GCE","MultilayerPerceptron","BlobsDataset","2","2.0","0","1.0","0.20000000298023224","1.0","0.027545701048806333","1.1115236282348633","0.316854926070743","0.4480826359987259","-0.028693161515438135","1.2659817934036255"
"COUN-7408","2024-05-19 14:41:10","[""no_plausability"",""Q1_log_prob_threshold"",""GCE"",""k_ablation"",""19.05""]","GCE","MultilayerPerceptron","LawDataset","30","30.0","0","0.9435483813285828","0.7948718070983887","1.0","0.06223066128706507","1.4011754989624023","0.33420868827969963","0.5496157804488117","0.023407013614751476","1.096216082572937"
"COUN-7407","2024-05-19 14:41:09","[""k_ablation"",""Q1_log_prob_threshold"",""19.05"",""no_plausability"",""GCE""]","GCE","MultilayerPerceptron","BlobsDataset","1","1.0","0","1.0","0.23000000417232513","1.0","0.027634339390216055","1.1427366733551025","0.3183282972152088","0.4501651391386986","-0.027482244255563715","1.2612251043319702"
"COUN-7406","2024-05-19 14:40:57","[""Q1_log_prob_threshold"",""19.05"",""no_plausability"",""k_ablation"",""GCE""]","GCE","MultilayerPerceptron","MoonsDataset","90","39.0","1","0.9902912378311157","0.11764705926179886","1.0","0.052590968324328066","-16.424713134765625","0.2847564297164587","0.3772273450227016","0.0017942391859394576","1.279355525970459"
"COUN-7405","2024-05-19 14:40:43","[""Q1_log_prob_threshold"",""19.05"",""no_plausability"",""k_ablation"",""GCE""]","GCE","MultilayerPerceptron","MoonsDataset","80","43.0","1","0.9805825352668762","0.11881188303232193","1.0","0.05901249187751837","-14.609776496887207","0.29856732176082906","0.3926720041758611","-4.808295889307696E-4","1.3426330089569092"
"COUN-7404","2024-05-19 14:40:42","[""k_ablation"",""Q1_log_prob_threshold"",""19.05"",""no_plausability"",""GCE""]","GCE","MultinomialLogisticRegression","BlobsDataset","100","17.0","2","1.0","0.0","1.0","0.13643490529151714","-9.138355255126953","0.42712555736420144","0.49860240107635034","-0.09634343643833153","3.2852554321289062"
"COUN-7403","2024-05-19 14:40:24","[""Q1_log_prob_threshold"",""19.05"",""no_plausability"",""k_ablation"",""GCE""]","GCE","MultilayerPerceptron","MoonsDataset","70","48.0","1","0.9803921580314636","0.12999999523162842","1.0","0.057326558830041056","-16.1295223236084","0.28854598624960426","0.3822069795592688","-8.814320207372829E-4","1.3160079717636108"
"COUN-7402","2024-05-19 14:40:23","[""k_ablation"",""Q1_log_prob_threshold"",""19.05"",""no_plausability"",""GCE""]","GCE","MultinomialLogisticRegression","BlobsDataset","90","20.0","2","1.0","0.0","1.0","0.14312978160058187","-9.866537094116211","0.4291153878491869","0.4920306374342181","-0.0936848766281146","3.4294958114624023"
"COUN-7401","2024-05-19 14:40:04","[""Q1_log_prob_threshold"",""19.05"",""no_plausability"",""k_ablation"",""GCE""]","GCE","MultilayerPerceptron","MoonsDataset","60","38.0","1","0.970588207244873","0.12121212482452393","1.0","0.0619461941075094","-17.90876007080078","0.2830882847168832","0.37172519377987795","-0.004223118471326667","1.3761903047561646"
"COUN-7400","2024-05-19 14:40:01","[""no_plausability"",""Q1_log_prob_threshold"",""GCE"",""k_ablation"",""19.05""]","GCE","MultilayerPerceptron","LawDataset","20","20.0","0","0.9375","0.7875000238418579","1.0","0.06002269308068489","1.4139715433120728","0.3005102194932076","0.48051990787498655","0.02468094867705498","1.0948443412780762"
"COUN-7399","2024-05-19 14:40:00","[""k_ablation"",""Q1_log_prob_threshold"",""19.05"",""no_plausability"",""GCE""]","GCE","MultinomialLogisticRegression","BlobsDataset","80","22.0","2","1.0","0.0","1.0","0.14974109035221614","-10.133062362670898","0.41861329316439805","0.47851846209028737","-0.0938266805289123","3.466717004776001"
"COUN-7398","2024-05-19 14:39:43","[""Q1_log_prob_threshold"",""19.05"",""no_plausability"",""k_ablation"",""GCE""]","GCE","MultilayerPerceptron","MoonsDataset","50","37.0","1","0.9902912378311157","0.09803921729326248","1.0","0.06794748240903362","-17.227537155151367","0.2901947398355715","0.3796908345014113","-0.002785171109085993","1.39836847782135"
"COUN-7397","2024-05-19 14:39:37","[""k_ablation"",""Q1_log_prob_threshold"",""19.05"",""no_plausability"",""GCE""]","GCE","MultinomialLogisticRegression","BlobsDataset","70","23.0","2","1.0","0.0","1.0","0.14569551348243162","-9.343133926391602","0.4117603421051493","0.48384796498576177","-0.09689150725843029","3.2917675971984863"
"COUN-7396","2024-05-19 14:39:35","[""Q1_log_prob_threshold"",""19.05"",""no_plausability"",""k_ablation"",""GCE""]","GCE","MultilayerPerceptron","MoonsDataset","40","29.0","1","0.9411764740943909","0.125","1.0","0.06403389477007675","-13.431715965270996","0.3084644223722857","0.41655106580340845","-0.004686108998186162","1.3986071348190308"
"COUN-7395","2024-05-19 14:39:12","[""k_ablation"",""Q1_log_prob_threshold"",""19.05"",""no_plausability"",""GCE""]","GCE","MultinomialLogisticRegression","BlobsDataset","60","19.0","2","1.0","0.0","1.0","0.12331714699984234","-7.933149337768555","0.4334182210955349","0.5172650305763818","-0.09625435532885948","3.1485700607299805"
"COUN-7394","2024-05-19 14:39:06","[""Q1_log_prob_threshold"",""19.05"",""no_plausability"",""k_ablation"",""GCE""]","GCE","MultilayerPerceptron","MoonsDataset","30","19.0","1","0.9803921580314636","0.1599999964237213","1.0","0.048685608621633306","-17.404891967773438","0.29395734651747607","0.38903552511474115","0.004462550542991265","1.2417501211166382"
"COUN-7393","2024-05-19 14:39:00","[""no_plausability"",""Q1_log_prob_threshold"",""GCE"",""k_ablation"",""19.05""]","GCE","MultilayerPerceptron","LawDataset","10","10.0","0","0.9395161271095276","0.8025751113891602","1.0","0.059988885004781035","1.4891294240951538","0.29745663560883967","0.47695311707296595","0.02742144923441219","1.0930124521255493"
"COUN-7392","2024-05-19 14:38:53","[""Q1_log_prob_threshold"",""19.05"",""no_plausability"",""k_ablation"",""GCE""]","GCE","MultilayerPerceptron","MoonsDataset","20","16.0","1","0.9708737730979919","0.12999999523162842","1.0","0.06499677944985861","-15.532905578613281","0.3208878077769486","0.41335722082993015","-0.012017042610708586","1.429946780204773"
"COUN-7391","2024-05-19 14:38:53","[""k_ablation"",""Q1_log_prob_threshold"",""19.05"",""no_plausability"",""GCE""]","GCE","MultinomialLogisticRegression","BlobsDataset","50","21.0","2","1.0","0.0","1.0","0.1353523660006464","-8.801567077636719","0.4255590457393168","0.501052255241666","-0.09506932826527695","3.321040153503418"
"COUN-7390","2024-05-19 14:38:33","[""Q1_log_prob_threshold"",""19.05"",""no_plausability"",""k_ablation"",""GCE""]","GCE","MultilayerPerceptron","MoonsDataset","10","10.0","1","0.9607843160629272","0.11224489659070969","1.0","0.07400100421576304","-14.73193073272705","0.30034394307193507","0.393017558359579","-0.007418943055838254","1.4910624027252197"
"COUN-7389","2024-05-19 14:38:29","[""k_ablation"",""Q1_log_prob_threshold"",""19.05"",""no_plausability"",""GCE""]","GCE","MultinomialLogisticRegression","BlobsDataset","40","18.0","2","1.0","0.0","1.0","0.13419729631193092","-8.471931457519531","0.41953895678651515","0.501052437222097","-0.09761768264419611","3.161684036254883"
"COUN-7388","2024-05-19 14:38:17","[""Q1_log_prob_threshold"",""19.05"",""no_plausability"",""k_ablation"",""GCE""]","GCE","MultilayerPerceptron","MoonsDataset","8","8.0","1","0.9417475461959839","0.15463916957378387","1.0","0.0826314272418906","-13.510329246520996","0.3346068105456009","0.43386154608157723","-0.013364605524897988","1.5507197380065918"
"COUN-7387","2024-05-19 14:38:06","[""k_ablation"",""Q1_log_prob_threshold"",""19.05"",""no_plausability"",""GCE""]","GCE","MultinomialLogisticRegression","BlobsDataset","30","16.0","2","1.0","0.0","1.0","0.1410501525878673","-8.916282653808594","0.41320266699643476","0.48912944926181806","-0.09669520695845794","3.2445147037506104"
"COUN-7386","2024-05-19 14:38:02","[""Q1_log_prob_threshold"",""19.05"",""no_plausability"",""k_ablation"",""GCE""]","GCE","MultilayerPerceptron","MoonsDataset","6","6.0","1","0.893203854560852","0.20652173459529877","1.0","0.08320239803338288","-11.213724136352539","0.34540356867542693","0.45004752352985594","-0.01565231538915288","1.5838297605514526"
"COUN-7385","2024-05-19 14:38:01","[""no_plausability"",""Q1_log_prob_threshold"",""GCE"",""k_ablation"",""19.05""]","GCE","MultilayerPerceptron","LawDataset","8","8.0","0","0.94140625","0.8049792647361755","1.0","0.06030054838604345","1.5245145559310913","0.2823080193813867","0.4530150178603488","0.02914193356926797","1.0897302627563477"
"COUN-7384","2024-05-19 14:37:49","[""k_ablation"",""Q1_log_prob_threshold"",""19.05"",""no_plausability"",""GCE""]","GCE","MultinomialLogisticRegression","BlobsDataset","20","11.0","2","1.0","0.0","1.0","0.15010578969979826","-9.73949146270752","0.4094858136601991","0.47847417889395727","-0.09478196638217039","3.317117691040039"
"COUN-7383","2024-05-19 14:37:47","[""Q1_log_prob_threshold"",""19.05"",""no_plausability"",""k_ablation"",""GCE""]","GCE","MultilayerPerceptron","MoonsDataset","4","4.0","1","0.9038461446762085","0.21276596188545227","1.0","0.0866400432884946","-11.314236640930176","0.35398823899042076","0.45587252090100516","-0.014776935479241533","1.6240700483322144"
"COUN-7382","2024-05-19 14:37:39","[""Q1_log_prob_threshold"",""19.05"",""no_plausability"",""k_ablation"",""GCE""]","GCE","MultilayerPerceptron","MoonsDataset","2","2.0","1","0.843137264251709","0.302325576543808","1.0","0.0943924255511782","-12.556968688964844","0.37196484495320503","0.4516427199177574","-0.020416028692896694","1.7267626523971558"
"COUN-7381","2024-05-19 14:37:30","[""Q1_log_prob_threshold"",""19.05"",""no_plausability"",""k_ablation"",""GCE""]","GCE","MultilayerPerceptron","MoonsDataset","1","1.0","1","0.8737863898277283","0.3222222328186035","1.0","0.0996433517777254","-12.298008918762207","0.3765011796060427","0.4568580608582124","-0.0205821449605796","1.7620933055877686"
"COUN-7380","2024-05-19 14:37:28","[""k_ablation"",""Q1_log_prob_threshold"",""19.05"",""no_plausability"",""GCE""]","GCE","MultinomialLogisticRegression","BlobsDataset","10","7.0","2","1.0","0.0","1.0","0.15238125610646125","-9.352002143859863","0.3973984424463769","0.47218299193540586","-0.0959234310777378","3.2496979236602783"
"COUN-7379","2024-05-19 14:37:05","[""no_plausability"",""Q1_log_prob_threshold"",""GCE"",""k_ablation"",""19.05""]","GCE","MultilayerPerceptron","LawDataset","6","6.0","0","0.9377431869506836","0.7883817553520203","1.0","0.060495721421238595","1.5122159719467163","0.2822115825526158","0.4513930142915101","0.028946969253136633","1.085200309753418"
"COUN-7378","2024-05-19 14:37:04","[""Q1_log_prob_threshold"",""19.05"",""no_plausability"",""k_ablation"",""GCE""]","GCE","LogisticRegression","MoonsDataset","90","56.0","1","1.0","0.33043476939201355","1.0","0.05643745663396079","0.003789082868024707","0.3442842333149674","0.47533143254847304","-0.001022770707713815","1.3150144815444946"
"COUN-7377","2024-05-19 14:37:03","[""k_ablation"",""Q1_log_prob_threshold"",""19.05"",""no_plausability"",""GCE""]","GCE","MultinomialLogisticRegression","BlobsDataset","8","8.0","2","1.0","0.0","1.0","0.15676990360539148","-9.499475479125977","0.39113127044795953","0.46563296249369157","-0.09618857586627355","3.2516307830810547"
"COUN-7376","2024-05-19 14:36:44","[""k_ablation"",""Q1_log_prob_threshold"",""19.05"",""no_plausability"",""GCE""]","GCE","MultinomialLogisticRegression","BlobsDataset","6","6.0","2","1.0","0.0","1.0","0.15692416813423204","-9.465339660644531","0.38988862150518133","0.4654372207657434","-0.09495591119420377","3.183178186416626"
"COUN-7375","2024-05-19 14:36:39","[""Q1_log_prob_threshold"",""19.05"",""no_plausability"",""k_ablation"",""GCE""]","GCE","LogisticRegression","MoonsDataset","80","51.0","1","1.0","0.2869565188884735","1.0","0.05716727906287304","0.0620410330593586","0.32997544521772026","0.45393343601659264","3.677584985234396E-4","1.2868685722351074"
"COUN-7374","2024-05-19 14:36:26","[""k_ablation"",""Q1_log_prob_threshold"",""19.05"",""no_plausability"",""GCE""]","GCE","MultinomialLogisticRegression","BlobsDataset","4","4.0","2","1.0","0.0","1.0","0.15513582997784814","-9.158949851989746","0.38984502489515566","0.46977980902651323","-0.09657117826564565","3.1472275257110596"
"COUN-7373","2024-05-19 14:36:11","[""Q1_log_prob_threshold"",""19.05"",""no_plausability"",""k_ablation"",""GCE""]","GCE","LogisticRegression","MoonsDataset","70","49.0","1","1.0","0.17391304671764374","1.0","0.060957572937030156","0.12140721827745438","0.3193460173854353","0.43601862796096374","1.1187072919775474E-5","1.2728458642959595"
"COUN-7372","2024-05-19 14:36:09","[""no_plausability"",""Q1_log_prob_threshold"",""GCE"",""k_ablation"",""19.05""]","GCE","MultilayerPerceptron","LawDataset","4","4.0","0","0.9504132270812988","0.800000011920929","1.0","0.06121162624951234","1.4907015562057495","0.2891832058638173","0.4624003740270501","0.02853848399614425","1.0955557823181152"
"COUN-7371","2024-05-19 14:35:53","[""k_ablation"",""Q1_log_prob_threshold"",""19.05"",""no_plausability"",""GCE""]","GCE","MultinomialLogisticRegression","BlobsDataset","2","2.0","2","1.0","0.0","1.0","0.17999957113721185","-11.228531837463379","0.3719497498265344","0.43062111964682115","-0.09498460809357011","3.2836954593658447"
"COUN-7370","2024-05-19 14:35:45","[""Q1_log_prob_threshold"",""19.05"",""no_plausability"",""k_ablation"",""GCE""]","GCE","LogisticRegression","MoonsDataset","60","44.0","1","1.0","0.21739129722118378","1.0","0.05837353261680598","0.15321919322013855","0.32752416769218723","0.44817935508351936","-3.801552212099691E-4","1.2733404636383057"
"COUN-7369","2024-05-19 14:35:23","[""Q1_log_prob_threshold"",""19.05"",""no_plausability"",""k_ablation"",""GCE""]","GCE","LogisticRegression","MoonsDataset","50","44.0","1","1.0","0.269565224647522","1.0","0.05536315607436251","0.11211282014846802","0.331027146367407","0.4577501611358932","0.0010230162620581957","1.2824230194091797"
"COUN-7368","2024-05-19 14:35:20","[""k_ablation"",""Q1_log_prob_threshold"",""19.05"",""no_plausability"",""GCE""]","GCE","MultinomialLogisticRegression","BlobsDataset","1","1.0","2","1.0","0.0","1.0","0.19364224153845508","-12.113031387329102","0.35904412521915624","0.4105094205052592","-0.09222148751962617","3.2405343055725098"
"COUN-7367","2024-05-19 14:35:14","[""no_plausability"",""Q1_log_prob_threshold"",""GCE"",""k_ablation"",""19.05""]","GCE","MultilayerPerceptron","LawDataset","2","2.0","0","0.9437751173973083","0.7872340679168701","1.0","0.05783254791104645","1.498988151550293","0.28098246945506883","0.4474650873465741","0.028731966301407997","1.0923584699630737"
"COUN-7366","2024-05-19 14:35:00","[""k_ablation"",""Q1_log_prob_threshold"",""19.05"",""no_plausability"",""GCE""]","GCE","MultinomialLogisticRegression","BlobsDataset","100","17.0","1","1.0","0.5600000023841858","1.0","0.02244339019006025","2.0128374099731445","0.403514974650669","0.5703342643380165","0.005386570434937775","1.139601469039917"
"COUN-7365","2024-05-19 14:34:57","[""Q1_log_prob_threshold"",""19.05"",""no_plausability"",""k_ablation"",""GCE""]","GCE","LogisticRegression","MoonsDataset","40","37.0","1","1.0","0.20000000298023224","1.0","0.0606000746785115","0.1184479370713234","0.3137321892170933","0.4289867707710389","1.4397948065282516E-4","1.2647889852523804"
"COUN-7364","2024-05-19 14:34:41","[""k_ablation"",""Q1_log_prob_threshold"",""19.05"",""no_plausability"",""GCE""]","GCE","MultinomialLogisticRegression","BlobsDataset","90","17.0","1","1.0","0.5699999928474426","1.0","0.021371557073295668","2.0693979263305664","0.40962024045889533","0.5789548951387405","0.0066723467226402055","1.1307461261749268"
"COUN-7363","2024-05-19 14:34:30","[""Q1_log_prob_threshold"",""19.05"",""no_plausability"",""k_ablation"",""GCE""]","GCE","LogisticRegression","MoonsDataset","30","29.0","1","1.0","0.24347825348377228","1.0","0.06073983658529958","0.16884712874889374","0.3248215153489779","0.4439870051209531","-0.001351026005649634","1.2652008533477783"
"COUN-7362","2024-05-19 14:34:20","[""no_plausability"",""Q1_log_prob_threshold"",""GCE"",""k_ablation"",""19.05""]","GCE","MultilayerPerceptron","LawDataset","1","1.0","0","0.9260700345039368","0.8025209903717041","1.0","0.05810426615858994","1.5387091636657715","0.2714435055622638","0.4310798826901352","0.02978956422689449","1.0892239809036255"
"COUN-7361","2024-05-19 14:34:20","[""k_ablation"",""Q1_log_prob_threshold"",""19.05"",""no_plausability"",""GCE""]","GCE","MultinomialLogisticRegression","BlobsDataset","80","22.0","1","1.0","0.5899999737739563","1.0","0.022250881740721408","2.0477497577667236","0.4065523040185154","0.574594566822052","0.005644284571217888","1.1448556184768677"
"COUN-7360","2024-05-19 14:34:04","[""Q1_log_prob_threshold"",""19.05"",""no_plausability"",""k_ablation"",""GCE""]","GCE","LogisticRegression","MoonsDataset","20","20.0","1","1.0","0.156521737575531","1.0","0.06165024667517697","0.08184332400560379","0.30177736370838126","0.41114016293305095","4.513510126223339E-4","1.2582008838653564"
"COUN-7359","2024-05-19 14:33:54","[""k_ablation"",""Q1_log_prob_threshold"",""19.05"",""no_plausability"",""GCE""]","GCE","MultinomialLogisticRegression","BlobsDataset","70","25.0","1","1.0","0.5899999737739563","1.0","0.02067315687402128","2.0434823036193848","0.40479561793191166","0.5720830264687539","0.006837577862217694","1.138816475868225"
"COUN-7358","2024-05-19 14:33:34","[""Q1_log_prob_threshold"",""19.05"",""no_plausability"",""k_ablation"",""GCE""]","GCE","LogisticRegression","MoonsDataset","10","10.0","1","1.0","0.0782608687877655","1.0","0.061731939255133955","0.05523962900042534","0.29257766248291417","0.39605407955975314","0.0020158857987001987","1.2396605014801025"
"COUN-7357","2024-05-19 14:33:34","[""no_plausability"",""Q1_log_prob_threshold"",""GCE"",""k_ablation"",""19.05""]","GCE","LogisticRegression","LawDataset","100","82.0","0","1.0","0.7798165082931519","1.0","0.04948806922020654","1.7710498571395874","0.22369052527414776","0.3594389133360408","0.03871811348053719","1.0715776681900024"
"COUN-7356","2024-05-19 14:33:31","[""19.05"",""no_plausability"",""Q1_log_prob_threshold"",""GCE"",""k_ablation""]","GCE","MultilayerPerceptron","WineDataset","10","6.0","2","1.0","0.20000000298023224","1.0","0.6286375113488589","0.6495869755744934","0.5483766963705496","1.8816435357090087","0.024299496907167456","1.1057000160217285"
"COUN-7355","2024-05-19 14:33:23","[""k_ablation"",""Q1_log_prob_threshold"",""19.05"",""no_plausability"",""GCE""]","GCE","MultinomialLogisticRegression","BlobsDataset","60","24.0","1","1.0","0.550000011920929","1.0","0.022651930434592623","1.8880741596221924","0.3864026303871164","0.5460787796974182","8.403087964416967E-4","1.1539150476455688"
"COUN-7354","2024-05-19 14:33:10","[""19.05"",""no_plausability"",""Q1_log_prob_threshold"",""GCE"",""k_ablation""]","GCE","MultilayerPerceptron","WineDataset","8","5.0","2","1.0","0.30000001192092896","1.0","0.6241185876225472","0.7777503132820129","0.6619640580192112","2.316940510040149","0.017572641622090164","1.1320271492004395"
"COUN-7353","2024-05-19 14:33:03","[""Q1_log_prob_threshold"",""19.05"",""no_plausability"",""k_ablation"",""GCE""]","GCE","LogisticRegression","MoonsDataset","8","8.0","1","1.0","0.06086956337094307","1.0","0.06336065998811585","0.04583663120865822","0.29403824403296674","0.3978703193832189","0.0014622735997727382","1.2492661476135254"
"COUN-7352","2024-05-19 14:32:53","[""k_ablation"",""Q1_log_prob_threshold"",""19.05"",""no_plausability"",""GCE""]","GCE","MultinomialLogisticRegression","BlobsDataset","50","20.0","1","1.0","0.4699999988079071","1.0","0.021267760006811326","1.907847285270691","0.3882833551856951","0.548781558573246","0.0016934583056077285","1.1535439491271973"
"COUN-7351","2024-05-19 14:32:47","[""19.05"",""no_plausability"",""Q1_log_prob_threshold"",""GCE"",""k_ablation""]","GCE","MultilayerPerceptron","WineDataset","6","5.0","2","1.0","0.30000001192092896","1.0","0.6364360533828813","0.893238365650177","0.5532417257233924","1.9285644528921693","0.025140459387693142","1.1009656190872192"
"COUN-7350","2024-05-19 14:32:32","[""Q1_log_prob_threshold"",""19.05"",""no_plausability"",""k_ablation"",""GCE""]","GCE","LogisticRegression","MoonsDataset","6","6.0","1","1.0","0.08695652335882187","1.0","0.061398468175869164","0.06285769492387772","0.2917078271244509","0.39400210530983043","0.0010230155902724541","1.239530086517334"
"COUN-7349","2024-05-19 14:32:26","[""19.05"",""no_plausability"",""Q1_log_prob_threshold"",""GCE"",""k_ablation""]","GCE","MultilayerPerceptron","WineDataset","4","3.0","2","1.0","0.30000001192092896","1.0","0.6066677606334315","1.4678806066513062","0.6121846926402841","2.1481488232966512","0.024460928657358667","1.08733069896698"
"COUN-7348","2024-05-19 14:32:26","[""k_ablation"",""Q1_log_prob_threshold"",""19.05"",""no_plausability"",""GCE""]","GCE","MultinomialLogisticRegression","BlobsDataset","40","19.0","1","1.0","0.46000000834465027","1.0","0.02087310668455349","1.7322607040405273","0.3748986667921857","0.5298720607161522","-7.191736298508217E-4","1.1617324352264404"
"COUN-7347","2024-05-19 14:32:20","[""no_plausability"",""Q1_log_prob_threshold"",""GCE"",""k_ablation"",""19.05""]","GCE","LogisticRegression","LawDataset","90","81.0","0","1.0","0.7568807601928711","1.0","0.05110701234608299","1.652267336845398","0.21339295947714773","0.33810091931201997","0.037990321863759564","1.0735284090042114"
"COUN-7346","2024-05-19 14:32:06","[""19.05"",""no_plausability"",""Q1_log_prob_threshold"",""GCE"",""k_ablation""]","GCE","MultilayerPerceptron","WineDataset","2","2.0","2","1.0","0.30000001192092896","1.0","0.6201732051299038","1.1655054092407227","0.5959521981945611","2.112062874948606","0.027714976257790742","1.0934550762176514"
"COUN-7345","2024-05-19 14:32:03","[""Q1_log_prob_threshold"",""19.05"",""no_plausability"",""k_ablation"",""GCE""]","GCE","LogisticRegression","MoonsDataset","4","4.0","1","1.0","0.06086956337094307","1.0","0.06224933974283609","0.04043787717819214","0.2874952345811555","0.3887048687117741","0.0014669327555326022","1.2462042570114136"
"COUN-7344","2024-05-19 14:32:03","[""k_ablation"",""Q1_log_prob_threshold"",""19.05"",""no_plausability"",""GCE""]","GCE","MultinomialLogisticRegression","BlobsDataset","30","18.0","1","1.0","0.5099999904632568","1.0","0.020264404716105123","1.8540104627609253","0.38342734137818696","0.5418820506334305","0.0034921830019238693","1.1527272462844849"
"COUN-7343","2024-05-19 14:31:45","[""19.05"",""no_plausability"",""Q1_log_prob_threshold"",""GCE"",""k_ablation""]","GCE","MultilayerPerceptron","WineDataset","1","1.0","2","1.0","0.30000001192092896","1.0","0.6154730404942959","1.4132764339447021","0.572621344078404","2.021521024918184","0.029059403533590406","1.0871355533599854"
"COUN-7342","2024-05-19 14:31:38","[""k_ablation"",""Q1_log_prob_threshold"",""19.05"",""no_plausability"",""GCE""]","GCE","MultinomialLogisticRegression","BlobsDataset","20","11.0","1","1.0","0.5199999809265137","1.0","0.020423665444783957","1.8701695203781128","0.3847793229225346","0.5437525328993797","0.003257335814165785","1.1484967470169067"
"COUN-7341","2024-05-19 14:31:32","[""Q1_log_prob_threshold"",""19.05"",""no_plausability"",""k_ablation"",""GCE""]","GCE","LogisticRegression","MoonsDataset","2","2.0","1","1.0","0.08695652335882187","1.0","0.06126801055902165","0.0864366888999939","0.29221104200916775","0.39520966509235617","0.0012141378515371376","1.2425463199615479"
"COUN-7340","2024-05-19 14:31:26","[""19.05"",""no_plausability"",""Q1_log_prob_threshold"",""GCE"",""k_ablation""]","GCE","MultilayerPerceptron","WineDataset","10","6.0","1","1.0","0.0714285746216774","1.0","0.6961500574895967","-2.8151490688323975","0.5448057589350411","1.8496956311698471","0.019100354863878045","1.2744600772857666"
"COUN-7339","2024-05-19 14:31:19","[""k_ablation"",""Q1_log_prob_threshold"",""19.05"",""no_plausability"",""GCE""]","GCE","MultinomialLogisticRegression","BlobsDataset","10","9.0","1","1.0","0.5","1.0","0.020381088456667654","1.8210077285766602","0.38068904035687856","0.5380118992924691","0.003282294967598645","1.15389883518219"
"COUN-7338","2024-05-19 14:31:08","[""no_plausability"",""Q1_log_prob_threshold"",""GCE"",""k_ablation"",""19.05""]","GCE","LogisticRegression","LawDataset","80","73.0","0","1.0","0.7614678740501404","1.0","0.050862804969680035","1.666046142578125","0.21109343981362721","0.3343575681568286","0.03818831767656774","1.0721516609191895"
"COUN-7337","2024-05-19 14:31:06","[""19.05"",""no_plausability"",""Q1_log_prob_threshold"",""GCE"",""k_ablation""]","GCE","MultilayerPerceptron","WineDataset","8","7.0","1","1.0","0.1428571492433548","1.0","0.6850583687701292","-3.5952341556549072","0.5602532460803918","1.9168928023427725","0.01619514764409648","1.2829557657241821"
"COUN-7336","2024-05-19 14:31:03","[""Q1_log_prob_threshold"",""19.05"",""no_plausability"",""k_ablation"",""GCE""]","GCE","LogisticRegression","MoonsDataset","1","1.0","1","1.0","0.008695651777088642","1.0","0.06248626992797766","0.019622918218374252","0.2835095232846942","0.38273456687634083","0.0012951299562487383","1.244613766670227"
"COUN-7335","2024-05-19 14:30:51","[""k_ablation"",""Q1_log_prob_threshold"",""19.05"",""no_plausability"",""GCE""]","GCE","MultinomialLogisticRegression","BlobsDataset","8","7.0","1","1.0","0.4000000059604645","1.0","0.021648830150054386","1.5694851875305176","0.3632552191557934","0.5133604779839516","-0.004734293754976803","1.181989312171936"
"COUN-7334","2024-05-19 14:30:50","[""Q1_log_prob_threshold"",""19.05"",""no_plausability"",""k_ablation"",""GCE""]","GCE","MultilayerPerceptron","MoonsDataset","90","37.0","0","1.0","0.36274510622024536","1.0","0.060649796182878815","-2.2229132652282715","0.35803793574294945","0.4892206684179494","-0.013252299186431836","1.42499577999115"
"COUN-7333","2024-05-19 14:30:46","[""19.05"",""no_plausability"",""Q1_log_prob_threshold"",""GCE"",""k_ablation""]","GCE","MultilayerPerceptron","WineDataset","6","4.0","1","1.0","0.0714285746216774","1.0","0.6638500128078019","-2.84612774848938","0.5702941353480686","1.9207274368298906","0.016292114493291033","1.2898586988449097"
"COUN-7332","2024-05-19 14:30:30","[""Q1_log_prob_threshold"",""19.05"",""no_plausability"",""k_ablation"",""GCE""]","GCE","MultilayerPerceptron","MoonsDataset","80","39.0","0","0.9902912378311157","0.5","1.0","0.05735701479250567","-2.6576311588287354","0.3736479934955837","0.49090093781705946","-0.009412349564631387","1.40558922290802"
"COUN-7331","2024-05-19 14:30:23","[""19.05"",""no_plausability"",""Q1_log_prob_threshold"",""GCE"",""k_ablation""]","GCE","MultilayerPerceptron","WineDataset","4","4.0","1","1.0","0.1428571492433548","1.0","0.6860770733604369","-4.2658820152282715","0.5906134792957941","1.9942714920533555","0.014350535554041468","1.3061926364898682"
"COUN-7330","2024-05-19 14:30:15","[""no_plausability"",""Q1_log_prob_threshold"",""GCE"",""k_ablation"",""19.05""]","GCE","LogisticRegression","LawDataset","70","65.0","0","1.0","0.7752293348312378","1.0","0.04985662655553327","1.7270839214324951","0.2180110374826858","0.3491774118855732","0.039324023942287664","1.0702937841415405"
"COUN-7329","2024-05-19 14:30:15","[""k_ablation"",""Q1_log_prob_threshold"",""19.05"",""no_plausability"",""GCE""]","GCE","MultinomialLogisticRegression","BlobsDataset","6","6.0","1","1.0","0.28999999165534973","1.0","0.02174599142662264","1.4148378372192383","0.3518600487711545","0.4971534267067909","-0.010369722648670355","1.1924139261245728"
"COUN-7328","2024-05-19 14:30:00","[""Q1_log_prob_threshold"",""19.05"",""no_plausability"",""k_ablation"",""GCE""]","GCE","MultilayerPerceptron","MoonsDataset","70","37.0","0","1.0","0.3921568691730499","1.0","0.05316004278868154","-1.8353756666183472","0.3584623354252932","0.4908853040154402","-0.010501478233231545","1.346065878868103"
"COUN-7327","2024-05-19 14:30:00","[""19.05"",""no_plausability"",""Q1_log_prob_threshold"",""GCE"",""k_ablation""]","GCE","MultilayerPerceptron","WineDataset","2","2.0","1","1.0","0.0714285746216774","1.0","0.6708356133193542","-2.7472903728485107","0.5649733604009529","1.92810392778899","0.013735237607577357","1.2850520610809326"
"COUN-7326","2024-05-19 14:29:39","[""k_ablation"",""Q1_log_prob_threshold"",""19.05"",""no_plausability"",""GCE""]","GCE","MultinomialLogisticRegression","BlobsDataset","4","4.0","1","1.0","0.23000000417232513","1.0","0.021640941193426938","1.3562114238739014","0.34828128322090607","0.4920696470141411","-0.01097388943102525","1.195551872253418"
"COUN-7325","2024-05-19 14:29:37","[""Q1_log_prob_threshold"",""19.05"",""no_plausability"",""k_ablation"",""GCE""]","GCE","MultilayerPerceptron","MoonsDataset","60","35.0","0","0.9901960492134094","0.3762376308441162","1.0","0.06310357517905789","-3.573458194732666","0.3759555275755508","0.5086606656694508","-0.015475845543912674","1.4809458255767822"
"COUN-7324","2024-05-19 14:29:37","[""19.05"",""no_plausability"",""Q1_log_prob_threshold"",""GCE"",""k_ablation""]","GCE","MultilayerPerceptron","WineDataset","1","1.0","1","1.0","0.1428571492433548","1.0","0.6735058137778659","-2.5915889739990234","0.5320916450205039","1.781553517760975","0.01730738686849292","1.2713954448699951"
"COUN-7323","2024-05-19 14:29:19","[""19.05"",""no_plausability"",""Q1_log_prob_threshold"",""GCE"",""k_ablation""]","GCE","MultilayerPerceptron","WineDataset","10","4.0","0","1.0","0.0","1.0","0.6686507753179631","-1.0297545194625854","0.7342770390367327","2.5697007845155895","-0.012880012737411748","1.268583059310913"
"COUN-7322","2024-05-19 14:29:13","[""Q1_log_prob_threshold"",""19.05"",""no_plausability"",""k_ablation"",""GCE""]","GCE","MultilayerPerceptron","MoonsDataset","50","33.0","0","1.0","0.4117647111415863","1.0","0.06167760655309659","-2.870901584625244","0.36298527015918297","0.4936479952245695","-0.013880555311575674","1.4238932132720947"
"COUN-7321","2024-05-19 14:29:07","[""no_plausability"",""Q1_log_prob_threshold"",""GCE"",""k_ablation"",""19.05""]","GCE","LogisticRegression","LawDataset","60","56.0","0","1.0","0.7568807601928711","1.0","0.05184397034680933","1.6525092124938965","0.21126357882161076","0.33412276140046776","0.03848348487786664","1.073280692100525"
"COUN-7320","2024-05-19 14:29:05","[""k_ablation"",""Q1_log_prob_threshold"",""19.05"",""no_plausability"",""GCE""]","GCE","MultinomialLogisticRegression","BlobsDataset","2","2.0","1","1.0","0.23999999463558197","1.0","0.020425097183097433","1.365623950958252","0.3486096518430826","0.492594513297081","-0.010562910037010513","1.2009278535842896"
"COUN-7319","2024-05-19 14:29:01","[""19.05"",""no_plausability"",""Q1_log_prob_threshold"",""GCE"",""k_ablation""]","GCE","MultilayerPerceptron","WineDataset","8","6.0","0","1.0","0.0","1.0","0.6767584654305955","-0.11194944381713867","0.6545481433171149","2.3387242457829416","0.0013337870061587986","1.2563022375106812"
"COUN-7318","2024-05-19 14:28:50","[""Q1_log_prob_threshold"",""19.05"",""no_plausability"",""k_ablation"",""GCE""]","GCE","MultilayerPerceptron","MoonsDataset","40","27.0","0","0.9902912378311157","0.4215686321258545","1.0","0.05531025748382783","-1.9981935024261475","0.35118720535636344","0.4793705021181856","-0.009171788876687847","1.3653725385665894"
"COUN-7317","2024-05-19 14:28:39","[""19.05"",""no_plausability"",""Q1_log_prob_threshold"",""GCE"",""k_ablation""]","GCE","MultilayerPerceptron","WineDataset","6","6.0","0","1.0","0.1666666716337204","1.0","0.673248416040079","0.10484075546264648","0.6203991174597622","2.208551094712069","0.009759385649297458","1.2496815919876099"
"COUN-7316","2024-05-19 14:28:36","[""Q1_log_prob_threshold"",""19.05"",""no_plausability"",""k_ablation"",""GCE""]","GCE","MultilayerPerceptron","MoonsDataset","30","17.0","0","1.0","0.47058823704719543","1.0","0.056306346900727146","-1.72356379032135","0.3646203590985648","0.4984632167878433","-0.011476484577063671","1.3909677267074585"
"COUN-7315","2024-05-19 14:28:26","[""k_ablation"",""Q1_log_prob_threshold"",""19.05"",""no_plausability"",""GCE""]","GCE","MultinomialLogisticRegression","BlobsDataset","1","1.0","1","1.0","0.20999999344348907","1.0","0.023880420003901396","1.175184965133667","0.3402018365904197","0.4805320155620575","-0.015691622457693497","1.2195305824279785"
"COUN-7314","2024-05-19 14:28:21","[""19.05"",""no_plausability"",""Q1_log_prob_threshold"",""GCE"",""k_ablation""]","GCE","MultilayerPerceptron","WineDataset","4","4.0","0","1.0","0.0833333358168602","1.0","0.6686503435386321","0.6420409083366394","0.6618429767537981","2.3727521624726555","0.0023316893191366317","1.2540699243545532"
"COUN-7313","2024-05-19 14:28:20","[""Q1_log_prob_threshold"",""19.05"",""no_plausability"",""k_ablation"",""GCE""]","GCE","MultilayerPerceptron","MoonsDataset","20","16.0","0","1.0","0.4215686321258545","1.0","0.06598125106198922","-4.582991600036621","0.37187871107617","0.4979431363137658","-0.015525813914218735","1.5066938400268555"
"COUN-7312","2024-05-19 14:28:17","[""no_plausability"",""Q1_log_prob_threshold"",""GCE"",""k_ablation"",""19.05""]","GCE","LogisticRegression","LawDataset","50","48.0","0","1.0","0.7706422209739685","1.0","0.05044786102935665","1.6971553564071655","0.2079214865570265","0.33059803399881094","0.03953097460130088","1.0711870193481445"
"COUN-7311","2024-05-19 14:28:08","[""Q1_log_prob_threshold"",""19.05"",""no_plausability"",""k_ablation"",""GCE""]","GCE","MultilayerPerceptron","MoonsDataset","10","9.0","0","1.0","0.4215686321258545","1.0","0.07452729813882464","-6.652242660522461","0.4018717922485425","0.5296586293056059","-0.02601184184201303","1.6615185737609863"
"COUN-7310","2024-05-19 14:28:01","[""19.05"",""no_plausability"",""Q1_log_prob_threshold"",""GCE"",""k_ablation""]","GCE","MultilayerPerceptron","WineDataset","2","2.0","0","1.0","0.0833333358168602","1.0","0.6597408692127716","0.6800974011421204","0.641107270675395","2.2957974009526274","0.0060284147248549315","1.232505440711975"
"COUN-7309","2024-05-19 14:27:58","[""k_ablation"",""Q1_log_prob_threshold"",""19.05"",""no_plausability"",""GCE""]","GCE","MultinomialLogisticRegression","BlobsDataset","100","23.0","0","1.0","0.800000011920929","1.0","0.013143846082799717","2.6811788082122803","0.40825435813757266","0.574929787516594","0.01795809353716905","1.0644679069519043"
"COUN-7308","2024-05-19 14:27:43","[""19.05"",""no_plausability"",""Q1_log_prob_threshold"",""GCE"",""k_ablation""]","GCE","MultilayerPerceptron","WineDataset","1","1.0","0","1.0","0.0833333358168602","1.0","0.6661229653448396","0.4958767890930176","0.6733462737663841","2.4220395828597248","0.0014487334981043616","1.2581287622451782"
"COUN-7307","2024-05-19 14:27:42","[""Q1_log_prob_threshold"",""19.05"",""no_plausability"",""k_ablation"",""GCE""]","GCE","MultilayerPerceptron","MoonsDataset","8","8.0","0","1.0","0.5","1.0","0.0511395550911882","-2.135984420776367","0.3862435024899818","0.5289147963551074","-0.010500335991326373","1.3511534929275513"
"COUN-7306","2024-05-19 14:27:34","[""Q1_log_prob_threshold"",""19.05"",""no_plausability"",""k_ablation"",""GCE""]","GCE","MultilayerPerceptron","MoonsDataset","6","6.0","0","0.9902912378311157","0.5392156839370728","1.0","0.06334999123893816","-3.598151206970215","0.41097098287579686","0.5525758095364105","-0.01704350421537652","1.4830762147903442"
"COUN-7305","2024-05-19 14:27:33","[""k_ablation"",""Q1_log_prob_threshold"",""19.05"",""no_plausability"",""GCE""]","GCE","MultinomialLogisticRegression","BlobsDataset","90","20.0","0","1.0","0.7799999713897705","1.0","0.014999054028311058","2.6494557857513428","0.4147029644592582","0.58466368496418","0.015653751796056575","1.0669916868209839"
"COUN-7304","2024-05-19 14:27:26","[""Q1_log_prob_threshold"",""19.05"",""no_plausability"",""k_ablation"",""GCE""]","GCE","MultilayerPerceptron","MoonsDataset","4","4.0","0","1.0","0.46078431606292725","1.0","0.08124864853881733","-7.610226631164551","0.4132494321213898","0.5427063082495485","-0.027321090631894657","1.7057708501815796"
"COUN-7303","2024-05-19 14:27:22","[""no_plausability"",""Q1_log_prob_threshold"",""GCE"",""k_ablation"",""19.05""]","GCE","LogisticRegression","LawDataset","40","40.0","0","1.0","0.7339449524879456","1.0","0.05040446946521765","1.620565414428711","0.20300495742477453","0.3216149567737492","0.03896610233315341","1.0702584981918335"
"COUN-7302","2024-05-19 14:27:21","[""19.05"",""no_plausability"",""Q1_log_prob_threshold"",""GCE"",""k_ablation""]","GCE","MultinomialLogisticRegression","WineDataset","10","7.0","2","1.0","0.10000000149011612","1.0","0.6712308033694546","-1.4384044408798218","0.508633885547351","1.7894073633011431","0.01035467944562939","1.104543924331665"
"COUN-7301","2024-05-19 14:27:17","[""Q1_log_prob_threshold"",""19.05"",""no_plausability"",""k_ablation"",""GCE""]","GCE","MultilayerPerceptron","MoonsDataset","2","2.0","0","1.0","0.5643564462661743","1.0","0.07068329910666553","-5.9860663414001465","0.417051576127411","0.5619270135994336","-0.02096581414389936","1.6325113773345947"
"COUN-7300","2024-05-19 14:27:07","[""Q1_log_prob_threshold"",""19.05"",""no_plausability"",""k_ablation"",""GCE""]","GCE","MultilayerPerceptron","MoonsDataset","1","1.0","0","1.0","0.4554455578327179","1.0","0.08865886569345639","-12.037944793701172","0.457634535535163","0.566959678077849","-0.03477462712936902","1.9528826475143433"
"COUN-7299","2024-05-19 14:27:05","[""k_ablation"",""Q1_log_prob_threshold"",""19.05"",""no_plausability"",""GCE""]","GCE","MultinomialLogisticRegression","BlobsDataset","80","19.0","0","1.0","0.8799999952316284","1.0","0.012298676283539369","2.793951988220215","0.422499477363292","0.595248341858387","0.022030659855262008","1.0576194524765015"
"COUN-7298","2024-05-19 14:27:01","[""19.05"",""no_plausability"",""Q1_log_prob_threshold"",""GCE"",""k_ablation""]","GCE","MultinomialLogisticRegression","WineDataset","8","4.0","2","1.0","0.10000000149011612","1.0","0.67668774353754","-1.7929050922393799","0.5726823642687477","2.0286668395157905","0.0086988622372438","1.13787841796875"
"COUN-7297","2024-05-19 14:26:42","[""k_ablation"",""Q1_log_prob_threshold"",""19.05"",""no_plausability"",""GCE""]","GCE","MultinomialLogisticRegression","BlobsDataset","70","20.0","0","1.0","0.8600000143051147","1.0","0.01213215463396017","2.7676422595977783","0.42211575229600645","0.5953726732730865","0.01905569707479927","1.057033896446228"
"COUN-7296","2024-05-19 14:26:41","[""Q1_log_prob_threshold"",""19.05"",""no_plausability"",""k_ablation"",""GCE""]","GCE","LogisticRegression","MoonsDataset","90","48.0","0","1.0","0.3444444537162781","1.0","0.04693514766586322","-0.026140382513403893","0.32752580478507154","0.45071759114507587","-0.0025901717122762268","1.345804214477539"
"COUN-7295","2024-05-19 14:26:40","[""19.05"",""no_plausability"",""Q1_log_prob_threshold"",""GCE"",""k_ablation""]","GCE","MultinomialLogisticRegression","WineDataset","6","6.0","2","1.0","0.10000000149011612","1.0","0.6801481705080035","-1.6076726913452148","0.5168706814129421","1.8408778091426938","0.015700451092070418","1.1108102798461914"
"COUN-7294","2024-05-19 14:26:24","[""no_plausability"",""Q1_log_prob_threshold"",""GCE"",""k_ablation"",""19.05""]","GCE","LogisticRegression","LawDataset","30","30.0","0","1.0","0.7431192398071289","1.0","0.05172477991004947","1.5651710033416748","0.19684046592263937","0.3088441646461367","0.03949754231799264","1.0712618827819824"
"COUN-7293","2024-05-19 14:26:18","[""19.05"",""no_plausability"",""Q1_log_prob_threshold"",""GCE"",""k_ablation""]","GCE","MultinomialLogisticRegression","WineDataset","4","4.0","2","1.0","0.10000000149011612","1.0","0.6816869543080828","-1.7873340845108032","0.5064550754558294","1.799992356961593","0.01335115155370103","1.1068758964538574"
"COUN-7292","2024-05-19 14:26:18","[""k_ablation"",""Q1_log_prob_threshold"",""19.05"",""no_plausability"",""GCE""]","GCE","MultinomialLogisticRegression","BlobsDataset","60","24.0","0","1.0","0.8399999737739563","1.0","0.013460908569311321","2.6792755126953125","0.407635320098863","0.5747393909096717","0.017484853626629118","1.0642768144607544"
"COUN-7291","2024-05-19 14:26:14","[""Q1_log_prob_threshold"",""19.05"",""no_plausability"",""k_ablation"",""GCE""]","GCE","LogisticRegression","MoonsDataset","80","42.0","0","1.0","0.4000000059604645","1.0","0.04696271745032019","0.008057366125285625","0.3263664250265017","0.4478950638556853","1.1993552907809309E-4","1.3654460906982422"
"COUN-7290","2024-05-19 14:25:56","[""19.05"",""no_plausability"",""Q1_log_prob_threshold"",""GCE"",""k_ablation""]","GCE","MultinomialLogisticRegression","WineDataset","2","2.0","2","1.0","0.10000000149011612","1.0","0.6690974446179668","-1.2708107233047485","0.5372915486645535","1.9028333464171738","0.015142525233669862","1.1137185096740723"
"COUN-7289","2024-05-19 14:25:52","[""k_ablation"",""Q1_log_prob_threshold"",""19.05"",""no_plausability"",""GCE""]","GCE","MultinomialLogisticRegression","BlobsDataset","50","24.0","0","1.0","0.8100000023841858","1.0","0.013950032661668626","2.682276725769043","0.40738138649994887","0.5745253130793572","0.017834381047807574","1.060325264930725"
"COUN-7288","2024-05-19 14:25:52","[""Q1_log_prob_threshold"",""19.05"",""no_plausability"",""k_ablation"",""GCE""]","GCE","LogisticRegression","MoonsDataset","70","50.0","0","1.0","0.3888888955116272","1.0","0.04850844530939506","-0.07241776585578918","0.33568756460642507","0.4661733350638921","-3.952862569013498E-4","1.345559000968933"
"COUN-7287","2024-05-19 14:25:33","[""no_plausability"",""Q1_log_prob_threshold"",""GCE"",""k_ablation"",""19.05""]","GCE","LogisticRegression","LawDataset","20","20.0","0","1.0","0.7293577790260315","1.0","0.052555882768735226","1.524744987487793","0.18995278302771923","0.2976576733753222","0.03977119615908275","1.0707980394363403"
"COUN-7286","2024-05-19 14:25:33","[""19.05"",""no_plausability"",""Q1_log_prob_threshold"",""GCE"",""k_ablation""]","GCE","MultinomialLogisticRegression","WineDataset","1","1.0","2","1.0","0.10000000149011612","1.0","0.6735109219950773","-1.3795497417449951","0.5149930782201235","1.8275347651448102","0.012563592192285306","1.104367733001709"
"COUN-7285","2024-05-19 14:25:23","[""Q1_log_prob_threshold"",""19.05"",""no_plausability"",""k_ablation"",""GCE""]","GCE","LogisticRegression","MoonsDataset","60","41.0","0","1.0","0.3222222328186035","1.0","0.04178218138417227","0.22532352805137634","0.3199606871560212","0.43898228819016366","1.2758287749272925E-5","1.3130383491516113"
"COUN-7284","2024-05-19 14:25:22","[""k_ablation"",""Q1_log_prob_threshold"",""19.05"",""no_plausability"",""GCE""]","GCE","MultinomialLogisticRegression","BlobsDataset","40","20.0","0","1.0","0.7900000214576721","1.0","0.01410513762445414","2.628361701965332","0.40120014358176853","0.5641556665301323","0.016488729087725196","1.0678168535232544"
"COUN-7283","2024-05-19 14:25:15","[""19.05"",""no_plausability"",""Q1_log_prob_threshold"",""GCE"",""k_ablation""]","GCE","MultinomialLogisticRegression","WineDataset","10","6.0","1","1.0","0.0714285746216774","1.0","0.6649955626095261","-8.083074569702148","0.4569070992771258","1.5625315619898694","0.024211765587012178","1.2339918613433838"
"COUN-7282","2024-05-19 14:24:55","[""19.05"",""no_plausability"",""Q1_log_prob_threshold"",""GCE"",""k_ablation""]","GCE","MultinomialLogisticRegression","WineDataset","8","5.0","1","1.0","0.0714285746216774","1.0","0.6648326511598646","-7.083788871765137","0.46659764032234374","1.594965850402202","0.02351174285625397","1.2372874021530151"
"COUN-7281","2024-05-19 14:24:53","[""k_ablation"",""Q1_log_prob_threshold"",""19.05"",""no_plausability"",""GCE""]","GCE","MultinomialLogisticRegression","BlobsDataset","30","16.0","0","1.0","0.7400000095367432","1.0","0.013968410647735161","2.5521559715270996","0.3956504087891417","0.5576876863837242","0.01296352481066133","1.074866533279419"
"COUN-7280","2024-05-19 14:24:53","[""Q1_log_prob_threshold"",""19.05"",""no_plausability"",""k_ablation"",""GCE""]","GCE","LogisticRegression","MoonsDataset","50","41.0","0","1.0","0.3888888955116272","1.0","0.03912049586921679","0.20771484076976776","0.31562993848578846","0.43215457811796415","0.0017232807904388092","1.317352294921875"
"COUN-7279","2024-05-19 14:24:45","[""no_plausability"",""Q1_log_prob_threshold"",""GCE"",""k_ablation"",""19.05""]","GCE","LogisticRegression","LawDataset","10","10.0","0","1.0","0.7339449524879456","1.0","0.05237312668308736","1.5200209617614746","0.1871925335707923","0.2939550162660419","0.03974963710095494","1.071810245513916"
"COUN-7278","2024-05-19 14:24:33","[""19.05"",""no_plausability"",""Q1_log_prob_threshold"",""GCE"",""k_ablation""]","GCE","MultinomialLogisticRegression","WineDataset","6","6.0","1","1.0","0.0","1.0","0.6712892902960023","-7.546759605407715","0.5089206748596281","1.733569301398737","0.01867921962258556","1.2588183879852295"
"COUN-7277","2024-05-19 14:24:30","[""Q1_log_prob_threshold"",""19.05"",""no_plausability"",""k_ablation"",""GCE""]","GCE","LogisticRegression","MoonsDataset","40","32.0","0","1.0","0.4333333373069763","1.0","0.04685569561230311","0.14197444915771484","0.3352448045449718","0.4640122854694103","-3.0910053217346684E-4","1.3741861581802368"
"COUN-7276","2024-05-19 14:24:28","[""k_ablation"",""Q1_log_prob_threshold"",""19.05"",""no_plausability"",""GCE""]","GCE","MultinomialLogisticRegression","BlobsDataset","20","11.0","0","1.0","0.7699999809265137","1.0","0.014222889828242755","2.6128287315368652","0.3957310318285184","0.5567908808588982","0.015800407863577757","1.0728752613067627"
"COUN-7275","2024-05-19 14:24:11","[""19.05"",""no_plausability"",""Q1_log_prob_threshold"",""GCE"",""k_ablation""]","GCE","MultinomialLogisticRegression","WineDataset","4","4.0","1","1.0","0.0714285746216774","1.0","0.6634497667707461","-7.540425777435303","0.5154588596396206","1.7778921114014727","0.019797089768374767","1.2560826539993286"
"COUN-7274","2024-05-19 14:24:06","[""Q1_log_prob_threshold"",""19.05"",""no_plausability"",""k_ablation"",""GCE""]","GCE","LogisticRegression","MoonsDataset","30","30.0","0","1.0","0.3222222328186035","1.0","0.04254659060898746","0.12667380273342133","0.32306762612317175","0.44618760312441735","-8.085100368551572E-4","1.3481361865997314"
"COUN-7273","2024-05-19 14:24:05","[""k_ablation"",""Q1_log_prob_threshold"",""19.05"",""no_plausability"",""GCE""]","GCE","MultinomialLogisticRegression","BlobsDataset","10","10.0","0","1.0","0.7099999785423279","1.0","0.015366482176669107","2.4747118949890137","0.38809938890172313","0.5474746251106262","0.011469908264500834","1.086305856704712"
"COUN-7272","2024-05-19 14:24:00","[""no_plausability"",""Q1_log_prob_threshold"",""GCE"",""k_ablation"",""19.05""]","GCE","LogisticRegression","LawDataset","8","8.0","0","1.0","0.6926605701446533","1.0","0.05398069588663211","1.4427231550216675","0.18154925718487816","0.28394704889676986","0.04003789399012401","1.0721572637557983"
"COUN-7271","2024-05-19 14:23:51","[""19.05"",""no_plausability"",""Q1_log_prob_threshold"",""GCE"",""k_ablation""]","GCE","MultinomialLogisticRegression","WineDataset","2","2.0","1","1.0","0.0714285746216774","1.0","0.6629644484753073","-6.598033428192139","0.47685432712893344","1.6565869969448872","0.020240504521527567","1.2384817600250244"
"COUN-7270","2024-05-19 14:23:44","[""k_ablation"",""Q1_log_prob_threshold"",""19.05"",""no_plausability"",""GCE""]","GCE","MultinomialLogisticRegression","BlobsDataset","8","8.0","0","1.0","0.6899999976158142","1.0","0.015064222782087737","2.48481822013855","0.3918226529379963","0.553035891354084","0.011273634047526335","1.0881372690200806"
"COUN-7269","2024-05-19 14:23:41","[""Q1_log_prob_threshold"",""19.05"",""no_plausability"",""k_ablation"",""GCE""]","GCE","LogisticRegression","MoonsDataset","20","19.0","0","1.0","0.3222222328186035","1.0","0.038665241405048706","0.39496782422065735","0.3062214569514491","0.41954167392363567","8.432639428375953E-4","1.3212082386016846"
"COUN-7268","2024-05-19 14:23:29","[""19.05"",""no_plausability"",""Q1_log_prob_threshold"",""GCE"",""k_ablation""]","GCE","MultinomialLogisticRegression","WineDataset","1","1.0","1","1.0","0.0714285746216774","1.0","0.6708831224217728","-7.236410617828369","0.46699858713271364","1.6070005028907741","0.020988414000848138","1.2418161630630493"
"COUN-7267","2024-05-19 14:23:22","[""k_ablation"",""Q1_log_prob_threshold"",""19.05"",""no_plausability"",""GCE""]","GCE","MultinomialLogisticRegression","BlobsDataset","6","6.0","0","1.0","0.699999988079071","1.0","0.015788118551642652","2.434509038925171","0.38571761214138695","0.54421531021595","0.009691489643599787","1.093529224395752"
"COUN-7266","2024-05-19 14:23:17","[""no_plausability"",""Q1_log_prob_threshold"",""GCE"",""k_ablation"",""19.05""]","GCE","LogisticRegression","LawDataset","6","6.0","0","1.0","0.71100914478302","1.0","0.0533334149270469","1.4817010164260864","0.182888437335118","0.28621011620404524","0.04011584703261585","1.071660041809082"
"COUN-7265","2024-05-19 14:23:16","[""Q1_log_prob_threshold"",""19.05"",""no_plausability"",""k_ablation"",""GCE""]","GCE","LogisticRegression","MoonsDataset","10","10.0","0","1.0","0.25555557012557983","1.0","0.03360288301766893","0.3855961263179779","0.29202559643907716","0.39687981711338377","0.001734924879349405","1.2871922254562378"
"COUN-7264","2024-05-19 14:23:09","[""19.05"",""no_plausability"",""Q1_log_prob_threshold"",""GCE"",""k_ablation""]","GCE","MultinomialLogisticRegression","WineDataset","10","5.0","0","1.0","0.0833333358168602","1.0","0.5986058322846958","1.801152229309082","0.577903210496403","1.8938061490965385","0.027682049594025815","1.1544852256774902"
"COUN-7263","2024-05-19 14:22:48","[""Q1_log_prob_threshold"",""19.05"",""no_plausability"",""k_ablation"",""GCE""]","GCE","LogisticRegression","MoonsDataset","8","8.0","0","1.0","0.14444445073604584","1.0","0.03324962919870501","0.29666152596473694","0.27768739205688325","0.3763687598855338","0.0029636539399340222","1.2772538661956787"
"COUN-7262","2024-05-19 14:22:45","[""19.05"",""no_plausability"",""Q1_log_prob_threshold"",""GCE"",""k_ablation""]","GCE","MultinomialLogisticRegression","WineDataset","8","5.0","0","1.0","0.0833333358168602","1.0","0.5979686188119313","1.7624200582504272","0.6209209720316707","2.0558010688982904","0.0194774200948766","1.1500943899154663"
"COUN-7261","2024-05-19 14:22:43","[""k_ablation"",""Q1_log_prob_threshold"",""19.05"",""no_plausability"",""GCE""]","GCE","MultinomialLogisticRegression","BlobsDataset","4","4.0","0","1.0","0.46000000834465027","1.0","0.017791962503622753","2.0506277084350586","0.3561240182689349","0.49948603570461275","-0.003750299858313125","1.139926791191101"
"COUN-7260","2024-05-19 14:22:31","[""no_plausability"",""Q1_log_prob_threshold"",""GCE"",""k_ablation"",""19.05""]","GCE","LogisticRegression","LawDataset","4","4.0","0","1.0","0.6880733966827393","1.0","0.054336655151947466","1.4288618564605713","0.1787844969823085","0.2789171358587545","0.040203053150276946","1.0711283683776855"
"COUN-7259","2024-05-19 14:22:22","[""19.05"",""no_plausability"",""Q1_log_prob_threshold"",""GCE"",""k_ablation""]","GCE","MultinomialLogisticRegression","WineDataset","6","6.0","0","1.0","0.0833333358168602","1.0","0.5997860170260388","2.0777862071990967","0.5879400697415637","1.9504214328092833","0.02738591561064807","1.1508769989013672"
"COUN-7258","2024-05-19 14:22:20","[""Q1_log_prob_threshold"",""19.05"",""no_plausability"",""k_ablation"",""GCE""]","GCE","LogisticRegression","MoonsDataset","6","6.0","0","1.0","0.21111111342906952","1.0","0.03422591524198194","0.34070858359336853","0.2842140161149451","0.3852090929764219","0.001823458016791428","1.2813154458999634"
"COUN-7257","2024-05-19 14:21:57","[""19.05"",""no_plausability"",""Q1_log_prob_threshold"",""GCE"",""k_ablation""]","GCE","MultinomialLogisticRegression","WineDataset","4","3.0","0","1.0","0.0833333358168602","1.0","0.592233185989936","2.1225130558013916","0.6215860628180673","2.071002979607632","0.020124164358935034","1.149557113647461"
"COUN-7256","2024-05-19 14:21:56","[""k_ablation"",""Q1_log_prob_threshold"",""19.05"",""no_plausability"",""GCE""]","GCE","MultinomialLogisticRegression","BlobsDataset","2","2.0","0","1.0","0.28999999165534973","1.0","0.018441101641072943","1.8500927686691284","0.35057127354467577","0.48927965104579924","-0.008291076753585466","1.1776334047317505"
"COUN-7255","2024-05-19 14:21:52","[""Q1_log_prob_threshold"",""19.05"",""no_plausability"",""k_ablation"",""GCE""]","GCE","LogisticRegression","MoonsDataset","4","4.0","0","1.0","0.15555556118488312","1.0","0.033559081382670594","0.31368446350097656","0.27869084567882035","0.378490283818812","0.0023085181425474186","1.2818385362625122"
"COUN-7254","2024-05-19 14:21:43","[""no_plausability"",""Q1_log_prob_threshold"",""GCE"",""k_ablation"",""19.05""]","GCE","LogisticRegression","LawDataset","2","2.0","0","1.0","0.7064220309257507","1.0","0.05426058653897357","1.4334888458251953","0.1793939118063465","0.2801068914592813","0.04013849491500663","1.0720229148864746"
"COUN-7253","2024-05-19 14:21:32","[""19.05"",""no_plausability"",""Q1_log_prob_threshold"",""GCE"",""k_ablation""]","GCE","MultinomialLogisticRegression","WineDataset","2","2.0","0","1.0","0.0833333358168602","1.0","0.5947509076389562","2.203683614730835","0.6068543048162812","2.0245628625464938","0.02463218486749624","1.1452581882476807"
"COUN-7252","2024-05-19 14:21:23","[""Q1_log_prob_threshold"",""19.05"",""no_plausability"",""k_ablation"",""GCE""]","GCE","LogisticRegression","MoonsDataset","2","2.0","0","1.0","0.1111111119389534","1.0","0.034172217320242365","0.2298804670572281","0.2713670069697222","0.3667672179458249","0.002311059868178298","1.2737632989883423"
"COUN-7251","2024-05-19 14:21:11","[""k_ablation"",""Q1_log_prob_threshold"",""19.05"",""no_plausability"",""GCE""]","GCE","MultinomialLogisticRegression","BlobsDataset","1","1.0","0","1.0","0.30000001192092896","1.0","0.019362032246275297","1.6685791015625","0.34090004432002163","0.47662202537059783","-0.015073456074089789","1.202695369720459"
"COUN-7250","2024-05-19 14:21:06","[""19.05"",""no_plausability"",""Q1_log_prob_threshold"",""GCE"",""k_ablation""]","GCE","MultinomialLogisticRegression","WineDataset","1","1.0","0","1.0","0.0833333358168602","1.0","0.5949553944264607","2.303663730621338","0.5439352328931016","1.7957153048676748","0.03239102611626164","1.1274733543395996"
"COUN-7249","2024-05-19 14:20:59","[""no_plausability"",""Q1_log_prob_threshold"",""GCE"",""k_ablation"",""19.05""]","GCE","LogisticRegression","LawDataset","1","1.0","0","1.0","0.6926605701446533","1.0","0.054234769403711525","1.4313794374465942","0.1790227183405504","0.2797243862387237","0.040175237155943275","1.0711416006088257"
"COUN-7248","2024-05-19 14:20:57","[""Q1_log_prob_threshold"",""19.05"",""no_plausability"",""k_ablation"",""GCE""]","GCE","LogisticRegression","MoonsDataset","1","1.0","0","1.0","0.12222222238779068","1.0","0.03309942025656046","0.264504998922348","0.27475170516508457","0.37116029028935976","0.0026872030307517557","1.2754637002944946"
