x1,x2,y
-0.12176085264984693,-0.7545768801622209,0.3745401188473625
1.0120751820027931,0.9571101782495868,0.9507143064099162
0.14889380169509658,0.6053788089994293,0.7319939418114051
-0.2253562107313446,0.03182503597889358,0.5986584841970366
-0.5741081202698981,-1.2042431596196197,0.15601864044243652
-1.2932277208537633,-0.7827045255132663,0.15599452033620265
-1.1315804228859023,-1.4038635740924577,0.05808361216819946
1.353729879452272,1.4856182698525107,0.8661761457749352
0.1486159115133753,0.43992439285064483,0.6011150117432088
0.602900257561058,0.4151541808537528,0.7080725777960455
-1.7613076062575659,-1.4825346478264547,0.020584494295802447
1.4811039510453672,0.7523673834678317,0.9699098521619943
1.2867992834390005,0.7282577963846469,0.8324426408004217
-0.8484771850352328,-0.8158417953627402,0.21233911067827616
-1.3348513447489916,-1.4039077036846332,0.18182496720710062
-0.747011906689778,-0.7061897642166812,0.18340450985343382
-1.338709050219534,-0.8748212655500761,0.3042422429595377
-0.04674335062399698,-0.8264495026971431,0.5247564316322378
-0.5605998528459049,0.0535840586282946,0.43194501864211576
-0.9380719739456473,-0.10046049715836908,0.2912291401980419
0.22663811477723428,0.8800499378016744,0.6118528947223795
-2.103097686539646,-1.7095083746372515,0.13949386065204183
-0.7785148108087644,0.22786139181756515,0.29214464853521815
-1.0330381040658096,-1.035873878687374,0.3663618432936917
0.143757715553611,-0.020951540612830735,0.45606998421703593
1.7415322466228247,0.7788666695202305,0.7851759613930136
-0.21839980651078372,-0.471610633962679,0.19967378215835974
-0.0002515295454332961,0.11813933078302663,0.5142344384136116
-0.21945774040287774,-0.7281674491117927,0.5924145688620425
-1.7830986173292815,-1.34950681600208,0.046450412719997725
0.1744124860639816,0.4543499816553819,0.6075448519014384
-0.5418783588427607,-0.10913009656194195,0.17052412368729153
-1.5111761640497343,-0.7719413201694065,0.06505159298527952
0.5799876808812344,1.5907838958250518,0.9488855372533332
1.841473325134998,0.9990487007784918,0.9656320330745594
1.3689402571919547,0.6710542746834863,0.8083973481164611
-0.5806510247414359,0.23900955195526874,0.3046137691733707
-1.7497955183734208,-1.528711366508689,0.09767211400638387
0.83580994479518,0.8375003359833654,0.6842330265121569
-0.0734127755372947,0.29612216235928945,0.4401524937396013
-0.8454575152235283,-1.3280826195761395,0.12203823484477883
-1.222727542323423,-0.008304870434596021,0.4951769101112702
-1.0009148140346216,-0.8260485361616812,0.034388521115218396
1.0040721352041582,0.819774384625033,0.9093204020787821
-1.5557718438177575,-0.07466584990949887,0.2587799816000169
0.7770274268422188,0.1311045513885246,0.662522284353982
0.2901354867913617,-0.09351776495139952,0.31171107608941095
-0.3816610373264696,0.6391647728713822,0.5200680211778108
0.3338878165702013,0.36242501473811545,0.5467102793432796
-1.2407214254875405,-0.23568859566615652,0.18485445552552704
0.3195338893541688,-0.19053136116775038,0.9695846277645586
0.7961660555649869,1.0767221544060077,0.7751328233611146
0.5167896038003067,1.2245035838044196,0.9394989415641891
0.9931612717064516,0.4512704634777932,0.8948273504276488
-0.2754716880162563,0.33463733733380546,0.5978999788110851
0.7385325411191083,0.6990602438315399,0.9218742350231168
-2.0498594080163857,-0.844503259541543,0.0884925020519195
-1.7474497222850327,-0.9190399413988666,0.1959828624191452
-1.3207611993514599,-0.7983585091667025,0.045227288910538066
-0.9002871168903773,-1.0728771504053016,0.32533033076326434
-0.4122774691694522,-0.49070325765779227,0.388677289689482
-1.0261087095739971,-0.0503583800020701,0.2713490317738959
0.8817467131483987,0.6003385061585006,0.8287375091519293
0.03889415330026669,0.47197160295548424,0.3567533266935893
-1.522032717526621,0.024604720995972607,0.28093450968738076
0.22133262363170136,0.2734791317468115,0.5426960831582485
-1.6006128357979255,-0.2969798273409129,0.14092422497476265
0.8815777421495612,0.7316434272160134,0.8021969807540397
-1.618583613610947,-1.019942483246163,0.07455064367977082
1.627499462803063,1.2061385343075859,0.9868869366005173
0.5583341581314217,-0.19726123864640466,0.7722447692966574
-0.7896460321965287,-0.8816968911384435,0.1987156815341724
-1.6739412764008317,-1.9389715989157508,0.005522117123602399
1.1210130760457093,0.9657010798291497,0.8154614284548342
-0.12138457364534616,-0.2001754275046801,0.7068573438476171
0.47608220535829904,1.282899968403438,0.7290071680409873
2.0766665077963298,0.3718672942837675,0.7712703466859457
-1.3630099203904278,-1.1824944859569928,0.07404465173409036
-0.11041281267268077,0.3348742745344121,0.3584657285442726
-1.126614470703948,-1.0448681317784154,0.11586905952512971
1.4871859349850092,1.4958146693627787,0.8631034258755935
0.08008000220508898,-0.031855405784971313,0.6232981268275579
-1.1292268507644931,-1.386702876126816,0.3308980248526492
-0.39342099935293373,-0.5217451183435725,0.06355835028602363
-0.6070529950486555,-0.28125774416539456,0.3109823217156622
-0.49736904800411497,-0.14329053510306208,0.32518332202674705
0.9269718169517382,1.4046487172150703,0.7296061783380641
0.16738500523851466,0.6713534272126942,0.6375574713552131
0.8789852987868277,0.7940116283050181,0.8872127425763265
-0.47373651926199656,-0.12485371282040075,0.4722149251619493
-1.791876012721963,-0.5696302562104609,0.1195942459383017
0.3635723989631577,0.5838400239790889,0.713244787222995
0.4583687470524726,1.026182350360138,0.7607850486168974
0.052097608621527014,0.967083733060743,0.5612771975694962
1.197457299344834,0.08952765021187642,0.770967179954561
0.09308576256004189,-0.28346388542312884,0.49379559636439074
-0.17268992224790397,-0.48592695911451733,0.5227328293819941
0.48102378481497166,-0.5936154336548147,0.42754101835854963
-0.5860264021244763,-1.570173614054142,0.02541912674409519
-0.6027204020033555,0.06365623280100163,0.10789142699330445
-1.895116661497472,-1.0954450847038708,0.03142918568673425
0.8900526451481836,0.6231362929441489,0.6364104112637804
-0.2596043404660069,-0.7484989371746162,0.3143559810763267
-0.9267906920696763,-0.265014158585761,0.5085706911647028
1.3229296276978912,0.9075336146366643,0.907566473926093
-0.33212374103464104,-1.247543744079704,0.24929222914887494
0.024966751100954865,-0.30858559600385066,0.41038292303562973
1.3238192649144582,0.798251509697836,0.7555511385430487
-1.848382583293541,-1.0132180216034852,0.22879816549162246
-1.1383441336800102,-0.44277312025221727,0.07697990982879299
-1.5448861495391357,-0.647833189254868,0.289751452913768
-0.880156235946239,-0.9115522506863512,0.16122128725400442
0.8502914137358721,0.7237822706567644,0.9296976523425731
0.3284262522762158,0.48508077820914636,0.808120379564417
0.02812035734046875,-0.30527259991611966,0.6334037565104235
0.4254824255805929,0.3089920327265625,0.8714605901877177
0.08109823501231028,-0.40318326236290103,0.8036720768991145
-1.832129192859034,-1.2190761174584104,0.18657005888603584
1.616861880720319,0.8734752089835036,0.8925589984899778
0.16504856744086685,0.33853038552984743,0.5393422419156507
0.8153191823047429,0.22954153387278659,0.8074401551640625
0.6534309039055912,1.501530427734977,0.8960912999234932
-1.4945840597448958,-0.8751053194627069,0.3180034749718639
-1.2188912668445597,-0.755048482825001,0.11005192452767676
-0.8525495795941952,-1.110554547438892,0.22793516254194168
0.3318366163831048,-0.5937147706589887,0.4271077886262563
0.5954140455549617,0.6964767043084932,0.8180147659224931
0.9147323121206473,1.418708009647489,0.8607305832563434
-0.5114071046633184,-1.0008438351012963,0.006952130531190703
-0.34372881373439845,0.27877125532115493,0.5107473025775657
-0.9467915348592195,-0.9523557815133977,0.417411003148779
-1.3466350224069443,-0.9765476050289839,0.22210781047073025
-1.282224643774462,-0.40615053700685755,0.1198653673336828
-0.40105354627975065,-1.0868046526996558,0.33761517140362796
0.2609609382670004,0.7781278151043637,0.9429097039125192
-0.32820885901300256,0.012477387822048436,0.32320293202075523
-0.24957734019361777,-0.06416932856960074,0.5187906217433661
1.0471425083762995,0.3947775903663259,0.7030189588951778
-0.6959734712414228,0.12019762222583164,0.363629602379294
1.2464596396072358,0.6167399381693333,0.9717820827209607
1.7402037336930656,-0.29807411600075984,0.9624472949421112
-0.8574790972681222,-1.4997031385410289,0.25178229582536416
0.45311113759099925,-0.23428157864615368,0.49724850589238545
-0.26610522365497435,0.47104904361037936,0.30087830981676966
-0.5072241790650767,-0.14009503276028973,0.2848404943774676
-1.4883262678771572,-0.7525657344221018,0.036886947354532795
0.6188442690239639,-0.22924570754873902,0.6095643339798968
-0.348812898393848,-0.5330024780284146,0.5026790232288615
-0.4819205455013452,-0.4479401029494599,0.05147875124998935
-1.608359116987448,-0.732734199654658,0.27864646423661144
1.482893216429477,0.834319793715501,0.9082658859666537
-1.1553603357371678,0.27955007984636315,0.23956189066697242
-1.360155531342868,-0.714191219144244,0.1448948720912231
-0.5919027627031578,-0.33291812480333643,0.489452760277563
1.632599531394185,1.0051530806800546,0.9856504541106007
-0.729634442099657,-0.5009600855072103,0.2420552715115004
0.15050448460436716,0.08590943930266687,0.6721355474058786
0.4503800137243148,0.21962511946797758,0.7616196153287176
-0.31531405263058165,-1.2075282535333773,0.23763754399239967
0.15213508380082952,0.2229285087982958,0.7282163486118596
-0.1412960643069111,-1.5886331290682627,0.3677831327192532
-0.5795979818172322,-0.5712596592386597,0.6323058305935795
0.12886064967730348,-0.49214193886292945,0.6335297107608947
0.07914371735424622,-0.5046020842763559,0.5357746840747585
-1.4152262646460945,0.04215607249231845,0.0902897700544083
1.0428393874090325,0.8138210395328439,0.835302495589238
-1.0858237146549872,-0.5256800227434567,0.32078006497173583
-1.1064729504617905,-0.5646064847120539,0.18651851039985423
-2.5277918375649886,-1.8467444891370974,0.040775141554763916
-0.09288134048931762,0.44906153122893394,0.5908929431882418
-0.305998552882885,0.3247349834513495,0.6775643618422824
-1.468135971369246,-1.58207717657083,0.016587828927856152
-0.4628517723131906,-0.9685581690645365,0.512093058299281
-0.7747157745846706,-0.9080378744861008,0.22649577519793795
0.38271232196776267,0.42206122165535687,0.6451727904094499
-1.240309281737212,-0.6349790632017998,0.17436642900499144
-0.32500408667793346,-0.08053751896428113,0.690937738102466
-0.46747062118014804,0.18094150773632617,0.3867353463005374
1.0469614443087036,0.022154669177561148,0.9367299887367345
-1.5558876003126323,-0.7218614658302842,0.13752094414599325
-0.683627498546737,0.2443375286817825,0.3410663510502585
-1.11889825126516,-0.6752305958749788,0.11347352124058907
1.353985114066651,0.9199699498113273,0.9246936182785628
2.030789916817861,0.6988802722668352,0.877339353380981
-1.2828345740482718,-1.3642870549074428,0.2579416277151556
1.509916269362164,-0.00865037846110761,0.659984046034179
1.5989555313630208,0.4438213733809667,0.8172222002012158
-0.8878799544435021,-0.18091862192181124,0.5552008115994623
-0.1522924750312827,1.0558364866304437,0.5296505783560065
-1.1673699057556908,-0.99396081912005,0.24185229090045168
-0.5939333741350085,0.8807132359343637,0.09310276780589921
2.284965201730305,0.7825068869979732,0.8972157579533268
0.08310800669099216,1.211244923861017,0.9004180571633305
-0.4154796630610862,-0.07331702837603687,0.6331014572732679
-0.9889268412286186,-0.26808696428679124,0.3390297910487007
-0.8919395204910383,-0.496864708510305,0.3492095746126609
0.6433377599573812,0.39202461877769174,0.7259556788702394
1.6283614545837777,0.9877947273893017,0.8971102599525771
2.006847494602877,1.3826566531985849,0.8870864242651173
1.6003538217471578,0.5731661301207994,0.7798755458576239
-0.016290516397512778,0.6709215132312354,0.6420316461542878
-1.2918968891624518,-1.6924828974100357,0.08413996499504883
-0.7755467594279001,0.005198141462132377,0.16162871409461377
1.7291469462805624,1.0954721997390813,0.8985541885270792
0.2997973584208085,-0.31175635592107775,0.6064290596595899
-1.1830739020797627,-1.4574636741505778,0.009197051616629648
-0.9857306561979762,-0.46498612219126984,0.1014715428660321
1.1501561231293336,1.0737549232359014,0.6635017691080558
-1.6162774820765344,-0.8018822831607956,0.005061583846218687
-1.4741861154788127,-0.3172887964933777,0.16080805141749865
0.19508316139406107,-0.09025531456550562,0.5487337893665861
0.3777796630699818,0.5150718646996431,0.6918951976926933
0.4218458066979678,0.29869971955134533,0.6519612595026005
-0.3178169936989713,-0.5024721486939459,0.22426930946055978
0.8698707324418404,1.5269036698047425,0.7121792213475359
-0.008602342570454002,-0.2812717436502915,0.23724908749680007
-0.4039827161159299,0.21512528691675803,0.3253996981592677
0.5640338324080126,1.012377406983528,0.7464914051180241
0.7041158320048324,0.6452981031255423,0.6496328990472147
0.9051416965131445,1.7156188994089534,0.8492234104941779
0.9693530750277326,0.8658735951940667,0.6576128923003434
-0.2078251287679918,0.03202989157940572,0.5683086033354716
-1.0960491276673037,-0.7849644362231362,0.09367476782809248
-0.380575172299767,-0.329189724330552,0.3677158030594335
-1.7356013764494007,-0.11189361484512333,0.26520236768172545
-0.14830683453980653,-0.7487390603888338,0.24398964337908358
0.8035492397462307,1.822522205669617,0.9730105547524456
-0.3494604280413556,0.626002173674646,0.3930977246667604
0.5042987523791639,-0.031679336648397394,0.8920465551771133
-0.29786338151654324,0.5791602259536808,0.6311386259972629
1.1201268129798856,0.6665526826743519,0.7948113035416484
0.5487611125366647,-0.10625547027842792,0.5026370931051921
0.857700014893099,-0.0005078876590847714,0.5769038846263591
0.15750974353315508,-0.2795028623388358,0.4925176938188639
-0.6305554859006828,-1.2064740111482923,0.1952429877980445
0.2943017154303255,0.5921096139744423,0.7224521152615053
0.21313626102794503,0.4382321259566412,0.2807723624408558
-1.7133782158057014,-1.81125600386404,0.02431596643145384
-0.48112024474938475,-0.20502194064186485,0.6454722959071678
-0.6127519398014956,-0.39722511359264623,0.17711067940704894
1.0313871362214495,0.6944835098012287,0.9404585843529143
1.3356063412714099,0.4030968622027207,0.9539285770025874
1.5232518754618303,0.3036148747233538,0.9148643902204485
-0.10496644278724448,-0.5130071698383893,0.3701587002554444
-1.4125700015995473,-0.2867815617162103,0.015456616528867428
0.6006154271883032,0.6427573046728463,0.9283185625877254
0.3946823484687567,0.16629676885797884,0.42818414831731433
0.7758722185523443,0.5205832787688873,0.9666548190436696
0.16642892057297098,0.17813783029303942,0.9636199770892528
1.0448291304429125,0.5323218678033121,0.8530094554673601
-0.6424682097981298,-0.5114645772572126,0.2944488920695857
-0.9320162673734393,-0.18508896682965775,0.38509772860192526
1.7740341093540288,0.5646249751288824,0.8511366715168569
0.21106150149634917,0.494693458767421,0.31692200515627766
0.09258344464739543,-0.9470981318092999,0.1694927466860925
-0.654064179700916,0.7813189676518332,0.5568012624583502
1.0974475921673181,1.148640461086965,0.936154774160781
0.5736644638165294,0.32877608164428695,0.696029796674973
-0.16117884601066007,-0.30252745468664,0.570061170089365
-1.4201508479806166,-0.8016929937316152,0.09717649377076854
0.41567198501254227,0.8070400974924034,0.6150072266991697
1.7478008101452338,0.7993223902611218,0.9900538501042633
-1.1105049844388852,-1.2164851204180693,0.14008401523652403
0.043657814204840766,0.023015170507537826,0.5183296523637367
0.4847083670765929,0.49897787779712227,0.8773730719279554
0.5257645042638747,0.75826808106409,0.7407686177542044
-0.2250568464590389,0.05027260827604246,0.697015740995268
0.9371781488570832,-0.027680651327407102,0.7024840839871093
0.17256748689887758,0.022273551065858876,0.35949115121975517
-0.27611345614002747,-0.24327952192333074,0.29359184426449336
0.7654654395415001,0.770398692167032,0.8093611554785136
0.8403661617930356,0.8059012259233035,0.8101133946791808
1.5740522172768627,0.06412971355476949,0.8670723185801037
1.7317393935899474,1.134839733378033,0.9132405525564713
0.4672233006324607,0.6765064069459827,0.5113423988609378
-1.0483258002906755,-0.17789785033472766,0.5015162946871996
0.6179400988524949,1.1645538898680878,0.7982951789667752
0.46385458323066375,0.13350571460208396,0.6499639307777652
0.9803690664585367,0.537195793794156,0.7019668772577033
1.0320232674033836,0.7941683424122288,0.795792669436101
1.091416281934721,0.7202442162504712,0.8900053418175663
-1.0015965274847316,-0.10022486322065333,0.3379951568515358
-0.4545506133675621,-1.0934408935009525,0.375582952639944
-0.2187033185545244,0.459732137549804,0.093981939840869
0.9546545286840299,0.6003363866997373,0.578280140996174
-0.36526149052134227,-1.0742582536201002,0.035942273796742086
-0.5593417039356099,-0.025590678634061538,0.46559801813246016
1.068501103147099,-0.5433550017246233,0.5426446347075766
-0.4756150753551076,-0.09216749421479048,0.2865412521282844
0.9424688514465028,0.8012189895295861,0.5908332605690108
-1.5488980253105948,-0.7438834476810403,0.03050024993904943
-1.1976107556108309,-1.288569586229226,0.03734818874921442
0.42833326492906965,0.1406024793409678,0.8226005606596583
-0.168051426323983,-0.5742950642384909,0.3601906414112629
-0.6782043750820254,-0.8673080690571352,0.12706051265188478
-0.2862309264304739,0.6693468131157776,0.5222432600548044
1.8866101599935774,0.53178057414366,0.7699935530986108
-1.51212896712942,-1.1934665069781412,0.21582102749684318
0.4275846906776997,0.8388205576441071,0.6228904758190003
-1.416390649528922,-0.003364911367847112,0.085347464993768
-1.549011780217432,-1.3126250412659901,0.0516817211686077
-0.796918410771959,-0.9515848362747619,0.531354631568148
-0.31412352898597273,-0.10172806572854173,0.5406351216101065
-0.6170549578941553,0.2926042299226589,0.6374299014982066
0.8550139518315784,0.1938418271693937,0.7260913337226615
1.3775635595622653,0.5561591066142204,0.9758520794625346
-0.9617308546656291,-0.6846524799633925,0.5163003483011953
-0.40120195948636944,-0.15549083739936373,0.32295647294124596
1.7863741881814832,0.7825907129745292,0.7951861947687037
-1.1016653872624125,-1.1272625458408891,0.2708322512620742
0.18736313739612204,0.44948658763028215,0.4389714207056361
-2.022741079572336,-1.0567966598597518,0.07845638134226596
-1.7135715853344688,-1.5735417634703146,0.02535074341545751
1.6939308235396429,1.9539792262031348,0.9626484146779251
1.228333215208679,0.7120871551959855,0.8359801205122058
-0.19772328840306796,0.07113923864550364,0.695974206093698
-1.0465350959145652,0.35295693021485697,0.4089529444142699
-0.9049931278956134,-0.10666638654462868,0.17329432007084578
-1.1268575056298546,-0.6209192345561474,0.15643704267108605
-1.619631688023663,-0.9119242222159629,0.25024289816459533
-0.38687960931581966,0.24527393659722754,0.5492266647061205
1.034805253795768,0.2930231022029937,0.7145959227000623
1.4887191984526922,0.0731153434962663,0.6601973767177313
-1.375235598117869,-1.5787588503236576,0.27993389694594284
1.5424617170165589,0.9029864943487868,0.9548652806631941
0.35655256147504766,0.6260670552607253,0.7378969166957685
-0.10518317088368201,-0.40745921403626684,0.5543540525114007
0.3440517253858624,0.37903328429707067,0.6117207462343522
-0.5308200823544991,0.45861506509216954,0.4196000624277899
-1.182278896994791,-0.4501541966135314,0.24773098950115746
-1.052785802618805,-0.15538001700168416,0.3559726786512616
1.0167205351532072,0.023365126792862678,0.7578461104643691
-1.4843212986026284,-1.3353318321393013,0.014393488629755868
-1.045210425317108,-0.37618948667345814,0.11607264050691624
-1.9675562247834684,-1.3696150115315577,0.04600264202175275
-1.961846964416461,-0.47909225842269354,0.040728802318970136
0.2858246945222217,1.470095183386106,0.8554605840110072
0.7861948526890534,-0.3821243166767049,0.7036578593800237
-0.5398477486335806,-0.21215108878643654,0.4741738290873252
-2.0033553907002863,-1.0723726756691014,0.09783416065100148
0.3543566874536134,-0.3644982140937189,0.49161587511683236
0.2387474735717855,-0.25192622379741764,0.4734717707805657
-0.8492310713729958,-0.24156555861357565,0.17320186991001518
-1.1084764057953032,-0.6352108824909886,0.43385164923797304
0.1616512452120098,0.3948413612892494,0.39850473439737344
-0.07680017274147777,-0.4203987335059426,0.6158500980522165
0.46648461795687,0.3257003996535268,0.6350936508676438
-1.1491082457285375,-0.4005131735539956,0.04530400977204452
-0.42459715880651744,-0.06789677343928915,0.3746126146264712
0.9193314437982418,0.44458197876352445,0.6258599157142364
-0.24555830370395582,-0.38892852037132986,0.5031362585800877
0.3344689974314481,-0.07111987161699362,0.8564898411883223
0.1292163458078074,0.537152708647063,0.658693631618945
0.12552528814208985,-0.7128783207888484,0.1629344270814297
-0.8710570896246603,0.13108799509482694,0.07056874740042984
0.04193720255300831,1.3297291939752232,0.6424192782063156
-1.1940946411244862,-0.6731487568604889,0.026511310541621813
-1.0019576581669207,0.24363611900170434,0.5857755812734633
0.013238378438817255,0.4952931983811247,0.9402302414249576
-0.42108735324734436,-0.042913479359868,0.575474177875879
-0.5720774737294813,-0.698332957744717,0.3881699262065219
0.8272673682320001,0.5950839667466685,0.6432882184423532
0.07288988683044365,-0.1672185075342113,0.45825289049151663
-0.4444218668563422,0.1399279239424427,0.5456167893159349
0.9045241868038568,1.3323590557767735,0.9414648087765252
0.2610461058692559,0.14093454042088083,0.38610263780077425
2.2072680775759537,0.5836128561554289,0.9611905638239142
1.2871897808670145,0.8021988058054123,0.9053506419560637
-1.807088105697358,-0.9749538939552687,0.19579113478929644
-1.2686537172363004,0.1322301063085588,0.06936130087516545
-1.937977088292313,-1.0702491254360615,0.10077800137742665
-1.0907469547214834,-1.1914154374442014,0.018221825651549728
-1.3140980917284408,-0.3144469064866933,0.0944429607559284
-0.7581398998895323,0.15723643993100272,0.6830067734163568
-0.7638177105550683,-1.0385505759494391,0.07118864846022899
-0.16009844385939442,-0.993318105317105,0.3189756302937613
0.9156660686803664,0.5192232744831475,0.8448753109694546
-0.7973958256875959,-1.2982829272449206,0.023271935735825866
0.8304182885920866,0.26049215491354816,0.8144684825889358
0.6454864117394707,-0.9322945505747837,0.28185477477339993
-1.584398592174349,-0.17405533096730796,0.11816482762165625
-0.09828297607542069,-0.3845412450806929,0.6967371653641506
0.5590738985384547,0.6389693491590558,0.628942846779884
1.5392767318015863,1.2313687854642728,0.877472013527053
0.020852385642313953,0.5812371842368157,0.7350710438038858
1.0109544061273248,0.5782964487672415,0.8034809303848486
-0.01738398936442065,-0.37393721345652603,0.2820345725713065
-0.9516591762492995,-0.43935865814077935,0.17743954377972282
0.514022161251374,-0.10696840020617138,0.7506147516408583
0.2662528952072508,-0.03977899949553465,0.806834739267264
1.672538304809538,0.7448937459449216,0.9905051420006733
0.6871824367614965,1.0315011470353581,0.4126176769114265
-0.6692717457983854,-0.6267319090679226,0.37201808579278317
0.665118682204212,0.6960943979080313,0.7764129607419968
0.41470064996655764,0.09997809541785657,0.34080354025301784
1.2273890910191954,0.15103708473658117,0.9307573256035647
1.2791259564004647,0.16238679627155306,0.8584127518430118
-0.4299794042147336,-0.3301595449664492,0.42899402737501835
1.2381815421198439,1.4935731939343524,0.7508710677914974
1.3264032173484255,0.5222538451468891,0.7545428740846823
-1.580934235253679,-0.4942535535643854,0.10312386883593261
1.6842397552212396,1.2096557061713389,0.9025529066795667
-0.36893046379964717,0.07475773529313774,0.5052523724478571
0.987514733208239,0.46619740070099225,0.8264574661077416
-0.16073949019985811,-0.018583360499444812,0.32004960103061175
2.4516294954836457,0.2419998447236852,0.8955232284962005
-0.774632978940838,-0.09137102380967782,0.3892016787341631
-0.06463276853853084,-0.4141776822723747,0.01083765148029836
0.3910572836241001,1.2488990227977779,0.9053819764192637
-1.0504520246243212,-1.0632193527573968,0.09128667678613356
-0.8042473560743353,0.1571701506172699,0.31931363759041487
1.867184751747916,0.8833697455576921,0.9500619670508049
1.8290463680884104,0.7723220556428052,0.9506071469375561
-0.25371049442934707,0.6314304677099044,0.5734378881232861
0.30332409129049,0.058946086963484606,0.6318372121697993
0.3856453094749871,-0.5035646496173694,0.44844552197831977
-1.0285066805556975,-0.7731899869245669,0.29321077169806453
-1.2413267081569406,0.7691877158175586,0.32866454536991596
0.5645999063333901,-0.013711258008639038,0.6725184560770384
0.6707079122588863,1.0414172268804873,0.75237452943768
1.186848063886988,0.07024128067886237,0.7915790437258485
0.5938397510894423,0.013034336875871078,0.7896181427945539
-2.4098765891665197,-1.1734737565352882,0.09120610304869037
-0.1268226361151354,0.5767682079979722,0.49442030470258147
-1.5778136217492884,-0.6318577729644459,0.057558760016644284
0.12962612204205676,-0.3609718069024791,0.5495288823237355
-0.12632756493839886,0.4631927862314824,0.441530501373377
1.4283616636028196,0.7701694747593406,0.8877041827582998
-0.0924434245391253,0.20169265219680332,0.3509150125520787
-1.8760015293305683,-1.8952239229474757,0.11706701642760586
-1.4431214990079413,-0.2616426788309704,0.14299168205283586
0.7076978246666373,0.7010010691801207,0.7615106317174722
0.7602534415820541,0.7784292609057459,0.6182180633162611
-1.3574624198573948,-0.4047843259273425,0.10112267612279024
-2.483931518936519,-0.434783627409699,0.08410680611499743
0.2388531146267715,0.28907831622278324,0.70096913145912
-1.2858017047478414,-1.0434509405423786,0.07276300636419353
0.8769113806582189,0.4190937987232183,0.8218600592903562
0.20086831381518744,0.779352251499178,0.7062422271564962
-1.0589954911270605,-0.08388940533725675,0.08134878064189976
-1.8537014522304915,-1.3673140871713039,0.08483771408519192
2.6433786459168624,1.5775521758325965,0.9866395785011755
-0.999943210743657,-0.7497210230509632,0.3742707957561203
0.22504438172321117,-0.0455443654754383,0.3706421470668909
0.3914797406199888,0.486186727836029,0.8127995672575026
1.5511477909848361,0.8650254801194904,0.9472485773838587
1.883242381550426,0.8187852790308918,0.9860010638228709
0.05948667188092871,-0.2098495436390756,0.7533781852589416
-1.3493160476064314,-0.2108663646595243,0.37625958553091576
-1.6231938944372113,-1.3518253454171352,0.08350071669866876
0.6419462214241388,0.39361288571786757,0.7771469159274368
0.5304263094615764,0.5647799604198016,0.558404249735805
0.0410278915115318,0.682752983238004,0.4242220092469763
1.392910587748724,1.054264714829665,0.906354385094736
-1.237638370435106,-0.9694172535678851,0.11119748230615134
-0.18528504282462974,-0.39196446056179046,0.49262510429085915
-1.5447592093998739,-1.7468857887737732,0.011353644767419069
-0.6500277389556194,0.5231750204975009,0.46866064199412627
-0.6733364414682722,-0.7303623735352975,0.05630327568183735
-1.4384368350193117,-0.8981388402383345,0.11881791626807192
-1.44218145421779,-0.7377525823746963,0.11752624677710488
-0.14315191566090646,0.420908553744081,0.6492103021160636
0.6010773401441802,0.25816514403936985,0.7460448792654233
-0.5606536903113851,0.5331475314960519,0.5833687650971596
1.6994710180262775,0.656040885183993,0.9621725484745419
-0.8812191656293148,-0.7085261484349863,0.37487057952370406
0.1938867710410458,0.6705251261230307,0.28571208628186073
1.3883467295271026,0.9101811150766537,0.8685991281894603
-1.0387174867709899,-0.6161725916768119,0.22359583851945264
1.1569541856595225,0.5156604586626792,0.9632225394406113
-1.6459853445795523,-1.2546771892563937,0.012154474689816341
0.8945462849728648,0.8613012451994478,0.969878826707639
-1.1942698793592625,-0.20478749766582116,0.04315991195057611
1.2269916668553131,1.2491849676320188,0.8911431136980711
-0.5639553874877508,0.5171699610003998,0.5277011090862999
1.6763333184042402,0.9563272643871861,0.9929647961193003
-1.1918356949789581,-0.9441429271470836,0.07379656473539886
0.18630600580032197,-0.7232322273815566,0.5538542844013208
2.191049748535402,0.9883466013117812,0.969302535619099
-0.8277747556583585,0.24565353813446178,0.5230978441701488
0.4818959316387143,0.2431474268393976,0.6293986381352625
0.256816839538168,0.7447117335909543,0.6957486889846172
0.25224166907223294,0.3379001909892421,0.45454106476777323
-0.21782213565683328,0.04986318163031195,0.6275580800840634
-0.09437666106030179,0.4240496461418813,0.5843143119231002
2.3406262002032765,2.0467736945380146,0.901158010490989
-0.5795363589735103,-1.2598851655795518,0.04544638034145787
-1.2553843553649762,-0.182579157776119,0.2809631895922303
1.1747026403683534,1.2642504377996353,0.9504114840765587
0.05386883460309311,0.6001711361218248,0.8902637838909163
-1.1172115131376672,-0.46671647771959807,0.45565675278571294
0.7326148713941234,-0.31183008227422104,0.6201325978015367
-0.33342923805751334,-0.6277143516278966,0.2773811829811327
-1.942906984654841,-1.5027353675734665,0.1881211597237613
-0.3093396198866583,0.06101072128032939,0.46369840493998216
-0.8936041634810984,0.24417781416955764,0.3533522280260528
0.5030782443924593,0.46652688040517976,0.5836561118508721
-0.5701240860658364,-0.9949830725903299,0.07773463696498484
1.7291302158939184,1.1681816771122993,0.9743948076661665
1.843380524287014,0.9085760472808788,0.9862107444796029
1.297265759111796,0.9013202934623475,0.6981617140197451
0.643610019216909,0.8899858676743816,0.5360963663441204
-0.23944602680770577,-0.8884940346379124,0.30952761628632774
1.2831727597970535,0.4987781813992903,0.8137950197069487
0.05746013553347584,0.6867681579736407,0.6847311725538793
-0.13269465830108895,0.07240065251735062,0.1626169393448913
1.1390833151032096,1.1018552223789733,0.9109271844938425
1.0561667734051015,0.31864295480251803,0.822537242923169
1.7071530068681111,0.7601759956279173,0.949799913291924
0.15023148903853323,0.05123780487319202,0.72571950838836
-0.565691184076769,-0.512414266540184,0.6134151959357899
0.48431667914208754,-0.39015812638095987,0.4182430362906189
2.576306987749487,1.0300499141075719,0.9327284833540133
0.8389160643097824,0.7973061362680449,0.8660638895004084
-0.8264052379370973,-0.018718162492505575,0.04521867010618941
-1.2242400213569193,-0.7164988847822313,0.026366974497252005
-1.3808235959039734,-0.5640422576837707,0.3764633668780496
1.289210803586311,0.4314625209085336,0.8105533307818329
2.6882173039292825,1.5537774213639572,0.9872761293149445
-0.6945245023497624,-0.941901299174516,0.15041689110352818
0.32639566936951,0.26304625135420917,0.5941307153521351
-0.08248836977762353,-0.36556407753027764,0.3808908566310215
1.2152336950818812,1.0204431023819303,0.9699143978146032
1.194790925662824,1.557967777553752,0.8421189231357087
1.0579571523077802,0.7201240201612051,0.8383287047111379
-0.49666811667375554,-0.25438623171553687,0.4686931597949703
-0.7907469027241604,-0.4371951788050166,0.4148195023376652
-0.4752052669251221,-0.10329086948824934,0.27340707193070624
-0.8042657759705089,-0.418978314848984,0.056375496650927115
1.1633776126879978,0.6740028608583308,0.8647223762550532
1.4811933566414854,0.059419594283621646,0.8129010091300776
1.7414022121792991,1.2374188302297418,0.9997176732861306
1.6746692877333644,0.5969207965785097,0.9966368370739054
-0.2261094013224062,-0.6511677734010559,0.5554317056026274
0.22810510981215604,0.3107422901884913,0.7689874151805105
1.1944836147191522,1.7142700325069518,0.944765729882428
1.3928985205690823,1.4513685349736607,0.8496473906774115
-1.071766607982916,-1.1030994948647712,0.24734810174319766
-0.759423791779809,-0.7075468786110691,0.4505441353100935
-1.3188644047268545,-0.7658464246076272,0.12915941515149498
1.2203508473719382,1.2239116419373155,0.9540510272587224
0.3801337361304018,-0.6593618988432397,0.60617463445088
-1.0220018723361266,-1.5796148182586331,0.22864280550346272
-0.2728265525650485,0.3209081715261488,0.6717006844058567
0.9879518075009089,0.5148219920713463,0.6181282404578958
0.16521176494245482,0.06448935655844135,0.3581627180328405
-1.2089850246152343,-0.40151628765376257,0.11355759219962902
-0.4764628750525757,0.3034535218884114,0.6715731955927996
0.38676638202646285,0.18496504835467875,0.5203077009037933
1.8384718333919243,0.9182852045103747,0.7723183917356393
-0.8193774874661408,0.20322364920468736,0.5201635011119934
1.8059540692741447,0.9778186809193112,0.8521815003185401
0.09702895337611464,0.20536737574132208,0.5519068387744855
0.4669814792092738,0.5668244464665206,0.5609379715353863
1.363295758752331,0.9278870173131959,0.876653602658345
-0.5559478833686968,-0.39765192254488313,0.40348286621239704
-0.8584897556135239,-0.6026614666738357,0.13401522845064073
-1.2764103983625417,-1.0299238464612865,0.028782676313338973
0.4829084599075593,1.1306704146371733,0.755137255673619
0.16447615250615633,-0.06820369996493725,0.6203095513534647
0.3596402686563133,0.035330535685664965,0.7040797680992236
-1.5239867848894266,-0.897182016751777,0.21296416150891073
-1.1531260166064428,-0.5403315764122987,0.13637147558676976
-0.40751885729691617,-0.7447312211895587,0.014544665667881929
0.09392569066126599,0.19967837572031644,0.350587558806597
-1.1392780001765597,0.2534718763665482,0.5899176868546331
-0.7603018184098993,-0.2932686377214364,0.3922440450997323
0.8237857541117641,0.3791232673352636,0.43747492202372906
1.7526996370783017,0.9035145181931894,0.9041586944937484
-0.2532782820719842,-0.3941502131102892,0.34825546702330035
0.8103944547324042,1.0213858043976045,0.5139894891598108
1.3098169904898365,1.05142722297458,0.7836530127411431
-1.0809789578547933,-1.2922284007119698,0.39654278232127016
1.6655489150492104,1.1081750246125486,0.6220867002278735
0.053794343378521736,0.9481417052224264,0.8623637087467452
1.8177219022071163,1.5266387941610144,0.9495206236576421
-0.8062309499063065,-0.5644031411522419,0.14707348092903794
0.3816921371833716,-0.6386542421986303,0.9265876251614944
-0.2659685329380718,0.04106670762870999,0.4921162930795382
-1.2764977609356913,-0.8623553189953928,0.25824438829895835
-0.1719524313281345,-0.32629397730491727,0.4591357562382613
1.39723775365759,0.7460649114273648,0.980032575285477
-0.22907766783562714,-0.3707647923259974,0.4926180939928696
-0.6890405551445308,-0.49475697452128253,0.3287516102875082
-0.13242561866614577,-0.17609746041219876,0.6334008543167258
-0.24226607406938316,0.5636335046839256,0.24014561877819307
-0.6666225464248249,-0.7192023487240369,0.07586332810866392
-1.175389982600723,-0.06764874315589176,0.12887972191064923
-0.8814681337983123,1.0897128436512924,0.12804583895777244
-1.6130760881697999,-1.0228531146089979,0.15190269351229435
-1.1297792823119757,-0.6082493685743815,0.13882717264941014
0.005420581448423389,0.29542216827978135,0.6408747448032146
-1.2464929528009294,-0.8172066579510957,0.18188008439914483
-0.32875706713389996,-0.283430424356267,0.3456672833238632
0.9955220009568498,1.2378672118020542,0.8967884099060118
0.38452011542832876,-1.2376525525151274,0.47396164026287235
0.13509851393879657,0.15056273384526406,0.6675577385210272
-0.8748342874615384,-0.7752554934618953,0.17231987120162984
-1.7097181314520533,-0.7311231337813436,0.19228901880867078
-1.1066856894189792,-0.49277026523092887,0.04086861626647886
-0.17024018755392023,-0.7453340040242483,0.16893506307216455
-0.5805475844429135,0.07617894320380103,0.2785903390319586
-1.561827229158646,-0.8389606855559879,0.17701048427674682
-1.7170254779762715,-0.928278423115141,0.08870253375705561
-0.9374114644959873,-0.3748286154301852,0.12063587110060081
-0.6980574013642363,-0.13480546869547624,0.46077876803272577
-1.637946981087484,-0.8057368021568769,0.2063337184057925
-0.850592378812133,-0.054705886142620896,0.36426986104807546
0.2481347325751262,-0.2713419581738914,0.5034172708548569
0.8402931795421755,0.1990475838039991,0.6903948286293653
-1.0179600870624812,-0.7131163025460112,0.039312139841098936
1.3608620484712644,0.7980289899778366,0.7994103989090426
1.2470186330033046,1.0420617713977498,0.6279003894909078
-1.046809349502182,-1.103977144696877,0.08175903194887191
0.5619899574006337,0.8041100843542089,0.8735786241067772
2.236349832706646,1.2007811457386544,0.9208724005318132
-0.7041632636135023,-0.8939739415480145,0.06107795985486375
-1.0219146970740494,-0.823467761124956,0.2768776481472037
1.5581301709636315,0.05759849037112097,0.8062012797930613
0.7530460254314973,-0.14893744892244487,0.7482596903836584
-1.0462621146841884,-0.5629850536134893,0.18452101935637732
-1.1974240512414436,-1.523926770559937,0.2093493233367103
1.0279154486862674,0.9436273068062981,0.370472102791382
-1.235196106740064,-0.3073664200317362,0.4845229851910213
0.3786040580497334,-0.00350200206929574,0.618254771530296
-0.5360112707586993,-0.8857639217122656,0.3689136395697724
-0.47224516704729863,-0.08999001149312534,0.4625347161331479
-0.47560672743529664,0.9956592146732545,0.7474709381337565
-1.4502624887268845,-1.2414640054197537,0.0366832028905979
-0.2788766479354684,-1.0636140395501499,0.25243694434402075
1.0811800430697311,0.5558211790890232,0.7133495858845524
1.4007443211471313,1.0385234996946666,0.8952068376871993
0.14756455524974382,0.7009352087365676,0.5116774421156661
0.09861327895544797,0.06110910634196784,0.5321134852653157
-1.0591694178548074,-0.6108599848102909,0.10717201133977605
-0.33638136468573976,-0.7007899155372692,0.44741236682345464
0.4943114576006,0.21500590223546287,0.5326172664550232
0.08874173355962467,-0.27352300541835045,0.24247050363472966
-0.6845882156340362,0.004456599710505549,0.26924323094938096
-0.5447970009339895,-0.2815175185383665,0.37728416310462265
-1.8171223495502296,-1.3267369902111594,0.02007119777772637
-0.6966627795237185,-0.5373301304520239,0.3220791655831783
-0.8455609042406126,-0.8679742266257726,0.21144800699654465
0.6987336625144981,0.5339699455241704,0.32749735217791465
-2.0665950390068444,-0.9961468066631823,0.11976213181925122
0.3882746928113763,0.8197329814170382,0.890527280739895
0.1874599310634818,0.21812272299742247,0.5935924535540487
0.9173059326072655,0.48862885021711366,0.6791023191444896
0.2618819706767139,0.7387825133314841,0.7891712386073383
0.1777850023846141,-0.09747829916278442,0.4984421989290573
-1.3929058833190868,-0.6298741815088601,0.08692028808742369
1.3970067160246782,-0.12985800803599723,0.5371065418185478
0.8388331956678285,-0.016942455702683823,0.5868411180208791
1.0202988735014689,0.6348643960585714,0.74543947418433
-0.3559820808386007,0.5095225949365798,0.4316595462296794
-1.3522890788747135,-0.7702808248432778,0.12758030279556376
-0.6596283230147929,-1.0400851947101235,0.28377590579872447
-0.8950277257006943,-0.6918013788408705,0.3630822963986351
0.3863095110444759,-0.3121805297269128,0.6459172413316012
0.756664869564716,0.9968071825427852,0.5707783046689119
-0.3839595027973691,-0.7250481499278323,0.35609672589784624
1.5938506518961875,1.6699271986483257,0.9865152487929797
0.47461175743982553,1.1984834198938672,0.6057748193568872
-0.5147315416116864,0.023890567176979127,0.23722679173599448
-1.1893032970309863,-0.47495190868147497,0.10178247262040374
-0.7361765731511429,-0.5415899943209969,0.15285913918433203
-0.5262286224539827,-0.8511011830245125,0.24595772838450813
-1.2460402976937734,-1.126696013789531,0.16068137325955567
-0.575777850261822,-0.8653336575767897,0.18656702405130576
0.6458702488902416,0.4773583631164937,0.2850951686938471
-2.349366583256492,-1.3097754075470118,0.17337359529475482
1.266713119798297,0.7149016850347039,0.8967654246264252
-1.4097961455346197,-0.6692254829102227,0.08023374566164221
0.3614741300672635,0.8600280697793853,0.5245113895702547
-0.7987810169009436,-0.2151942219436134,0.4103968269896615
1.2296221353475965,0.8052469931326639,0.9823786169086064
-1.6410009160608912,-0.8371207473075625,0.11203890216805235
0.01152016823070473,-0.25778133610227705,0.39785559904574164
0.963780544957658,1.406645206714211,0.9694704332753689
2.0715277113102895,0.7202850079948429,0.8655071258939803
0.8583794624308364,0.5884288564126912,0.8170720709492799
-0.8725518077152755,-0.47005942881455764,0.25790282704493983
-1.2593326359079595,-0.08685024099686223,0.17088758739006582
1.4932197105797829,0.6723086293843933,0.668643219924431
1.7574656558555621,0.36080083636722227,0.9293759891275858
-0.16844310317571592,0.7230678386403356,0.5567628930139298
0.14584707926347365,0.21071897821946112,0.5716126894698998
0.1079564442075539,-0.16462728710155977,0.2799790936602842
1.071390300686704,0.57712704088073,0.7694929331919369
-1.7023267655104397,-0.9286293055412878,0.18704374855752337
-0.05319308678230028,0.14850160011130054,0.3236792364042437
-0.7560884261930668,0.03496430954463586,0.4254364386164168
-0.4841577373856988,-0.9146141603169574,0.507610378684455
-0.05888904610885459,-0.6193469232296214,0.24240973241508024
-1.161072754916751,-0.5293579340354269,0.11483682473920354
-0.12727288464023678,-0.17719414936078176,0.6106200424416326
-0.5178179543787437,-0.25210986182082007,0.28863055324025577
0.11527738156963435,1.1613968026800658,0.5812382214226123
-0.30489641917539845,-0.022551467684030935,0.1543627152742023
-1.0390594300444431,-0.8012397376215566,0.4811401018548175
0.2810809884411323,0.020271041518413024,0.5325894325515859
-1.6074141209854305,-0.3794206320151142,0.05182353682242691
0.1905072345582196,1.0113409799677142,0.3366042781939206
-0.3385903289177107,-0.27948517247613974,0.13441467693897424
-1.2520230258330995,-0.5184722786869203,0.06337497047276774
2.126481382500469,1.735704567867287,0.9899602323899452
-1.1661807258979946,-1.5668101652834527,0.32235384497472297
1.006600915140202,0.331615660384831,0.8098744458546349
-0.9473710498586883,-0.6456186087234473,0.25464065476376385
0.7309148810597393,0.7651924646326331,0.6815027222239293
-0.04508394787719894,-0.22470895998834517,0.7602278598896866
0.26809065810232524,-0.5037468904964126,0.5956387406078443
0.2577226248088602,0.45946321371365095,0.47157618855015837
-1.0744993349248537,-0.6216940127751871,0.41184091414726853
-0.30149021639341117,-0.1840323953539158,0.3488682665429953
1.7403447964872232,1.5297848688739029,0.9295291442478258
0.6795944250841625,0.17960863785458525,0.8306194077877291
1.5550429883539034,1.1948137325978578,0.9650269106665126
-0.89857611439122,-0.6077620315890148,0.12429722348554473
-0.261997802498375,-0.4135421741832409,0.7308674752036443
1.6539258682645963,0.8006503948754867,0.9383404568210378
-1.270731600785549,-0.9783669341350113,0.18123306616566015
-1.3229505452070283,-0.1894560249936782,0.0664962673667775
0.18855967299581755,-0.2511723197492206,0.741120649290059
0.8709526300237805,1.184527188337841,0.5744731131799119
1.1555483022411503,1.2011152099735405,0.8418287767582721
-0.3536337684598596,0.31675807546216794,0.1397723766262895
1.2863284889280537,1.287674532098112,0.7952673118598902
-0.6586172879797307,-0.913910671738251,0.20162732004774453
-0.9868902067091284,-0.29436259124819125,0.1636559428657045
-1.2076501336264915,-0.520542847386315,0.16426579793099294
0.38498845810862214,-0.6299670008172893,0.8145747202313821
-0.3148221613721831,-0.2474611446500007,0.6651972206962001
0.8442518946143294,-0.04853505539101162,0.5230654247691193
-0.567029898054098,0.09043662340090236,0.3588304841235025
0.8078147672528642,1.2965385002891607,0.8772005408131083
0.38373514038331,0.33007113926491716,0.3924451074226354
1.463984667550499,1.2259518815471742,0.8165994394715771
-0.5050604887875882,-0.5948450179208136,0.4391349085702184
0.8422045828290099,0.8043555924663235,0.3769444294249076
-0.42679134219835546,-0.10777368724123325,0.46267978566960644
-0.9214881193100516,-1.2149094623105774,0.3013778741641421
0.10886609262262803,0.6275543369816245,0.7476093801762511
0.7885909716404824,0.7829346942284583,0.5027203900924792
-0.5382079304711727,-0.3714336103386132,0.2322126951468173
1.1545485285503316,0.5083517729527551,0.8995745732745685
-0.029557854333639222,0.0346352202723193,0.3838912213732114
0.9346661037522563,0.1436578714783634,0.5435528611139886
1.183296357319572,0.18041987143113758,0.9064721109645469
-0.06825578243590952,0.14752319736402575,0.6242379959139921
-0.13999512198826247,-0.33459055700030554,0.11689804070836407
0.9911345253197875,0.10714525932354757,0.9398321236134751
0.49029376494574595,0.5821585872732955,0.6277080530714179
-0.810769285492734,-0.7088348457011111,0.3349056146570861
-1.1555476818532144,-0.030499457074244396,0.13927207266338726
-0.21046221412760557,0.24995061216890813,0.794025189270296
0.5251151023950549,-0.056294848213838455,0.6200727559285135
0.3695289936275771,0.5519331840793351,0.5334610919763215
0.621252137965921,1.0875285518999669,0.8938925830509576
0.9340931210701472,-0.16017228789574467,0.7885972112245307
-1.300127078031783,-1.4208961473654589,0.15167487973275118
-0.4425853682816968,-0.1494894393319321,0.31172206779554823
-2.5152994379143765,-0.24181530241539423,0.24848913981446574
0.4845359606741789,0.19843378103271003,0.743946292572677
-1.884956306974356,-0.8450930882607313,0.03353243473577938
-0.09300567391606857,0.8478284284322277,0.5698896848713165
0.5488619389823248,0.6005287642864622,0.7624586857406905
0.6999785348871954,0.6393243371428525,0.8767656367617495
-0.7228433993333874,-0.8350248765906999,0.34208174871590746
1.5150820077255736,0.49422874935786293,0.8212573046720129
-1.5798723498995804,-0.6904756300193619,0.11063173695520723
0.3902135169043258,1.0669349608163348,0.8464522917345182
-1.285465751444315,-0.5243484857988354,0.12748866233198242
0.31973362036433084,0.08116835709479964,0.39728729056036727
0.3381256777991869,0.6088975483131809,0.7972953657795536
-0.8895059831773474,-0.6123265542435831,0.14991742734877378
0.0144982906490988,-0.0838100123514478,0.22925139523264149
0.08845584076312218,0.2955670955157815,0.7222525683930663
0.40476018412554265,0.2668856980951242,0.7200365365460744
0.5885149086615157,0.06381787748818865,0.6411476328852973
0.13573648041201092,0.2610383012878431,0.6939484444671
0.02394459601089699,-0.2726509063257304,0.5427244433475962
0.019056742027913853,0.677002313444661,0.25179905890695276
-0.010686686245384713,-0.4093840503868758,0.34569599350391944
-1.1912722435142638,-1.0273369771159688,0.18159771680142567
0.5542091183913989,0.6174646197060982,0.9084505613336283
0.26743527611565204,-0.5383008484539998,0.5833917947661205
-0.9514804194399437,-0.571521249217485,0.4008514167636399
0.02839961920199055,0.11060973245820857,0.4620058036441327
2.098429227343963,1.7002575523793295,0.9472833396118153
-0.19589592508265408,-0.745854733541124,0.1533514031160802
0.7125773333734071,1.112173933638132,0.5862298320167972
-0.06872397201451165,0.7511430364969045,0.505888678884466
1.029709120206191,-0.13233654901962416,0.6114542354346478
-1.2198877460013757,-0.1373963082541073,0.01811018382084051
1.3318354071535303,0.6240504232585037,0.8721239089441515
1.09076101982974,0.9676763990000619,0.9321182824836124
-0.7157657394680773,0.18083255148311744,0.5651331835892089
1.102684703889333,0.09606392674705849,0.6966508238768923
1.4014686353449315,1.0865202367184146,0.9224993811772957
1.333041205978653,0.4663543573668396,0.7072386343133986
-1.1965856258355976,-0.8409133403505658,0.15253904291426135
0.40651640123412397,-0.10772354215370172,0.5762883601668132
0.6676473086034953,-0.0014409548483588774,0.6067150463828559
-0.9232105419524093,-0.15025614793375158,0.424130671302386
1.8412759183381389,0.867714140718804,0.7364442356247228
2.1942644275598098,1.2225884957319462,0.9343670147690148
1.6870521594873473,0.4089405929391207,0.9255685129067763
0.5554806095547665,-0.07759617285795631,0.4508393714041321
-1.2784330719619053,-0.8292918961903926,0.11323804584075525
1.7591954168962207,1.3005795285341857,0.9848411989623346
1.350962465199896,0.7958808196663465,0.8388980864459341
-2.279101253436325,-0.9458304581391515,0.12466268120326685
1.6806460441460145,1.6046227722443662,0.9208418826173723
1.0094483491987178,0.057483594926862835,0.8698963620621283
-0.7327444787139402,0.23047016345629556,0.5188380571260721
1.051990423027958,0.30747099505535475,0.5912754357449292
-0.8654813419668974,-0.4983530671652457,0.39900270387013026
-1.6898977965533675,-0.9878473825512406,0.05476163882203133
-0.3452818189079743,-0.9109613266250657,0.3351972416459009
0.10252970727048205,0.5916396240747746,0.8028534485980114
-1.3638351883085602,-0.9181424396708556,0.004632023004602859
0.11132848795775285,0.41444430120872444,0.3334991716911442
-0.5668732683896562,-0.4404570058798784,0.3981686935909433
-0.34748617639088786,-0.4598518335233327,0.5373956029379229
1.2461188642065097,0.2928172721435045,0.9198556164127605
-0.40505717201891905,-0.3553778276186981,0.34634599436596125
-0.4740435404953103,-0.512119140959086,0.3469532018962277
0.56543843282899,0.7947192146654735,0.7375012481097484
0.47828524675438655,-0.4553483262316619,0.45221794088980716
-2.0266325119686375,-0.7613575684251633,0.22460482293998196
0.30762230000462165,0.6192861421878166,0.4524395161326934
-0.9008957052589303,-0.44184561220990054,0.14085702037979986
-1.0536211180938744,-0.8351704666085542,0.1763869865062233
0.5511632868691102,0.0676351552460303,0.49836777273947974
0.4130678860835286,-0.08731195280986766,0.4189254495045479
1.4597373911422828,0.6211893334051652,0.9148459010681
-1.122879075067908,-0.04724554729540034,0.3623938991166331
0.4617997363283337,0.45891325064152877,0.5805883502780435
0.034177961750499364,0.2297040556965735,0.6322642879195304
-1.6870399358116615,-0.7598311412136959,0.013094456588333636
0.5727055086826673,-0.25990058359777635,0.6635373720167106
-1.6135416394147106,-0.6828384925243383,0.17803596686975143
1.7434583595404285,1.2233704968021093,0.9610703174694551
-1.3317775782504717,-1.0296569637914446,0.14866272775311296
-1.3793415442386399,0.19578367417352477,0.41462412372702373
-0.5106180453466089,-0.9832296590799194,0.08534966807864386
1.1592542556413217,1.1146015165342582,0.9968742518459474
-0.252355949397419,0.5667023082718949,0.5021950103312426
0.7580997680684436,0.9237629487017913,0.5953850173200438
-1.4438753305095804,-0.07466323620487447,0.06707647738842748
-0.02016598311849127,-0.5046133432898263,0.7499604703991778
-0.8232817005628489,-0.09130520952573468,0.20990559309558576
1.3933741269970612,0.9277594732315737,0.8980542894407137
-0.40703960763272634,-1.2267110402594028,0.20513964048200717
-0.7452314275386117,-0.8388035543982824,0.19068772066366657
-1.5197319292535316,-0.2684961016811318,0.03654966784809488
0.31766244896534934,0.6853719682493207,0.47206694510999925
0.40111015734556354,0.14381258773367794,0.5648411332626164
-1.772700750034278,-1.0565284267832824,0.06570863942835237
0.3029809721495039,0.6515524641771184,0.7755276166950106
0.17666115328522686,-0.1681434764336171,0.4532888347480276
0.8097123802125624,0.18964788175509345,0.52439026932758
-1.9246028351017253,-0.8276425571551256,0.44076274693822814
0.6945436235808967,-0.11942359641684376,0.400763060875326
-0.19426272944743578,0.11579608349175612,0.5596403313082179
-1.2352393878006287,-0.9805438444870218,0.1552402459307125
-0.9770794961046981,-0.4815144067510797,0.18192813049527112
1.6100310191406333,-0.034237789725466206,0.8617856210135173
1.6669739334415732,0.7009334837289266,0.9461154621336327
-1.2267418320573436,0.6559533637594201,0.37330931627975295
-0.7858628067578134,-0.7000345298207123,0.27074467314355377
-0.1379224510438043,0.09693595801149885,0.6439995432390158
-0.6322481016071366,-0.14316788506565173,0.4087341710980964
-2.1319781089062038,-2.0970275789548545,0.02538635566034486
-1.0247027667170812,-1.1696772208373332,0.15615259736619036
0.6131091058440665,-0.07850721841953023,0.7159722288473975
0.7543480042609818,0.37934086230411285,0.6589239419101514
-2.1260069186074153,-1.0148945229662247,0.02709599250348349
-0.2443618384145283,-0.06671683424342395,0.22197216193294944
-0.14174170544557108,-0.6806437203910586,0.2310747965880714
0.6995719957579781,0.32508813037788836,0.6718927435987284
-2.727460193413008,-1.737361077554172,0.019710537754364155
-0.3758950377523105,-0.4550639565736573,0.10410858198457384
-0.12817832918822103,0.895875981770292,0.7999160853731894
0.283987080209136,-0.6571596400056484,0.1785446620543336
-0.5479469745546566,-0.275157115190681,0.6527461078518747
-0.501054074915813,-0.020342060313428445,0.23818278104672652
0.0748830070668225,0.19736548456361236,0.09944139275934516
-1.165210047436331,-0.3356368461680125,0.24317219099945409
1.1363224723590897,0.8562010144251602,0.7222669318556592
1.4504315375879102,1.1450419704406531,0.8556964681062857
1.5287266269584574,0.8658684610476312,0.8302198645669916
0.008022958189513985,0.38399122514541195,0.3971835296184548
0.14807394059938306,-0.0653498882882192,0.6680851365706462
-0.5339398821573749,-1.0779262056288488,0.20498429541582097
-0.46250715989593716,-0.31671322459188794,0.29314773026101326
0.2025774662348231,-0.5624595147454554,0.8963358185211198
-2.4249805375421434,-1.2022566872789486,0.013001923510736035
-1.8282353291908588,-0.36042873992049107,0.08550853085446808
-1.1559852244010393,-0.5978498518018239,0.20788625514602732
-1.7068783580824947,-0.5269504799531772,0.026532203873819715
-1.327444540266169,-1.256520751147142,0.18143543508979731
0.9402952369486925,0.5989548855436732,0.5830415609696922
0.16822353144904756,0.12482655494113992,0.42142455059249795
0.6949787665439101,0.16763663779506477,0.8926717110769748
0.9582793660732158,0.6700545537735987,0.8174435617384409
-0.31239930418611705,-1.3717388615036028,0.34181735169787597
-0.481604838175353,-0.18252358957078302,0.2594234334312925
-0.8170238066839561,-0.8554932290809724,0.3796924081672669
1.0222269269110575,1.0932190724430546,0.5902949425148077
-0.08431037384706974,-0.6122527141670191,0.26806364082287626
0.7221225315000308,0.42424693250665424,0.624148907849134
0.5841233684071392,-0.6731565187820808,0.4094116521912404
-0.6039351670256167,0.18129199753149167,0.5520471808519802
-0.21707674552985834,-0.7461018200206833,0.4361265291353167
-0.5172854113990843,-0.33695440427962053,0.29446575954191767
0.884611586198353,0.8887454800046963,0.9484533069621567
1.1257131774234272,0.8318240591998267,0.7636057941597608
-1.6727667625191918,-0.4170221905115344,0.14011317576645255
0.5626186558308921,0.7282250296251617,0.8684679758979128
-0.4382422176902611,0.40410505539588054,0.48743119824951364
1.204789516935923,0.3526294607413459,0.8945522268940914
0.041334763506079786,0.2967557803015812,0.7998552559473152
0.11271561645850886,-0.13862982179801558,0.42521350446923345
-1.6945195702976088,-0.9159099820670542,0.022469308320117398
-0.8690231178013563,-0.4355604223931031,0.2686773593849461
-0.9724122863634739,-0.20980425456721458,0.5416342146608669
0.06784705627883053,0.5024560085849004,0.6334782198261473
-0.32746193811082314,0.0365369585709151,0.2578876854332023
-1.9031764324980467,-1.4771992739668005,0.13935607407282413
1.581992655309338,0.7774949877418068,0.8349302367992991
2.1815481989864076,1.1246525982695805,0.9844021807035521
0.6152987486656654,-0.2677818240775313,0.5256901823026858
-1.222767082709425,-0.3676713033591246,0.1716792858483035
-0.6308103260483787,0.3846428458462736,0.27230732651936895
-1.9553591972543725,-0.8196928042216155,0.018390676547466733
1.3436666435673084,1.3567993420952051,0.914298806560499
-0.8447047610565421,-0.060356168363492446,0.11775108289014113
0.0050931796019964,0.2688204321362194,0.5765164755142536
0.1203162057176349,-0.29956364262214685,0.274055220687206
0.11507766519995383,-0.42757494428444354,0.5541780025157934
0.5786220567350687,-0.3192435683118293,0.6514203883518642
0.8926610753562146,-0.06428003352433376,0.8297418037072016
-1.3080526304280387,-0.5916831077136727,0.2064212717606032
-1.2778373592177776,-0.5241299602297518,0.010995828658480478
-1.0780698252026164,-1.0008844071189356,0.13688563006880727
2.1896601575112995,0.5402583176832787,0.9000186418481051
1.3515048545579889,0.10406562012033549,0.8738900775625152
0.3132550541260872,0.07264795649550634,0.5974131021703083
0.04947616656610576,-0.15467097085125003,0.6005168604336534
0.4680249225732336,0.6939262853942163,0.6650366745462555
-1.2169466887630946,-0.6727196280340082,0.1753712786234496
1.4076387593838857,0.14939860193407273,0.9144119459249598
-0.7667521256267337,-0.24866573805581008,0.4187705248920731
0.20443539772482788,0.07122497835945446,0.38313852824949746
0.11012322359309452,0.008753542135941862,0.5189177052828375
-1.8861520804406036,-0.5646062298614242,0.046965966775055046
-1.1905891641737174,-1.5056354520250568,0.1662833687560794
0.07350743916093871,0.6749919494242883,0.7380336164263704
-1.717458672831813,-0.624221109270327,0.08279866792512647
-0.9270159502631885,-0.22058209212926794,0.6031521094663882
-1.1514574256762617,-0.2620879011443404,0.24534910968132095
-0.40843269929169235,-0.26842308111479113,0.38929561404197655
-0.8625438557035274,0.22131550121365373,0.28869373677069987
-0.427345520196484,0.5218476861876106,0.35567271646494913
0.7719407724273367,-0.20837722618456345,0.7190459051842455
-0.25094971772333935,-1.23120271034055,0.297121715623175
-0.3298256401306644,0.18542340485629122,0.5664046402968972
0.18371178897144225,0.21662870249745758,0.47605040219909966
-0.3270204446901426,-0.5774071579312077,0.6636711653626481
1.4456124171645244,1.7585890319038864,0.936829739324758
-0.2543983588629969,-0.27630035391240415,0.7325720972102503
-1.6876928692841773,-0.514443570164258,0.21494037859075676
-0.9227679442931492,-0.8152807038370056,0.031183135061284672
-1.73972128699577,-0.3905481613261563,0.2622640442998251
0.2369361228684788,-0.3103798715913316,0.5950779307002548
-2.1732668333915988,-1.8225924841149688,0.05142581348425035
0.06416902216124618,0.2314323039433701,0.49636624720123634
-0.6806086539331088,-0.11532153319879163,0.5968428489168892
-0.8165517451008544,-0.33708839828378656,0.3342438908169608
0.6492258067926621,0.7077681379157964,0.7709122037458219
0.12143666084050153,0.07345753584435233,0.1065982531337718
-1.0978377169116829,-1.3172136175091502,0.07513778173580876
0.5495091797100844,0.24336610507520104,0.7281887562036033
-1.26571060860271,-0.15920701531212378,0.49549131620619846
0.8294502415933331,0.5037714049108446,0.688402396427736
-0.044428497054736754,-0.24997353542100714,0.4348273386037462
-0.6618211026058954,-0.8288143420919141,0.2464020332391068
1.3463636266193377,1.269547942135839,0.8191023176741997
0.7983834417305803,0.09775010868073386,0.7994158789689793
0.31131437972058845,-0.15582462566923017,0.6946964708544268
-1.0155900745460036,-0.2834056924853884,0.2721451372299627
0.17094544063857808,0.34179788092149255,0.5902306668690871
-0.11665701163873932,-0.14684152685452884,0.3609738969400268
-0.9349780443110425,-0.9829327021195514,0.09158207332663415
1.7327780272414215,0.39540342206956264,0.9173135754622428
-0.778813380660983,-0.6336101780437968,0.1368186309189614
1.5364933493985349,0.9184887017447138,0.9502373538208024
-0.2543883899470785,0.0720734021419917,0.44600577295795574
