0,1,2,3,4,5,6,7,8,9,10,11,12,13,14,15,16,17,18,19,20,21,22,23,24,25,26,27,28,29,30,31,32,33,34,35,36,37,38,39,40,41,42,43,44,45,46,47,48,49,50,51,52,53,54,55,56,57,58,59,60,61,62,63
-3.3076034,-3.9230113,-0.92500955,1.6144462,0.09155947,-1.3445365,-3.2354465,-2.8141937,-4.519433,-3.1146555,1.3449516,-0.7400443,-0.42625326,-1.0951011,-4.5573444,-3.1878052,-3.551908,0.81535244,2.32167,0.9694755,0.22349119,-0.7973938,-4.219949,-3.5917492,-3.0684314,0.77907544,-0.28656936,-1.4704978,-1.772718,0.76097816,-2.7449253,-3.2128358,-3.0275588,-2.04219,-1.3424242,-3.5755908,-0.48859215,2.3740897,-2.8580198,-3.290973,-3.1878223,-3.1153884,1.928668,-1.382545,1.6767184,0.37084675,-2.137045,-3.0568497,-3.8783088,-2.6749716,-0.26926398,-1.0622438,3.6723974,0.21716726,-0.9739723,-2.5763285,-2.9349327,-3.740185,-1.9216692,0.96493757,1.8676474,-0.6283796,-0.3043933,-2.5276694
-3.8509753,-3.3760886,-2.4810314,-0.64236987,1.3591843,0.9461309,-3.6283598,-3.4352033,-3.6224997,-3.3254805,0.22898436,0.3936169,-0.4274885,2.00843,-3.07682,-3.7226415,-3.28719,1.2556357,1.51906,0.35815358,-0.92320013,0.08550632,-2.855577,-3.878943,-3.824514,0.57480496,-0.79510486,-1.7603221,-1.1889253,2.4168518,-2.038772,-7.27123,-3.115975,-2.0981376,-0.517475,-1.9451103,-2.5678725,3.3520856,-3.1068645,-3.344782,-3.1782055,-3.801669,0.20729971,0.12928724,-0.5656662,0.861029,-2.7853565,-3.2019262,-3.6694288,-3.2352977,-1.5057867,-1.3259772,-0.2546757,-0.65215087,-1.6815535,-3.5651712,-3.0991015,-3.5895567,-3.6883416,-1.1508534,1.5955639,0.74091387,-0.95478535,-5.7989845
-3.4095626,-3.625126,-2.3524847,0.36845297,-1.8940673,-2.2226062,-2.5695329,-2.8246012,-4.03703,-5.114441,0.11750436,2.8132951,-1.2651541,-2.8396873,-3.8452663,-3.2853854,-3.2353382,-1.7004082,5.26429,4.5310287,4.518813,-0.5216627,-3.5123613,-5.385625,-2.8583453,-0.6201844,2.7642076,2.010149,-4.353074,-0.31881118,-2.2416604,-3.929124,-3.2706015,-2.6309474,2.072035,-1.3215609,-1.4881635,0.012283802,-0.9253838,-3.8579845,-4.037664,-3.3307767,0.7148628,-1.8922485,-2.60709,-1.4748846,-0.6191567,-3.1389132,-3.7071464,-3.0265288,0.29973173,0.6773697,0.12933701,1.4683303,0.95520097,-2.7631369,-3.2753417,-4.203,-1.541864,1.0020257,1.3764617,0.44216546,-2.4172494,-3.4529445
-3.1164398,-2.986692,-0.16311061,1.4185765,1.0760912,-1.1790724,-2.6656892,-4.545884,-3.4704037,-2.2216978,0.5503578,-1.1271752,0.45676303,0.44232953,-5.6222944,-3.676032,-3.9100645,0.79979014,0.4911654,-0.9247024,0.84071445,0.28956008,-3.0520182,-4.0880084,-2.830923,0.03133239,-0.7843257,-3.4450333,-0.9185722,1.6679965,-1.3597139,-4.7428403,-4.0267644,-1.7337586,-1.2739651,-2.287061,-0.36707067,1.0596981,-0.78319454,-3.2484806,-6.388184,-2.115093,-0.9453206,-3.1884854,-0.8073399,0.25446522,-0.13975394,-3.5171387,-3.6285663,-2.011762,1.1583323,-2.1912508,-1.0769578,1.2663677,1.2788863,-2.842572,-2.8858602,-2.9724839,0.1621449,1.0291128,4.8131137,3.8093648,-0.7553015,-1.51986
-3.0404017,-3.3783453,-0.870512,2.7060337,3.2593737,2.5868258,-1.158316,-2.5836911,-3.4854002,-2.5715826,-0.21681738,0.46096215,-1.0872269,0.5063846,-2.8506227,-2.5924838,-4.109388,0.8168678,0.98881817,0.9334161,-0.066580534,-1.2880527,-1.8943493,-3.3224893,-2.942922,0.17649972,1.3172433,-1.058393,-0.8635316,1.1482711,-1.274552,-4.811585,-3.2049983,-1.8412892,2.1908674,-1.403014,-1.812277,0.15187053,-0.8042693,-2.907374,-3.4394982,-2.66335,2.8363307,1.3321265,-0.5820868,-2.3099313,-1.4844533,-2.9861214,-3.3254166,-3.2121763,-0.13797486,2.031414,0.10135764,0.65788865,-1.5536822,-2.8458707,-2.7733011,-4.02069,-0.9934543,2.9954813,1.9887623,1.964916,-0.46401596,-2.5964227
-2.9078674,-5.812318,-2.2464685,3.856746,1.1874259,0.37351668,-2.409996,-2.7409973,-3.427862,-4.0717263,-0.65708673,0.9754797,-0.1188429,0.44156885,-2.9638546,-2.2223496,-3.244199,-0.22929674,0.0501014,1.4466231,-0.8255911,-1.1505396,-1.7625519,-2.7784514,-3.1858296,-0.05713499,-0.5654349,-1.1144125,-2.1863594,-0.38742632,-1.7482153,-4.0610046,-3.8339508,-1.4925591,-1.2407756,-2.1258535,-0.93380654,1.6248331,-2.0478258,-3.3008916,-3.1829536,-2.449515,-1.5695066,-0.6982362,0.07592869,-0.41791642,-2.2947466,-2.8453035,-3.0180607,-6.1880302,-0.17047322,0.9985202,-0.26446187,-1.2152625,-2.4541025,-2.3699493,-3.0576096,-3.2126646,-2.9022763,1.6546863,2.5464065,0.03258896,-1.9865322,-4.2943087
-2.9880178,-4.4606466,-1.6077107,0.9037241,-0.39130795,-1.9361331,-2.8217845,-3.1039045,-3.5129414,-3.9667659,-0.6655431,2.090249,2.5330143,-0.78100073,-3.9202158,-3.234471,-3.9998379,-2.2860005,0.7261268,4.606044,7.1097484,0.58067465,-3.654681,-4.670892,-3.0624356,-1.4191232,2.1815681,0.54483306,-1.1472032,2.671715,-1.9733406,-3.1984308,-3.5350277,-1.6278037,0.74861217,-3.6017795,-3.949812,2.0371208,-1.6272838,-3.2808454,-3.60754,-2.2968283,0.5350938,-2.6362724,-3.2466378,1.0107925,-0.5517584,-4.3021684,-3.4266183,-2.9713144,3.3464274,0.26356435,0.52740514,2.316969,0.25171053,-2.877462,-3.2675467,-3.925566,-1.0676166,2.5635037,1.8427945,1.1467851,-1.9327868,-3.6784182
-2.9689262,-2.9123492,-4.1313143,0.81077766,0.7872945,-1.6089747,-3.627256,-2.9158268,-2.8802333,-2.51206,-0.45538813,3.7960355,2.7271352,-1.4729178,-3.3518758,-2.5391183,-3.4454284,1.8327007,1.7469692,1.5055865,0.3162614,0.01832068,-2.9579668,-3.3791723,-4.6499376,-0.3013075,2.456975,1.9551744,-2.3781252,0.017207026,-1.9625224,-5.1830792,-3.5110528,-4.674389,0.91514623,1.7079111,-2.3262765,-0.7352336,-2.1135147,-3.5348625,-4.415673,-3.4602659,-0.65815747,2.6868536,-2.64605,-1.3870466,-1.1060264,-5.170127,-3.4340196,-4.0883207,-1.0023376,5.306218,-0.26078022,1.0791655,-0.47899458,-3.5905228,-2.9419246,-3.778682,-2.5744834,0.32422245,4.2229958,0.42823285,-1.6291051,-3.6074994
-2.7463887,-3.8050516,-2.392334,0.3709656,3.721662,1.4796919,-2.152332,-3.1036239,-4.1199303,-2.7040749,0.9470606,1.292347,0.042868733,0.9050801,-4.166692,-3.977635,-3.4044938,1.0975072,3.7644324,2.7926877,-1.403749,1.7311498,-2.8691401,-3.9164329,-3.1678653,0.19969821,1.8354914,0.8223494,-0.8337741,2.4084706,-1.8288689,-3.3734434,-3.555378,-2.1832516,-0.65121007,-2.0346837,-2.0758178,2.830402,-1.9419559,-2.912819,-8.312134,-2.8437643,0.9059956,-2.2772403,-1.9130943,1.9709988,-0.52345765,-5.8344116,-3.2359838,-2.6858516,0.72861004,-0.96183395,-0.5420118,3.2733984,0.9374989,-3.4103205,-3.483279,-3.738815,-1.5271616,0.6473665,3.4350076,3.1167927,-1.2423882,-2.786007
-3.1028929,-3.6361017,-3.2368805,0.33914816,-0.27450562,0.8034517,-2.6218367,-3.2645428,-3.1952379,-7.5300694,-1.619997,4.122917,-0.56793797,-1.6807497,-1.8606731,-2.5564604,-3.18074,-2.2747498,1.7959844,1.1365048,-1.0117748,-3.141642,-1.4288998,-3.0089626,-3.1474037,0.7401541,1.5641282,-1.616909,-2.417532,-1.1473384,-1.9545709,-3.4326515,-3.8007045,-1.3612368,-0.7713832,-1.8388933,-3.612448,-0.74699116,-3.074052,-4.1523485,-3.7824562,-2.6141303,-1.3587072,-1.4335854,-0.45743918,-1.7295527,-4.482377,-3.4594035,-3.4112363,-2.2578046,-0.26376593,0.25930262,0.6502226,0.16345903,-2.9684129,-3.021474,-3.241159,-3.7724218,-2.8299956,0.9840962,1.5584712,0.18070269,-0.9538356,-4.4107313
-3.2136064,-3.423272,-2.6151338,-1.2668949,3.2701523,0.8748983,-2.3871465,-2.923319,-3.3901289,-2.621475,1.3801279,-0.7004185,-0.3856448,0.60606545,-2.6924188,-2.7008867,-3.7046242,0.34882772,0.028833508,-0.9135349,-0.57155323,-1.1632202,-2.7481031,-3.1822567,-4.1489406,0.111946285,-1.2616992,-3.9107661,-0.86204576,1.6539943,-2.843555,-3.1440058,-3.4304242,-2.3084502,-2.1932435,-7.0565996,-3.6470034,1.9209876,-2.55075,-3.8889894,-3.303358,-2.8197913,-2.0977845,-3.058827,-3.7347445,0.16944748,-2.3792355,-3.7683415,-3.3905978,-3.0112894,-0.9857577,-2.0078363,0.76725745,1.4159803,-2.589981,-4.5131044,-3.60539,-3.8079967,-3.747162,-0.8984102,1.3326379,0.7066977,-1.8921804,-5.134871
-3.2868762,-3.4096115,-1.250371,1.2525759,2.8440003,0.9014748,-3.4182794,-2.831639,-3.3727622,-2.2541845,1.6824281,0.44700575,-1.2891835,0.6508361,-3.8530369,-2.898213,-3.4452786,1.3546948,1.3446579,2.503459,-0.38182688,-1.3368577,-1.7439181,-2.7650323,-3.062855,1.236588,1.7954512,0.86076903,-1.0448813,0.32328784,-1.0871813,-3.2219834,-3.5118315,-1.9848831,0.41362512,-1.3383957,-3.3026917,0.7776702,-1.114366,-3.21411,-3.687014,-2.2091105,-0.3063624,-0.88787913,-1.1103954,-0.54018974,-1.5765216,-3.0797958,-3.261228,-2.6096501,1.4873376,1.1779783,0.52027625,0.41974318,-0.60513747,-3.0958576,-2.7926211,-3.7614608,-1.9541152,2.915486,1.8490747,1.9438998,-1.3831365,-5.7012205
-2.763898,-2.4718046,-1.396584,1.0904758,2.1055264,-2.8140388,-2.9276423,-3.056245,-3.4766674,-1.2190529,0.5967145,-0.6653476,-0.53797555,-0.3386198,-3.5566587,-3.0769577,-3.7226717,0.51000893,-0.37042516,-0.63322353,-0.3028407,-1.1303289,-3.4501443,-3.3778384,-3.2575717,-0.54005224,-0.7177974,-1.4039562,-0.825289,1.5869081,-2.3814423,-3.7461417,-3.3815722,-2.12635,-1.0312427,-3.2536204,-1.4242396,1.3042119,-1.7814623,-3.2501392,-4.3209653,-2.642249,-0.6208334,-2.983213,-2.197088,0.8223767,-1.4211197,-6.9237304,-3.4664829,-3.3729515,-1.2496691,-2.209384,0.96137106,2.408865,-1.8565876,-3.713461,-2.9544678,-3.2874827,-1.9224805,0.25283098,1.7585883,1.6380116,-0.4659288,-2.0324838
-2.7086954,-4.167737,-2.6990633,-0.29245263,-0.71108127,-3.0984838,-2.1995633,-2.8085265,-3.8147514,-4.860844,-1.8984535,0.4187137,-1.3495113,-1.1832464,-4.248979,-2.5687065,-4.3797765,-1.1106138,1.5799471,1.4404227,-2.0496035,-0.75681835,-3.3880808,-3.6458423,-2.6389017,0.2735933,-0.7821311,-1.0301791,-2.0978417,1.5682611,-1.9491678,-3.2701762,-3.7385778,-1.8289837,-1.1942408,-3.6101398,-1.5154892,0.49514347,-1.9223439,-3.809505,-4.4529653,-1.9547603,-1.2124889,-3.761329,-2.7538772,-0.84077805,-1.5934552,-3.272877,-3.4869099,-2.762638,0.8090006,-1.4000514,-0.12625533,1.8419502,0.8876113,-2.0670342,-2.804525,-3.8970017,-1.6893682,0.42129934,2.4479928,2.2646835,-0.8913405,-2.5462928
-2.9074478,-3.8127954,-3.0798278,0.6502461,1.5891095,0.43748152,-4.90648,-3.1374497,-4.968064,-4.899354,-1.449637,-0.047148228,-1.1022612,0.84703785,-3.88646,-2.375868,-3.0954545,-1.5164193,2.0650918,-0.19361317,-0.9147458,-0.96458983,-2.4096398,-3.2002249,-3.4585836,-0.17394853,-0.22551727,-1.5697435,-1.4423071,0.6006038,-1.5473979,-4.2150774,-2.8086393,-2.5796664,-1.4434679,-3.2617188,-1.6193516,-0.092704296,-1.5119956,-4.024178,-3.504236,-3.07031,-0.80534446,-2.2410688,-2.5743456,-2.2590299,-1.7054683,-4.2735085,-3.9400008,-2.2795167,-0.9871957,-0.48902202,-1.4020629,-1.6683755,0.37962583,-2.6012983,-3.220735,-4.4277167,-2.7118292,0.090777546,3.5873697,1.382468,0.3070264,-4.225575
-2.7425773,-3.8596802,-0.87005395,1.8818358,1.0000315,-1.330332,-3.6549227,-2.8134325,-3.6264067,-4.824282,0.10933328,2.815576,2.0530932,-0.012677908,-4.012165,-3.895614,-3.3244042,-0.3213272,2.181266,3.0908928,0.9891196,1.2517799,-1.8692288,-3.1931193,-3.0595255,-0.44904327,-0.34451997,-0.326218,-1.1733881,1.410928,-1.3708044,-3.2594059,-3.0869036,-2.4327116,-1.5253384,-2.664411,-0.91898966,3.1889305,-1.6407146,-3.1885183,-3.5030487,-2.1441896,-1.1407738,-3.1271005,1.3228935,1.4792489,-1.3619952,-2.8671913,-3.4522748,-0.85843,2.6680026,0.3086108,2.17456,-0.024111152,-1.6012992,-2.7050025,-3.1928403,-3.434591,-0.27929407,3.4305854,1.521876,-1.1443459,-1.6600353,-4.010145
-2.4119744,-3.3232136,-0.9084176,-1.1110556,2.1121101,1.6460382,-3.3502774,-2.8791146,-3.6935976,-4.3349,0.41428316,-0.7282446,2.7354145,5.922746,-1.5632906,-2.6268528,-3.2385528,-4.122722,3.0070684,0.7316031,1.1124233,-0.12629867,-1.2587293,-2.785327,-3.510361,-1.5930057,-0.70293605,-1.99801,-1.0184852,1.9302416,-1.5883529,-4.502797,-2.7544537,-2.5923443,-0.56902933,-3.2395856,-0.95329785,1.8422967,-1.5855852,-3.3474212,-3.2310276,-1.9066024,-0.49162793,-2.3974519,1.3635488,1.6682987,-2.1204405,-4.0677147,-3.5667536,-1.2321875,2.1513205,-0.9058132,2.157365,0.44379747,-4.2944665,-3.7682366,-3.3847392,-3.1158237,-1.712366,-0.72475815,0.06254971,-0.63794184,-2.6071289,-4.347214
-3.0839336,-2.9958262,-2.1742153,-0.6398158,3.338546,1.7233143,-2.2777421,-2.800752,-3.1613452,-2.121388,-0.005025387,0.9513714,0.78303146,0.96000737,-3.0573263,-3.0857582,-4.6485558,1.2030205,-0.6977587,-0.40711546,-1.233855,-0.88536704,-2.7299168,-3.8969378,-3.4021158,0.068557106,-1.3859478,-2.8800035,-1.2427771,1.4195065,-1.8577061,-3.073093,-3.755212,-2.2460878,-1.2188092,-3.3837967,-2.755581,1.3093381,-1.1033115,-3.4919672,-4.3660965,-2.571666,-0.7795129,-2.0790875,-0.33569264,-0.099549785,-1.0171653,-3.9355147,-3.1476893,-3.6055965,-1.3421018,0.6542356,2.917355,2.9926713,-1.1703882,-3.978903,-3.1918368,-3.970446,-2.6555133,0.54495084,3.6267958,1.7200999,-3.5316901,-3.0488575
-3.0161626,-2.9935546,-2.6071997,-0.7716161,2.2183704,0.5690452,-2.6946995,-2.5191414,-3.5915496,-4.017614,-1.9560694,-1.243378,-0.30468598,0.9729513,-3.8490222,-2.8271286,-4.116486,-0.57117087,-0.47801286,-2.4105499,-1.3966949,-0.96527624,-2.3199685,-3.8499613,-2.998324,-0.44261155,-0.6167126,-2.2251315,-1.8609495,0.80568886,-1.4308953,-4.0692186,-3.2180443,-1.390907,-2.5768442,-5.363834,-1.5207437,1.1876128,-1.5984433,-3.4864752,-3.3317251,-2.299036,-0.83069336,-5.677526,-0.40314853,0.8268152,-1.2949985,-3.81267,-3.4107084,-3.0178795,-0.47111762,0.27230668,2.147498,3.068571,-0.64215016,-2.6688476,-3.2691839,-3.125427,-1.854436,-1.0667882,0.717649,-0.3172269,-2.2460709,-2.7631755
-2.4850302,-7.9352703,-2.8467288,0.4888227,0.879066,-0.2767229,-2.206932,-3.0162876,-4.7408433,-4.7160225,-1.2254558,-0.2969681,-1.4650664,-0.40668714,-3.1472468,-2.9343019,-3.4807003,0.0824129,2.1926985,-0.36575782,-1.0403941,-0.7567388,-2.8491502,-3.771546,-2.8935072,1.0911981,-0.10220277,-0.13228166,-2.269541,0.39096987,-1.7608889,-3.3129282,-3.258151,-1.7644119,-1.8023734,-5.043796,-3.4817376,0.94228923,-1.5089209,-3.3555894,-3.7203894,-2.1369236,-0.55215454,-2.0766633,-0.8601086,-0.9932756,-1.096507,-2.944888,-3.2990406,-2.8319604,-1.7372739,-0.61318195,0.107931495,2.1394718,-0.6210536,-2.4752848,-3.347496,-3.1188967,-3.086021,0.30626082,3.3925445,1.9407115,-0.78366995,-3.000626
-3.349046,-3.3123374,-1.3634659,2.1169305,0.66244805,-0.4863727,-2.0983894,-2.8025274,-3.4046993,-5.426846,-1.6548558,0.0018209219,0.58065176,-1.535024,-3.3403301,-3.045008,-4.4027767,-0.303522,0.6013943,0.6526289,1.197929,0.08649182,-3.0720563,-3.2574522,-3.9261708,0.93772906,3.333766,-1.2596025,-0.95189357,0.24739105,-2.1362817,-4.3670006,-2.7650685,-2.6088777,2.165999,-0.23946857,-2.238441,0.7995541,-1.8992093,-3.4186292,-3.1967764,-2.8106961,2.9610016,0.91110194,0.08738327,-1.0832623,-2.323287,-3.1922998,-3.8068829,-2.4954734,-0.41791832,1.0696152,-0.57191586,-0.30160666,-1.8700666,-2.6563566,-2.7572763,-4.2123113,-1.723349,3.031735,1.8499115,1.1884553,-0.86824536,-4.8572726
-3.1546996,-3.5377862,-2.6856968,-0.3261584,3.7141137,1.9696559,-1.8471808,-3.6275327,-3.3316846,-3.3276124,-0.7598605,-0.4069165,1.1712701,1.378061,-1.9193946,-2.8023367,-3.3713846,0.4221431,0.6382998,-0.032041788,-0.38987517,-1.7112691,-1.9926083,-2.5383537,-3.5987432,0.52048403,-0.8866363,-2.0768905,-1.3672693,1.8611969,-2.1020386,-3.3653204,-3.7788515,-1.8957236,-1.0407779,-2.527967,-1.062475,1.6775262,-1.9088173,-3.6134665,-3.4346764,-2.0559132,-0.9881419,-0.91439867,-0.8500464,-0.5902345,-2.9886017,-3.013069,-3.7433124,-1.6663761,1.6938772,-1.583188,0.62509584,-0.7123256,-3.868025,-3.6266425,-3.21204,-3.581054,-2.814076,-0.08249438,0.7525549,-0.8487797,-2.275225,-8.359934
-3.128534,-3.2232866,-3.0954914,0.2403897,0.5278575,1.8586209,-1.249604,-3.0144145,-3.59965,-6.268335,-1.5729719,1.8261352,0.5307139,-0.005395651,-1.2393153,-1.6452209,-3.316352,-2.4073749,1.17768,0.2150985,-1.243372,-1.1460029,-1.727695,-2.492166,-3.1424088,-1.4467372,-0.44399405,-0.9745605,-2.1246107,1.8342959,-1.7176148,-5.020494,-2.937258,-2.8124757,-1.1105535,-3.224548,-1.7066734,1.2693751,-2.9163704,-3.5268726,-3.7622733,-2.0737338,-1.4577061,-0.7835207,0.7253834,0.5684378,-3.7681034,-3.5627801,-3.6292422,-1.521839,0.6928735,-0.16343021,0.28908408,-0.56116635,-1.6702747,-2.7135124,-3.169794,-6.847673,-2.4672794,0.32636404,1.1025372,-0.44783902,-2.1573906,-2.898621
-7.066114,-3.983277,-1.5016134,3.2605834,-0.44011462,-0.9975169,-2.850278,-3.2932405,-4.2534814,-3.7896416,-0.19452906,0.79180014,-0.3310938,-1.4670405,-4.170406,-2.9867408,-3.3575659,0.91531366,1.6801132,0.31385088,-0.48075438,-1.3169706,-3.1118956,-3.8730743,-3.3587964,0.47620308,0.967994,0.27379787,-1.1211698,-0.4384231,-1.9788827,-3.7483487,-3.319128,-2.0498347,-0.09835088,-1.1633358,-4.6395164,-0.09718835,-1.5316598,-3.8444843,-2.8913608,-2.4785585,-0.276708,-0.19472146,-1.4682114,-1.6497754,-1.5404199,-2.827242,-5.1139326,-3.3201137,-0.8159709,1.1141444,0.36391103,-0.87966895,-0.3577764,-2.051045,-3.1370895,-4.4261427,-2.4991941,3.1397657,4.837532,1.1322942,-1.2023102,-4.441476
-2.672569,-2.8772418,-2.7289505,-1.2238073,4.2123938,3.9919014,-1.0622312,-3.3582861,-3.143582,-4.3416934,1.1704602,0.9835222,1.6265873,3.5523152,-2.58877,-2.7872505,-3.7998319,0.40308607,2.500627,1.7652905,0.80560577,-0.8488698,-1.9797918,-3.1014245,-3.0253925,0.80490506,1.4312494,-3.4343166,-2.2774491,2.189594,-1.716591,-3.1648738,-3.59227,-3.007388,0.56024384,-3.9998162,-2.352924,1.7938126,-1.5768981,-3.0708501,-3.9998648,-2.431044,0.15953755,-1.2084938,-0.006806612,0.005155802,-1.8551502,-3.481997,-3.0396528,-3.435581,-0.0017255545,-1.2645609,1.4485139,1.914759,-2.7209163,-4.0087585,-2.8769946,-3.7915776,-2.6806748,-0.19436193,1.3862946,1.6038028,-2.2059603,-3.3375962
-3.0637753,-3.7735763,-1.8877506,1.249642,0.46343842,-1.5451154,-3.5243673,-2.9426198,-3.5495305,-5.2600427,-0.64983636,0.34133416,-0.4992569,-1.7483773,-4.3919063,-2.8263628,-5.1351547,-0.5809641,3.3485918,1.043154,-1.1969184,-1.0115435,-3.9422631,-2.7291598,-3.7363758,-0.14413154,0.28908253,-0.82017887,-2.2598057,-0.8861958,-2.3169677,-4.463374,-2.9119396,-2.5303109,-0.73740536,-2.7589536,-1.920459,-0.68963325,-1.1545618,-4.5141363,-4.009228,-3.107874,0.11329889,-3.1876283,-1.5617568,-2.4603333,-1.3237078,-3.5388732,-3.7173433,-2.688811,-0.48406434,0.4793396,-0.020519927,-0.1981163,0.5752412,-3.1733153,-2.7549775,-4.0881953,-2.653678,1.2172962,2.3478408,2.5333467,0.7151197,-3.6201034
-2.9498603,-2.8136039,-1.4481112,1.2616929,1.412349,0.15772533,-3.8308144,-2.418988,-2.9947112,-3.433474,-0.27578306,2.0365825,0.8278171,-0.72820044,-3.714203,-1.9886636,-3.175868,0.0659014,2.9155526,1.4342563,-1.211643,-2.048343,-2.7902367,-3.1917486,-5.325469,0.3219449,2.302431,0.52882886,-2.7617922,-0.8925748,-2.3051925,-4.7437563,-3.0829039,-2.8885171,-0.14786887,-1.5335581,-1.2734171,0.8301165,-1.923171,-3.904228,-3.6059895,-3.7133515,0.5841172,-1.7999506,0.07096946,-0.804867,-2.228139,-3.1926005,-4.2576184,-1.9591295,0.22760475,3.34518,0.8923354,-1.18431,-2.1066995,-3.020431,-4.2096667,-3.5393424,-1.606566,0.96072936,2.0384727,-0.24237251,-1.922383,-4.067238
-2.8027887,-2.9092662,-1.5062633,1.0472826,1.6412872,-3.0902612,-5.010418,-3.056091,-3.3317075,-1.0536996,1.101958,1.0877393,1.2986971,-0.8775671,-3.7916877,-3.4541907,-4.1647983,1.0146536,0.3742925,-0.88063467,0.5441644,-0.6651831,-3.2393024,-3.5602217,-4.0735116,0.18789053,-0.4762044,-1.2137197,-1.1496446,0.8005878,-1.9188585,-3.1609468,-3.538805,-2.6896572,-1.1562943,-4.4721923,-1.4489182,1.4716998,-1.5139527,-3.8570318,-6.44063,-2.8053484,-1.3336209,-2.3606133,1.4327335,1.85603,-0.69552606,-3.5065272,-3.5777602,-2.6953342,-0.21040297,-0.4451002,2.4982767,3.4194074,-0.5967355,-2.7031941,-4.5395794,-3.593874,-1.8778487,1.0226078,1.9670532,0.31667674,-1.245442,-3.5536232
-2.7881143,-3.7609906,-2.3746507,0.1477207,1.5891132,-0.051015615,-3.1127696,-3.2423775,-3.8030076,-3.0401964,2.1062453,0.03831929,-1.214551,-0.20185757,-2.8050475,-2.6566033,-3.4163358,1.321743,0.7279619,-1.4889803,-0.82656574,-1.6489644,-3.0016403,-3.4532773,-3.0452697,1.1618041,-1.1965828,-0.8624623,-0.7410178,1.1521249,-2.0495236,-4.572339,-3.221932,-1.6940866,0.14343926,-1.6940501,-0.7115722,0.75625396,-1.8239368,-3.6038134,-3.9335814,-1.9713066,-1.7425637,-1.9127535,-0.9450588,-2.0434887,-1.9681876,-2.8932443,-3.296818,-1.7977401,1.1980841,-1.1157967,0.289863,-0.01511097,-1.7059813,-3.6367686,-2.629292,-4.2441344,-2.532785,0.9438452,3.9342828,1.288468,-1.11094,-2.3528645
-3.160562,-3.4894168,-2.9598765,0.2564721,0.3282274,-1.1414187,-5.149703,-3.1085048,-3.5662637,-4.0368648,-1.2502156,0.6951147,0.12811661,-1.9098649,-3.9410691,-3.0491345,-3.8264756,0.42353177,2.0905027,1.8555832,0.4035846,-0.16171396,-6.288332,-3.448286,-5.051273,0.8863632,2.7293205,-0.18341827,-2.317008,0.49654067,-2.3113253,-6.0072913,-3.1580524,-2.101451,0.33650362,-1.5700052,-1.5667664,0.52480495,-1.5017002,-4.267204,-3.9009795,-4.2769294,0.70274854,-0.5328127,-2.3314238,-1.1142052,-2.0846982,-3.7551866,-3.8865294,-2.6944199,-1.0032167,0.6307656,-0.7687638,0.35590506,-1.6439731,-3.1540968,-2.9670882,-4.133295,-2.4285984,0.43739015,3.0125952,0.16225445,-1.621099,-3.8325994
-3.527863,-4.092117,-2.0882387,0.67837584,1.6290784,-0.75820124,-3.9147785,-3.1176853,-3.9919844,-3.6995106,-0.07883608,-0.41574782,-0.36709392,-1.1416968,-3.3363783,-3.1231833,-3.7530482,0.9409846,0.28106058,-0.65034986,-0.91075563,-0.8088067,-3.2772546,-3.6116004,-7.497253,0.50307196,-1.014308,-1.8445443,-1.0599043,-0.7107929,-2.2054665,-3.9388719,-2.759548,-1.5621384,-1.8370341,-4.756947,-1.8297417,-0.6611463,-1.5351213,-4.173941,-2.99295,-2.4120402,-1.0864598,-1.8413442,-1.658541,-2.448599,-1.6389773,-3.2605107,-5.212905,-2.4872954,-1.1512893,-0.8791659,-1.4274454,-1.3475,-1.3880665,-2.917593,-3.8967936,-3.9622855,-2.913683,0.7526569,4.9868,0.8465961,-1.3961762,-3.8068616
-3.1862946,-3.9913175,-2.901738,0.1837641,2.1990094,-1.0468743,-2.9645243,-3.133353,-3.6614459,-4.926284,-0.696221,0.6082493,-0.4892758,-0.3587958,-4.2136254,-3.9248815,-4.096465,-0.7112427,2.7869952,0.5620041,-1.4933964,1.1541774,-2.8053274,-3.4845445,-3.7404556,-0.5057634,-0.33523583,-1.4309144,-1.3848648,2.5876355,-2.0208986,-3.764697,-3.589449,-1.9408994,-1.4835104,-2.9316788,-2.6377666,2.9228573,-1.208154,-3.3670297,-3.919886,-2.3954628,-0.6091088,-4.381131,-3.2288942,3.0294132,-0.51578933,-5.8655186,-4.149104,-2.5243905,-0.19156814,-2.719998,-0.1327568,3.460039,1.0195137,-2.9306593,-2.9211822,-4.587674,-2.445657,0.05016683,1.8930616,3.5296354,0.16215968,-3.085652
-2.9657335,-3.7016163,-2.1157207,0.2603755,-0.8031949,-0.7573972,-1.7376499,-2.85556,-3.4643984,-6.2790313,-1.7022337,-0.5110398,-0.7553452,-1.4605346,-2.8853855,-2.5968907,-3.5638022,-1.6209043,1.4966391,1.0046332,-0.112406254,0.38287854,-4.556587,-3.1953635,-3.0817778,-1.2977242,0.8962356,-0.2637825,-1.5036151,2.2362652,-2.632593,-3.334495,-2.3038616,-3.622759,0.0021939278,-2.1474652,-3.6352668,2.406258,-2.571247,-3.4427242,-3.4124556,-4.3360653,1.936089,-1.6355326,0.88737774,0.7006149,-2.5808873,-3.3280118,-3.6157491,-2.8443408,-1.5800151,-1.4353225,0.77944505,-0.5686541,-1.635801,-2.1742063,-3.0476916,-3.9301393,-2.3157942,-0.8290585,0.32609642,0.52270794,-0.356843,-3.7296567
-2.830036,-3.421675,-2.6563816,-0.11781204,0.77607393,-2.1462069,-2.7148452,-2.9815435,-4.157195,-4.25232,0.109264135,0.25188732,1.5897322,1.0908368,-3.5209217,-3.119235,-3.6571066,-0.6717448,5.992326,0.5349756,1.5535226,2.1573937,-2.9406114,-3.4457664,-3.417542,-0.73542035,0.3859043,-1.8158079,0.521595,5.442761,-3.5163593,-3.4430785,-3.0112543,-2.0056787,2.6373434,-3.46969,-0.09137511,4.2469873,-3.3311343,-3.3833015,-3.92136,-2.4173198,1.8162339,-2.7026138,-3.0064423,2.5632582,-1.4279363,-5.463492,-3.4139223,-2.61647,0.33974504,-0.5659049,0.9715106,3.3759727,-0.6591393,-3.9093292,-2.8719442,-3.9512885,-2.287318,-0.6584679,0.90590125,0.75855005,-1.9755623,-3.831921
-3.440718,-3.9279227,-2.112408,2.1601124,0.25673565,-1.8062155,-3.1193538,-2.8286707,-4.3141766,-2.9926083,0.18043804,0.3085306,-1.3297476,-1.9760945,-3.8889346,-2.7448192,-3.6059825,1.1089084,1.6956843,-1.1220617,0.6600853,-1.522351,-4.831571,-3.721767,-3.2804008,1.3051838,0.85339206,-0.97155833,-1.1513453,-0.5010653,-2.7476156,-4.323805,-3.0643792,-1.925879,-0.29281855,-3.7637959,-1.4791026,0.3238094,-1.5694416,-4.8869886,-3.841473,-3.7406058,-0.20802021,-0.3592881,-4.0819483,-3.0880346,-1.078849,-2.7379985,-4.504697,-3.4251223,-1.252703,0.01323016,-1.8309412,-1.6355481,-0.25871968,-2.5342274,-4.7703524,-4.7125244,-2.8264132,0.770393,3.6591473,1.0015213,0.4128065,-1.9572154
-4.2308183,-3.1164045,-2.1085804,0.77055395,-0.42842305,-1.501827,-2.6687946,-2.4037757,-3.894303,-4.7334948,0.4284966,1.3856895,0.41820967,-2.4239867,-4.1156316,-2.567667,-3.4076529,0.23843181,2.670889,1.2615476,0.39096153,-1.438676,-3.1257637,-2.4180446,-3.4389014,0.8038131,2.6457949,-0.07447946,-1.5275981,-0.85348004,-1.9212245,-4.1195416,-3.3340545,-1.7488161,-1.2116663,-2.25428,-1.6372461,0.6228897,-1.6685563,-4.1720295,-3.3530433,-2.104136,-1.314874,-2.663878,-2.4356675,-1.7620579,-2.518581,-2.3430262,-3.8830657,-2.3424046,0.79537666,0.2024033,-0.5115515,0.16914272,-0.5720626,-2.192575,-2.87021,-5.0962205,-2.649876,2.3955178,2.6575744,0.19892299,-1.3958416,-4.9621744
-3.8308084,-3.3497086,-0.6123468,2.7820573,0.7061068,-1.0818981,-6.633852,-3.129054,-3.36756,-4.3918705,2.834326,1.0512333,-0.4880824,-1.0534967,-4.064886,-3.0617049,-3.1583338,0.8263931,1.6113735,0.8875356,-0.22401452,-0.26314878,-3.9409842,-3.516433,-3.8316796,1.5055122,1.2500739,0.11175656,-1.8263724,-0.13048732,-2.618859,-4.3651276,-2.6939547,-1.9304914,2.1263885,-1.3879617,-0.8261764,0.75258493,-1.7821966,-3.6683795,-3.1896718,-2.6705236,0.5885899,0.7473093,-0.55781937,-1.9936471,-1.2127745,-2.7354527,-3.9021895,-2.8267639,-0.38777518,0.50136703,0.9977428,0.8348973,-0.60255486,-3.5291839,-2.8701458,-3.5481071,-1.1804671,3.1239924,3.0868716,0.7460102,0.16926765,-4.657915
-3.2922301,-3.0893874,-2.7195182,0.63192916,0.658189,-0.08567786,-2.534243,-3.3192394,-4.082158,-4.403966,-2.1893458,0.86830163,0.1208539,-0.032144308,-6.199388,-5.631162,-3.530517,-1.0887686,-0.23444903,0.80042523,-1.2385991,0.38149452,-3.417268,-3.9379094,-4.513235,-1.3139973,1.6987282,1.3623997,-1.2289962,1.0611684,-1.6175429,-3.4349499,-3.1589563,-1.454312,-1.4105128,-2.5533028,-2.2733383,0.061208025,-1.3315296,-3.9669096,-3.0771244,-2.1134346,-0.5396447,-1.4476624,-2.4904423,-1.6450816,-0.7873125,-3.7407818,-5.1979637,-2.9677603,0.30547452,1.6373286,-0.84592277,1.3395237,0.7018535,-2.212605,-2.8464673,-8.614773,-2.3759656,1.7672765,6.876816,2.0371947,-0.9758103,-3.5397954
-3.2386804,-4.438058,-4.198332,-0.526224,0.8559677,-2.0198393,-2.149448,-3.0188518,-3.768392,-3.1225035,-1.5858697,-0.5464965,0.064584196,-1.3322227,-3.734002,-2.994483,-3.7085648,0.62560076,0.90715814,-1.0806954,0.19031882,-0.22058469,-3.8176746,-3.8747845,-2.8485854,0.5862519,-0.97513,-2.617236,-2.213025,1.713594,-2.789117,-5.4486055,-4.255535,-2.580656,-0.7876556,-5.315605,-1.8905641,1.9835037,-1.6342385,-3.570677,-4.618536,-2.4361439,0.32797325,-2.4128087,-0.7865406,1.3175213,-1.0835577,-3.4417527,-3.1971588,-3.3093996,-2.1258183,0.0964098,0.25426173,3.7891548,0.23601836,-3.496932,-3.1678936,-3.2459846,-3.1358323,-0.67741007,2.2755563,1.8573561,-2.4628372,-3.7092354
-3.0826705,-3.8950505,-2.0914485,0.0052674413,1.1863528,1.2098284,-2.7710147,-2.8660822,-3.4618497,-4.3310723,-0.7388524,-0.07055646,-1.6020141,0.18301663,-1.9139615,-2.6255302,-3.372117,0.67066026,0.6613922,-0.083331585,-1.9417181,-1.7209604,-1.2881887,-3.5151937,-3.4457326,1.1725008,-0.40032032,-0.8335638,-0.5528879,0.2029568,-1.3905451,-3.8341537,-3.107418,-1.8993729,0.1239028,-1.6245337,-3.740142,-0.9445466,-2.3550184,-3.6388535,-3.8009872,-1.7826437,-0.65223974,-0.81501794,-0.8650415,-2.9222147,-3.0209126,-3.6015658,-3.1762896,-2.2774804,-0.6944113,-0.22665656,-1.3623394,-1.0271814,-2.4987228,-3.5986693,-2.8585572,-4.475122,-2.0133386,1.4157916,3.6392138,0.33318937,-3.7186,-3.600646
-3.3233948,-3.0185876,-1.6695449,0.73882705,1.4796233,1.694765,-2.6212642,-2.748457,-3.1925993,-4.4109216,-0.26665616,1.155951,0.63296986,1.0090683,-3.2717023,-2.5232124,-3.3458204,0.97169566,2.8184288,2.40272,-1.8438189,-0.69161046,-2.245265,-2.5659297,-4.2991676,1.9073831,3.3116703,-0.7574773,-2.0603044,0.13588607,-2.2322176,-3.6436677,-3.157181,-2.152018,1.5746816,-1.1350048,-0.6581547,0.6891713,-2.3045845,-5.5533247,-3.1906002,-2.872369,0.9489572,-1.6528428,0.63038313,0.037272453,-3.897079,-2.913814,-4.0618205,-2.5752428,-0.3212161,0.6272788,0.25207734,-1.4601512,-4.9047656,-2.9761677,-3.1294448,-4.150715,-2.4883142,0.24731612,1.8484082,0.9517081,-0.9431721,-5.213508
-3.109015,-4.008111,-2.3571103,0.6629782,0.47840995,-1.123566,-2.079372,-2.5166023,-3.8234744,-4.1504807,-0.94051903,0.07789156,-0.7674985,-1.2553458,-3.1891894,-1.9768434,-4.40816,0.010872364,1.4320081,-0.6305418,-0.8159046,-0.9360831,-3.318178,-3.2769907,-3.6395562,0.48344827,-0.23119026,-1.2553279,-1.4794968,0.18722734,-1.9682808,-6.175475,-2.9252112,-1.8709818,-1.1352073,-1.9609934,-2.2203703,-0.7446893,-1.3872089,-4.145864,-3.286737,-3.054644,-0.90193796,-1.5460917,-1.6030238,-2.9578047,-1.7894694,-5.1343613,-4.5962734,-2.7232845,-0.9809675,-0.23537448,-1.2754688,-0.99178255,-1.2810893,-2.9294498,-3.0997734,-5.0645504,-3.0272708,1.2424598,4.330522,0.061989784,-1.940542,-4.551314
-2.9010804,-3.4575796,-0.61301076,1.1654434,2.513237,0.817692,-2.5882463,-2.7878597,-3.1935723,-2.6136012,-0.5429177,-0.51198834,-0.9105808,0.116760254,-2.9995928,-2.8514996,-4.214689,0.89463216,-0.2637229,-1.3301713,0.20727658,-1.2208107,-2.058257,-3.3661604,-4.723501,1.112875,1.5664599,-0.53559995,-2.4521327,-0.19323024,-1.3411633,-4.2163534,-3.3814785,-1.3579656,2.4864647,0.246279,-1.2618182,-0.5495057,-1.2179962,-3.6133761,-4.4163914,-2.1242497,-0.92907715,0.03674817,-0.76467586,-2.7076755,-1.6149564,-3.7698822,-3.7399812,-2.8280666,0.9009304,0.7271836,-1.558595,-0.52516913,-1.4977036,-3.404286,-2.8985777,-4.275162,-0.3452646,3.3485103,3.6289864,2.6634626,-0.4711473,-3.1729295
-3.3213158,-3.6112552,0.22017074,1.4599961,-3.8764205,-1.9397893,-2.487196,-3.2815864,-3.0798736,-3.1571193,-0.11076777,2.9354637,-4.1792974,-2.9811819,-3.3701358,-2.9863176,-3.2547574,-1.8394456,-0.07237142,2.5989206,-1.1565632,-2.4311206,-2.9634337,-3.8346598,-2.942633,-2.878544,1.71804,1.7562873,-2.0536194,0.95199937,-1.9471107,-3.1129613,-3.2823691,-3.2230678,1.982888,0.3719378,-3.9331827,2.1019127,-1.1856029,-3.3659265,-3.626343,-2.3728433,0.779397,-2.587918,-1.2035928,0.75397956,-1.4101961,-3.2055287,-3.0485013,-1.9737742,2.2662356,2.5234225,4.2144394,2.0524673,0.68791544,-1.7867571,-2.9153094,-3.440247,-0.0022863243,1.6702175,1.4829412,2.8236756,1.9148179,-1.1723713
-2.998816,-3.8915145,-2.4743235,0.5877714,1.3988752,0.13595855,-2.771399,-3.1193962,-3.7205498,-4.583759,0.039266825,1.6817201,0.28283572,-0.18686116,-3.6143503,-3.0590856,-3.3669207,0.62361723,-0.19629097,0.14372027,-2.015753,0.18323922,-3.0534391,-3.5592797,-2.8782988,0.38656408,-1.3492385,-1.4634185,-1.9069326,1.5285213,-1.7808095,-3.039274,-2.773693,-2.0259697,-2.0681634,-2.497341,-1.037535,2.6340108,-2.3045037,-3.3496284,-3.507034,-2.3955982,-0.2583158,-3.1476176,-0.7693989,0.9681057,-1.4836161,-2.9460073,-3.3951757,-2.46952,-0.55931246,-1.0244586,1.8932652,2.1116447,-0.8385534,-2.6983101,-2.976232,-3.4820037,-2.40582,0.43224013,2.092761,1.0577637,-1.526017,-3.453117
-3.169191,-3.4267683,-2.7057922,0.027443647,1.6576699,-0.10905635,-2.3679872,-3.099812,-3.8832698,-5.480577,-0.3957342,0.61608744,-0.11078179,-0.3529023,-4.481429,-2.993898,-4.0962706,-1.205228,1.6352792,0.3221662,-0.8163302,-0.01409018,-3.4472764,-3.3750591,-3.356074,-0.48281014,-0.019263625,-1.2277945,-1.9551103,2.0509043,-2.149451,-4.8841286,-2.9910254,-3.2975307,0.14418697,-2.0383344,-0.9097296,3.0940762,-2.4708455,-3.458735,-4.4379234,-2.733681,0.6613333,-1.0436289,-0.08876729,0.9669179,-1.6499081,-4.0051956,-3.6854057,-2.5853832,-0.5005381,-1.7337087,0.22418952,1.183618,-0.8171909,-2.8874788,-2.8267882,-6.096989,-2.6295505,-0.030094445,2.1846101,1.5742433,-1.1670313,-2.5765724
-2.6462781,-3.600055,-2.2974353,0.8384315,1.0153809,-0.09881115,-2.3440628,-2.8756113,-3.3177357,-6.530987,-0.2726189,1.1568967,0.45639634,-0.976133,-3.441655,-2.9185205,-3.4702265,-0.11140382,2.0068102,0.5234457,-0.10925436,0.49850523,-3.8734727,-3.1539745,-3.1391664,0.07284832,-0.4189726,-1.1540288,-0.6992178,1.9412923,-2.4964871,-3.5703435,-2.6106515,-3.6885943,-0.22041678,-4.0344343,-1.6688831,2.4395697,-1.6896986,-3.5298452,-3.3636107,-3.1905026,1.7395811,-1.2748265,0.07461858,3.180504,-1.101049,-3.9674664,-3.193903,-2.7756314,-1.2735202,-1.2969574,-0.25906587,0.27735734,-1.3528787,-6.0699778,-3.0144458,-3.7009969,-2.8812065,-0.20007217,0.37304613,0.11877537,-1.014478,-3.409741
-3.1467392,-4.0902815,-0.20774356,4.093539,-0.19564211,-0.8457403,-2.8672466,-2.7486475,-3.314359,-3.8551354,-0.4851061,2.675545,-0.5794072,-1.3697972,-3.2529075,-2.732744,-3.549594,-2.1549704,-0.011999011,2.1544063,-1.3326409,-0.54238474,-2.7560053,-4.289525,-3.1537454,-2.6243587,1.9022033,2.3652608,-1.7208656,0.49414283,-1.7660701,-3.811917,-3.0635748,-4.265194,0.81325185,2.5111387,-5.2136326,0.83632815,-1.6867795,-3.1854737,-3.3083827,-4.1069283,0.78577304,0.96894044,0.35960507,2.4361742,-1.0767514,-3.1008666,-3.4828515,-2.780274,-0.016758204,2.5931113,1.5834591,0.23431563,-0.64043367,-1.8709589,-3.8804476,-3.8307195,0.07703525,4.817683,2.5822277,0.7531541,-0.27297854,-2.905703
-3.0989304,-3.8310738,-1.5971961,1.3271227,-0.7535924,-2.501822,-2.855751,-3.043549,-4.4418683,-4.8756247,-0.94034094,1.2788593,-1.3836988,-1.1878018,-2.744849,-2.3591356,-4.2570167,-1.0505855,2.4530878,1.8726118,-1.9968958,-1.089955,-3.0181167,-3.8170965,-3.4917495,-0.16043925,1.238834,-0.35648918,-1.3438777,0.27266228,-1.9768904,-9.030187,-3.0383065,-2.531523,1.1591349,0.8733054,-3.4513803,-1.6854255,-1.8857344,-3.4968004,-4.5284076,-4.5476217,-1.21593,0.8320544,-1.2610162,-1.8767343,-3.0227072,-4.3164186,-4.507881,-2.6914766,-0.25608099,0.31489623,-0.70749766,0.22322798,-1.9291245,-3.0898411,-2.6767325,-4.3687954,-1.7308222,2.889955,2.7741284,-0.45855764,-3.1409218,-3.5035706
-3.2304506,-4.6024976,-2.770914,2.6011665,-0.118690416,-2.1921887,-3.6145654,-3.5150251,-3.8959289,-4.5149374,-2.47125,2.7733865,-0.43124938,-1.5387379,-6.256903,-3.0126536,-3.792602,-4.9820194,-1.4169508,3.1403234,0.41460073,-1.0260136,-3.076442,-3.689912,-2.9685924,-2.318334,0.4169011,0.97885966,-2.366994,-1.6466322,-2.012443,-3.976129,-3.6898694,-2.488843,1.4918504,-1.5205301,-3.4241307,-1.4905611,-1.1269952,-4.099113,-3.8451061,-3.5786946,1.295548,-2.1398504,-4.2515044,-3.3996305,-1.0449252,-3.825265,-4.0040584,-4.331233,-0.14608824,1.651605,-1.251761,-0.890798,1.2654552,-3.5525734,-3.181647,-3.9022007,-2.6864219,3.06608,4.616963,2.2289333,0.4024341,-2.9281754
-2.8711653,-3.739537,-1.5915649,2.3828158,1.2864472,-2.571318,-2.9420037,-2.9646542,-3.9695199,-3.0181646,0.14699316,3.2324238,1.1626899,-1.028172,-4.0488834,-3.2895353,-3.7528567,-0.031024277,0.3787495,-0.1274643,1.4772637,-0.11366224,-3.8762064,-4.788817,-3.2563825,-0.01504162,0.6295503,-1.004118,-1.4939246,0.7097989,-2.2983675,-3.2717547,-3.7137465,-1.0930958,-0.30295432,-2.1587026,-0.8588691,1.8364041,-1.3982972,-3.5363061,-7.8548512,-2.3931003,-0.585027,-2.3519151,1.0651361,1.1247556,-0.8041729,-4.814668,-3.4288871,-3.3998783,0.08834696,1.4826415,4.0528193,6.2172127,0.15752864,-3.2186835,-3.312696,-3.5968966,-2.0318525,2.670698,5.002191,1.8114713,-2.935832,-1.7162137
-4.9203787,-3.1430898,-1.1889999,1.3835325,0.5458716,0.21501386,-3.7945821,-3.013835,-3.281333,-5.3995514,0.49466848,-0.7162832,0.19733071,-0.7418509,-4.4894533,-3.3621447,-3.329429,0.30321062,2.4227145,1.2183554,-0.2373097,0.0021677017,-3.3139167,-2.632644,-3.9576063,0.8706479,1.6536399,0.37076354,-2.6253197,0.8427827,-2.4404228,-3.6121724,-2.7016594,-2.505073,-0.1814332,-1.2379143,-0.8431165,1.1136729,-2.1034696,-3.6249876,-2.912414,-2.9424708,-0.569463,-1.9747331,-0.70610094,-0.5943316,-2.2306142,-2.8628922,-3.8477468,-1.9805883,0.7169447,0.49288929,0.7648288,-0.67046905,-1.8537946,-3.281653,-2.985442,-4.5606947,-2.1357417,0.9630556,1.571349,0.2963004,-1.0031846,-6.5846825
-2.720633,-3.953422,-1.9462224,1.506133,1.3059249,4.8839674,-0.42465806,-2.9823747,-3.2241006,-4.6322193,-0.29873753,1.029611,-0.68875813,1.1770258,-2.207344,-2.7749963,-4.15334,0.16290772,3.140773,1.6344397,-0.8434088,-1.2240942,-2.0446272,-2.9105976,-2.904555,0.8165816,3.495644,-0.77250934,-1.3194079,1.0337784,-1.5515712,-3.4791434,-2.7562737,-1.9805379,0.58307815,-2.2907047,-1.1245892,2.0996523,-1.6783489,-3.0495734,-3.5754414,-2.0638466,2.1339827,0.74847615,0.49207675,0.4759705,-2.5498157,-3.0731347,-2.947165,-2.1812534,0.3687328,2.2615066,2.118248,0.27219796,-1.5849863,-2.8756354,-2.9039464,-4.307334,-1.6448368,0.45385468,1.0423892,0.44783294,-1.6655529,-3.0773451
-2.5054226,-3.3067667,-0.35564435,3.3593404,1.3600367,0.31735146,-4.330708,-3.1129189,-3.435584,-2.5195756,1.7628269,2.778349,0.7372763,-0.3554294,-3.6657174,-3.3118987,-4.63055,0.6911442,2.6742868,1.7752423,-3.745214,-0.69118345,-2.8941116,-3.790252,-4.0020466,0.2819491,2.2759674,1.8321848,-0.87324905,0.701983,-1.8417544,-4.622056,-4.2342744,-1.8247827,1.9859892,0.8537591,-0.9524255,0.7637743,-1.9804792,-3.3013642,-3.688532,-2.7245388,0.6836827,2.0646994,2.0501897,2.2946835,-2.5798736,-3.1654668,-3.268605,-2.7081547,0.031681538,3.858356,1.8867191,-2.1353607,-2.8803155,-3.317902,-2.7471375,-3.9390004,0.10257426,2.6473014,1.9925008,-0.4800129,-1.5732341,-3.5312529
-2.5701594,-3.796392,-2.6756299,0.47197485,0.5184187,-2.2986293,-2.5160913,-3.3047533,-4.88721,-3.690472,-0.88536215,-0.8329935,-0.34285998,0.51611894,-3.3705657,-3.1643014,-4.096271,-0.83632064,3.9079013,-0.45485187,1.7337627,0.7557752,-3.2167835,-3.6889498,-3.0021415,-0.8595747,2.8052902,-0.37784827,0.41729856,4.9378047,-2.1929789,-3.3714888,-3.5277886,-3.164473,-0.59429765,-3.8407364,-1.2810549,2.5338674,-1.3265859,-3.394511,-5.069207,-2.46908,3.4096267,-1.5987804,-1.0113149,0.28393692,-0.53395134,-4.859173,-3.4110265,-2.2724454,0.47582173,-1.8407216,-0.29258943,1.1811816,0.3535961,-2.7197564,-2.7825038,-3.8815007,-2.0535648,-0.84540415,1.9964241,3.1408043,0.5073695,-2.4434633
-3.2158556,-2.9029996,-1.7329509,0.7592129,1.4671705,0.36627936,-3.385042,-2.9218524,-3.2512162,-3.1308851,0.27205873,0.8243866,-0.19081043,-0.6520233,-3.9816947,-2.4481287,-3.4413989,1.5755404,0.60278916,0.5067719,-0.23840547,-1.2149173,-3.115023,-3.5571969,-3.738064,1.2492206,-0.20795798,-1.6746988,-2.789856,-0.6165363,-2.700217,-5.388722,-2.9074464,-1.6754119,0.10920715,-1.5709909,-1.7692394,-0.14101319,-2.0261319,-3.7283225,-3.3198566,-2.4579477,1.0645025,-0.27018023,-0.8706522,-2.614811,-2.4579923,-3.0178955,-4.7740726,-2.823824,-1.715989,-0.07437593,-0.13631348,-0.036141396,-2.081725,-3.1180987,-2.9584584,-3.7917943,-2.5009422,1.102952,4.291607,0.06332433,-1.4563174,-3.88303
-2.981121,-3.2090197,-2.613597,0.30463457,-0.9360956,-0.81623125,-2.386527,-2.767265,-3.6007252,-5.6089525,-0.41990018,1.2000573,-0.61529624,-1.2544358,-3.3526192,-1.7708759,-3.8043013,-0.91094124,2.6396244,1.1402023,-0.6008575,-0.18697798,-3.545823,-3.7882872,-3.768993,0.22709978,1.8449006,0.1232934,-1.5453451,0.22542042,-2.2492094,-4.5983205,-2.8742416,-3.0303578,-0.049623847,-0.68937385,-2.8403432,0.19806315,-1.9037609,-4.628652,-3.4842887,-3.4041722,-0.64970875,-1.2887161,-2.5999668,-1.5276994,-2.9203465,-2.7627954,-7.3830233,-1.9995311,0.0065494776,0.33762747,-0.6465804,-0.27979863,-1.2576663,-2.6534028,-3.057519,-5.3578987,-2.4724255,1.5018421,3.7853377,-0.35474604,-2.8145351,-6.5054154
-3.6074185,-3.155506,-1.4914792,1.3660141,0.4860986,-0.44838786,-1.9370505,-2.8568501,-4.070728,-3.260355,-1.5127094,0.5600217,0.2152574,-2.3474815,-3.204592,-3.0602913,-4.127978,-0.48870957,0.56714046,1.4479493,0.311934,0.98539114,-3.4724014,-2.7645016,-7.9979134,-0.37392682,2.9812965,0.72508776,-1.9324658,0.44502562,-2.3284867,-4.2436104,-3.0511575,-2.3931308,1.7784712,-0.42195928,-1.1068733,0.6537072,-1.9001179,-3.60066,-3.2577205,-3.2478292,2.4328747,-0.029705048,-2.521429,-1.1448832,-2.9463117,-3.1276278,-4.544937,-3.2305355,-0.5389005,2.1108203,-1.0690662,-0.28310943,-1.9365709,-2.6274538,-2.9658308,-4.098634,-2.144961,0.7438177,1.3200191,0.8791685,-0.7945373,-4.206398
-2.6691227,-3.591486,-3.0189874,0.42218685,0.6710319,-1.7405936,-2.1966076,-2.7796986,-3.5613198,-5.2740316,-1.4922521,-0.5346376,-0.82958424,-1.2393519,-3.871575,-3.0360794,-3.7203813,-0.89027923,0.97485816,-0.6174587,0.120830536,0.36580384,-4.22414,-3.6946213,-3.1667645,-0.26877677,3.175172,-0.9407623,-1.4459803,2.2361805,-2.5821998,-3.4711132,-2.8132706,-2.8429594,0.40364647,-4.37571,-1.6344692,1.575601,-1.7561601,-3.6205783,-3.897271,-3.243743,-0.412601,-0.95372665,-0.81352377,0.69522953,-1.0857102,-6.3275595,-4.258363,-3.1344051,-1.5916865,-0.47782242,0.20495933,4.171736,-0.0629915,-2.5308747,-3.163546,-3.718717,-3.036479,0.19691467,4.1478686,1.5590022,-1.0040255,-2.793385
-4.870304,-2.8504555,-2.4704056,-0.108720064,1.7034385,0.7033136,-3.3011293,-3.4416523,-2.9323626,-3.3989134,-0.098063946,2.7478218,1.7421167,0.96316147,-3.3624916,-2.3167868,-3.6009898,0.55089736,0.8342005,-0.75872195,0.50947,-0.46135807,-2.3692698,-2.6603305,-3.4171855,-0.23282897,-1.6582574,-1.4462223,-1.0739647,1.5838332,-1.7455726,-3.8551402,-3.4320238,-3.2300472,-2.0621982,-3.6053963,-2.7606173,2.1329246,-1.7932963,-3.6355658,-3.0982738,-2.0034704,-1.2417705,-1.4636371,-0.39555764,1.1837769,-1.9457065,-3.42301,-3.6658492,-2.5538719,0.26188898,-0.67727315,1.6605129,-0.06310642,-3.0367913,-3.421665,-2.8791595,-3.540927,-3.6905866,-0.5294547,1.7296748,1.2239008,-1.2716738,-5.958853
-4.434829,-3.7068777,-0.8554141,0.44536138,2.4254603,1.1024386,-2.734107,-3.0541,-3.0134423,-0.9154574,-0.039587975,-1.4141157,-1.7385318,1.5351397,-2.594086,-3.3101203,-5.6825113,2.2986672,-0.42007053,-0.51820135,0.09187293,-0.5668638,-2.2211328,-4.018865,-3.0113182,0.36329526,-0.4683286,-0.9386487,-0.35196543,1.1381288,-1.3877692,-4.4299974,-3.5935118,-1.6346862,-0.8334615,-1.8766131,-3.5864341,0.71458185,-0.84681857,-3.1472638,-3.2435071,-2.3751402,-1.073819,-2.0138757,-1.1646504,-0.30211645,-0.439223,-3.379796,-3.175484,-2.946955,0.68912625,-1.728249,-0.647188,0.5959431,0.16930735,-2.9372609,-3.0512905,-3.9320369,-0.3086053,1.4880261,3.0635285,3.3668795,-0.30784202,-2.2747061
-2.8462687,-3.6023946,-1.8400496,2.028678,1.02415,-4.2087116,-3.925105,-3.3869526,-3.9254935,-4.2443824,-0.34477592,2.5239484,2.5070963,-0.6866611,-4.01851,-3.1917048,-4.803663,-0.8222402,2.22015,1.708412,2.7168348,0.8791051,-5.227189,-4.0399747,-3.262962,-1.1459965,-0.7235436,-1.9213272,-1.327526,2.9085808,-2.2861629,-3.4419763,-3.624701,-2.34776,-1.1291841,-5.1338787,-2.2011826,3.540805,-1.7494946,-3.2147903,-3.6715086,-2.8828351,-0.75260043,-6.467195,1.4459306,3.9366984,-0.8602232,-3.6208508,-3.478852,-3.4503186,1.0150193,0.830024,4.657646,2.7840157,-1.122487,-3.0645106,-3.6239486,-3.6159873,-1.3319796,-0.10084939,-0.09778288,-3.3467512,-1.7292811,-2.2999825
-2.875659,-3.4013186,-2.2174184,2.3259234,1.566991,0.58410335,-3.2231061,-2.847061,-3.2491355,-4.148837,-1.433035,1.6298972,0.9305284,0.71930707,-4.829583,-3.0105538,-3.4536831,-0.43511677,2.1137652,3.050522,1.2205263,-0.040228844,-3.2943077,-3.8527606,-3.3226295,0.39647955,4.243059,0.87572086,-1.5649338,0.7178914,-2.3286495,-3.645332,-3.2141573,-2.3112423,1.6121844,-0.75640106,-2.8033657,0.7435313,-1.5912589,-3.6368854,-4.8637643,-3.0601523,1.241169,0.5119715,-4.4031878,-1.3490173,-0.5144875,-3.0253534,-3.6474848,-3.1674151,-0.4863447,2.865336,0.39402747,1.0517817,0.22771767,-1.7729936,-2.8428884,-4.5627255,-2.3155475,1.9931874,3.7989707,2.5590692,0.121491194,-3.3783736
-2.9199183,-2.9779053,-0.9319945,2.611518,3.0287242,0.6323402,-2.8246448,-3.3711915,-3.0089495,-2.9770885,0.8519453,2.143246,1.3784416,0.005546868,-3.642535,-3.0354486,-3.3023403,-0.4141472,3.9963398,3.8154516,1.4288125,0.96773887,-2.4129663,-3.0051043,-3.9401145,-0.55843353,2.7991657,1.9310685,-1.6687738,2.4915254,-1.8774915,-3.2767768,-3.38323,-1.8148221,3.6587157,0.7657709,-0.36649346,4.2264,-2.1179514,-3.2460616,-3.5172822,-1.9790998,2.605601,-0.09956586,1.8650391,2.179006,-2.451859,-3.436596,-3.3233452,-2.506602,0.3707316,6.014132,2.1994672,-0.17280388,-5.4145722,-3.2573955,-3.1661897,-3.2649524,-1.4435947,0.4333701,1.0082136,0.23756397,-2.401444,-4.4248204
-2.547097,-3.1134646,-3.0324054,1.9783239,2.1101298,-0.21335113,-2.3986397,-3.0777535,-3.1895888,-3.5689929,-1.4825659,1.9123873,2.1733913,-0.47327197,-4.3837934,-2.6686454,-4.701783,-0.5987642,2.8087096,2.0053778,1.1006663,0.14301383,-4.382785,-3.3918104,-4.8398614,-0.48912847,2.3056822,1.8231463,-0.13249099,0.83913666,-3.0406003,-5.105485,-3.4010468,-2.6269126,3.5292902,1.2825931,-2.805229,1.0590794,-1.5092798,-3.0528755,-4.650605,-2.8601863,1.2487402,0.36398125,-2.5093079,-0.7932005,-0.7946505,-4.0436397,-3.4559948,-3.4994829,-0.32954055,2.6096692,0.14639841,2.5928173,-0.3855535,-4.12903,-2.650052,-4.095132,-2.5921626,2.1213102,2.8111334,1.1005988,-0.11513102,-4.1136937
-3.5767734,-2.7071378,-9.113799,-0.5807868,0.59592867,-0.022335172,-1.7810954,-3.4573407,-4.517479,-4.3941455,-2.516873,2.0142002,2.76936,0.71841943,-3.8913853,-4.785613,-3.6699133,-2.6905465,-0.5955542,3.6406922,1.555193,2.453611,-4.1738625,-3.5601428,-3.2115016,-1.7598352,2.2475905,2.643559,-2.080841,2.9095712,-2.6559644,-2.9292793,-4.188521,-2.0295823,1.3342654,-0.48520213,-1.1232706,3.2989902,-2.1368022,-3.6082425,-6.016175,-3.6664495,3.9977984,0.45675758,-0.30334234,1.5388174,-2.1984537,-3.2420058,-3.089769,-3.5449567,-1.1177348,1.2101204,0.4834958,1.5323502,-1.1684164,-2.879137,-3.4535525,-5.5225635,-2.9164138,-0.41458035,4.433687,1.5103517,-1.8953261,-3.5037386
-2.2406266,-3.532981,-3.6298702,-0.3439207,-0.8998159,-2.974418,-1.7064027,-3.2958014,-3.2155232,-5.799447,-1.2494707,2.119635,-0.23277593,-0.8956505,-4.1574855,-3.212922,-3.585979,-2.9766915,1.1700177,3.695424,0.46384382,-0.7120409,-3.06535,-3.4556968,-2.6695247,-1.2719142,3.5649858,0.3603871,-2.9708264,-0.21796656,-1.6828811,-3.3092465,-3.1194708,-2.8602912,-0.13313222,-3.1214304,0.06364441,0.88447386,-0.89290965,-3.4431245,-5.738725,-3.102397,-0.05539155,-2.198531,-1.7575567,0.09774399,-1.4821963,-3.5082953,-2.9023354,-3.2693038,-0.4904552,-0.91016215,0.27820262,2.5259652,-0.30806112,-2.3907647,-2.1948538,-4.1805596,-1.8790543,0.44260433,2.112399,1.6641558,-1.7972869,-1.7696985
-3.0279815,-3.8719273,-2.3876133,0.79100543,-0.19266343,0.20059371,-2.719088,-2.4328313,-3.0872114,-5.576229,-0.97643375,1.305551,-1.6065367,-1.0256233,-3.6052246,-2.0379846,-3.4087825,-2.4965644,0.6369068,1.9071312,-2.5421455,-1.5954134,-2.4227762,-2.9749746,-3.3614142,-0.09571898,2.9786353,0.48725963,-3.4244933,-0.7562899,-1.6579732,-4.53136,-2.8980434,-2.279632,0.025846124,-1.933332,-1.4882402,-0.37016577,-2.0388541,-3.2083519,-4.213645,-3.0679507,-1.072103,-0.900635,-1.8520472,-1.8188529,-2.536207,-4.4897428,-3.3402524,-2.2208924,-0.10313642,2.4548438,-0.0054507256,-0.012293339,-2.8227692,-3.1821382,-3.1009984,-4.0897975,-1.971808,2.3213387,0.62613505,0.34358454,-2.3315723,-3.5586154
-2.877681,-4.752433,-2.4976306,1.3917327,-0.016064763,-2.1195762,-2.9792998,-3.1002574,-3.7935615,-4.573724,-0.45598114,1.1472901,-0.32913744,-2.4644475,-4.2645125,-2.524094,-3.9253309,-0.008296847,1.4950753,0.77156603,-0.2436992,-0.4014293,-4.240218,-3.7934093,-2.7369068,0.8093997,-1.0254666,-2.1339948,-2.0903628,-0.59893703,-2.308456,-3.7526248,-3.0085616,-1.2491577,-1.3417904,-3.1237996,-1.4245168,0.03215456,-1.2851173,-3.9363868,-3.9483404,-1.4018743,-0.42944658,-2.186684,-1.3001356,-2.423483,-0.68367076,-2.4645414,-3.6243036,-2.5881283,0.36127925,-0.59443045,-1.6161389,-1.0577943,0.81476444,-2.408197,-2.6203263,-3.9869277,-2.0268998,1.9002488,4.7356973,2.8808482,-0.8150654,-3.3285987
-2.339692,-3.836096,-1.3017783,0.5458586,3.1112108,1.2098904,-2.6153893,-2.8900337,-3.6178715,-2.2838209,-0.1453588,0.8107406,0.99603176,0.9486035,-3.4783158,-3.2296758,-4.0170794,0.102119625,1.045498,-1.1814196,-1.2168593,-0.7202635,-2.6298952,-3.5288484,-3.3446069,0.39791915,-0.059177518,-2.204227,-1.2245067,1.2016413,-1.4266777,-3.36425,-3.6646514,-1.9142995,-0.95895594,-4.029697,-1.3068557,2.247386,-1.7846229,-3.6217117,-6.047653,-2.6555767,-0.5064974,-2.162665,2.968123,5.0320168,-0.67873657,-3.6059813,-3.0292897,-3.2932744,-0.67136455,2.3261583,2.8646102,4.6420197,-0.42283022,-3.041847,-3.12324,-3.5098248,-1.7186586,1.1907442,2.0213218,1.0958107,-1.6560037,-2.270623
-2.250791,-3.2141204,-1.1969191,0.73604226,4.055149,2.490367,-2.2755473,-3.3193946,-4.467745,-4.1035376,-0.8390167,-0.42010212,0.16044237,1.2644091,-2.6102967,-3.6649072,-4.9759784,-0.39397073,-0.7772878,-2.356206,-0.6044104,-1.0474917,-2.3147914,-3.2768784,-4.7287855,0.12960184,0.06792128,-1.016921,-1.2939715,1.6198875,-1.5551293,-3.6385026,-3.1176193,-1.5759254,-0.77166563,-2.9046273,-1.360423,2.412013,-1.6602627,-3.134025,-3.7731218,-2.9175363,-0.70272934,-1.075645,2.4544213,2.3042526,-1.9816438,-3.3577275,-3.1754003,-2.4339073,-0.30944872,1.7876425,2.7086775,1.7912823,-2.267207,-3.4714801,-3.2644174,-3.3132026,-1.1933713,0.5056175,1.9865129,0.72785234,-1.180103,-3.027375
-3.3734758,-2.7494264,-2.5213854,-0.1573863,3.055709,0.8852963,-3.8330655,-3.1620705,-3.215895,-2.5527475,-2.289506,0.44093764,0.5291636,0.90270114,-3.5398207,-2.836458,-4.115314,1.1012741,-0.3249389,-0.9422264,-1.2997966,-0.76782155,-2.3286417,-3.8425965,-3.6975398,0.055893034,-1.3768153,-1.726115,-1.0722973,0.8718958,-1.8379645,-5.1452847,-3.5767303,-2.257866,-0.78092813,-4.23977,-1.3738902,0.1713686,-1.5461323,-3.796341,-3.3205833,-2.3911986,0.059090137,-1.3848281,-1.157428,-1.3317372,-1.6356565,-3.9809651,-3.802143,-3.4992092,-1.711124,0.8020184,1.4233922,1.396522,-1.4675617,-3.0318482,-3.036869,-3.8125968,-2.8993928,0.31985724,3.5857635,1.290307,-4.469924,-4.7591233
-3.5680833,-3.773345,-2.0993357,0.5786887,-0.19434512,0.032073975,-2.1267776,-3.3281903,-3.5645914,-3.986289,0.7372501,0.7460683,-1.0840774,0.35941124,-3.2358108,-2.6072104,-7.431841,1.0063708,0.71330106,1.4300388,-1.4384211,-1.7191181,-2.3585026,-3.6330318,-3.2427506,0.5830602,-0.67632186,-0.2738849,-1.9495426,-0.9368305,-1.3400705,-4.017642,-3.1180406,-1.7698116,-1.6606265,-2.7625613,-1.7934434,-0.39311895,-1.7576965,-4.421556,-3.14222,-2.559766,-0.08858585,-1.2538116,-1.4753509,-1.525944,-2.5653386,-3.2116654,-3.8412037,-3.4919481,-1.4196926,-0.44121492,0.1312142,-0.17496812,-2.0220482,-3.2201576,-3.0530868,-3.9500852,-2.8141413,0.78955746,3.274125,0.707798,-1.5390347,-3.1495252
-3.0974736,-4.3270874,-3.0408092,0.4464227,0.975041,-2.6820545,-3.2419004,-2.9024796,-3.6156375,-4.5124125,-2.0270793,0.1500602,-1.27918,-2.215052,-4.6509957,-3.2723095,-3.6320736,-1.2752783,3.5486953,0.22324097,-1.0131836,-0.94491255,-3.750339,-5.085641,-3.6018047,-0.038092613,-0.87317026,-1.5980695,-1.303839,1.3921424,-2.9224908,-5.759138,-3.1705236,-2.8397253,-1.8766917,-1.8051999,-1.6739323,1.5303445,-1.7485323,-3.8405223,-4.0365534,-3.0623746,-1.3389091,-1.4328022,-4.4423466,-0.28452027,-2.0130646,-4.6740203,-3.61973,-3.152779,-1.3599389,-2.6016989,-0.7364095,0.36212587,-2.159452,-2.2658827,-2.856448,-4.322074,-3.096244,1.1273898,4.1656446,1.0634787,-0.45742106,-2.753034
-3.3313885,-3.377894,-1.8225517,0.6334224,2.1930907,0.8851967,-1.8530686,-2.645926,-3.5199385,-3.6411104,-0.34733796,-0.40735424,0.37041032,2.0737667,-2.8173337,-2.7075534,-3.3494134,-0.60954714,1.123442,0.22959697,-1.397358,-0.60795796,-2.5237598,-3.1757622,-3.1034374,-0.98658985,-0.8207271,-1.2574005,-2.6545515,3.1631346,-3.715694,-3.7733908,-2.9800596,-3.1036224,-0.5291703,-2.4750295,-1.4631603,3.50497,-4.315685,-3.0158024,-3.2848566,-2.7716331,1.643426,-1.4441047,1.0586507,0.71966827,-3.038763,-3.0445664,-3.2701483,-3.851676,-0.38810337,-1.1406683,1.2126515,0.8002348,-2.6654513,-2.9896696,-3.2775586,-3.512853,-2.837585,0.1953721,1.2749131,1.6528039,-0.98726916,-4.273851
-2.7737622,-3.9579175,-1.63324,-0.003068328,0.29418388,0.7022518,-2.9634929,-3.0886073,-3.5267272,-5.2341156,-0.50136733,2.894554,-0.06484902,-0.23521006,-4.8218246,-3.1403701,-3.3149533,0.43950063,3.524705,0.7629167,-0.23195004,0.7073667,-3.5081437,-3.1618688,-2.7907562,1.0772278,2.73961,-0.8000362,-1.1237495,2.5970855,-1.911367,-3.5158763,-3.328565,-2.5537508,0.45309544,-2.0589437,-0.8044207,3.685979,-1.930054,-3.2152987,-4.4468904,-2.4390435,0.18263888,-3.504775,-0.0437119,1.8662077,-1.6840155,-3.1031797,-3.1676898,-1.9070815,0.9426348,-1.4197052,1.4949231,0.61875796,-1.5090132,-2.8106983,-2.7267256,-3.5959458,-1.4991653,0.50709367,1.739306,2.4157038,-0.9987047,-2.6553454
-2.5936735,-4.3983965,-1.2751516,0.3963307,2.2736635,0.32761824,-3.3941255,-2.9776695,-7.889827,-4.772207,1.0596385,0.607926,0.50720894,2.3125272,-3.8483791,-3.2532434,-3.3956275,-0.5158143,-0.28443074,-0.14848578,-1.1759892,0.6876515,-2.533345,-5.7207394,-3.0088308,-0.026573401,-0.6531938,-1.8238026,-0.99720645,1.7558339,-1.5190871,-3.3415947,-3.3715258,-2.2799213,-0.881204,-2.3514276,-0.94275403,1.7947879,-1.2996622,-3.0564823,-4.5700774,-2.266125,-0.699908,-5.1292467,-0.76169324,1.1845787,-0.43143842,-3.274428,-3.7241979,-1.7217371,0.97333837,-1.4038692,0.5094806,2.9141831,0.571365,-3.102422,-3.2893794,-3.466863,-0.91663843,2.0557978,3.3375068,2.9371057,-0.74281216,-2.4041355
-3.1027446,-2.838757,-1.6690707,0.21189332,2.6573315,0.34448957,-2.2742405,-2.8014455,-3.5888698,-2.3676019,-1.7075672,-0.7648637,-0.4163946,0.39647138,-3.5473263,-3.2754838,-5.500804,0.6151749,-1.0366554,-2.1256177,-0.52857304,-0.11140919,-2.9739053,-3.706841,-3.065585,0.46143162,0.010346532,-2.7165601,-1.8943903,1.5657195,-1.8854874,-4.050342,-3.6266608,-2.2410467,-1.0227941,-3.7088718,-1.3870466,2.6182873,-1.2317072,-3.2360222,-3.8653746,-2.845354,-0.11642647,-0.8362551,-0.46417594,0.04162228,-0.23623401,-4.2187057,-3.621356,-3.9845245,-1.3772224,-1.2694417,1.747845,2.2873425,-0.21597958,-2.5273361,-2.8360538,-3.4992366,-1.6532891,1.3316054,2.9554229,1.9020902,-1.6791239,-2.3409057
-3.299011,-2.9807134,-0.9351798,1.5615418,1.2778848,-0.48887146,-3.7171884,-3.2209156,-3.6947737,-2.1622188,-0.06288719,-0.7053122,-0.0078116655,-0.08978617,-4.1334305,-3.6242638,-4.528105,1.9632263,-0.5958596,-1.191412,-0.25730276,-0.91754043,-3.341365,-3.4660707,-4.9030714,0.44119084,-0.5491135,-0.8961866,-1.9438989,0.09828599,-2.219595,-3.7186353,-3.7762697,-1.4330528,-0.62363446,-1.9410915,-0.7647109,1.3177266,-1.9944553,-5.76534,-3.2044692,-2.8262134,-1.6194777,-2.289599,-0.37451625,-1.1473976,-1.5992575,-3.0003376,-4.647503,-2.9210715,0.34622216,-0.92872226,0.37862277,-0.69837916,-1.3141611,-2.7600482,-3.0383434,-4.3428497,-1.2710363,0.31620717,2.9513032,-0.34705257,-0.04661107,-2.2793317
-3.4608126,-3.2145798,-2.5696335,1.3075334,4.2312174,2.0390322,-3.5131915,-2.9360285,-3.7591736,-5.6781263,-1.2030032,1.4260433,4.5545897,2.5818114,-3.7097073,-3.1866462,-3.88343,0.31920385,2.0272408,2.3630369,-0.18510866,-0.06768727,-2.912221,-4.5051517,-4.1739388,0.7209637,1.3761032,0.80855596,-0.7925997,1.7027771,-2.8462229,-3.4369748,-3.0397878,-2.759673,0.9937539,-1.7390586,-4.09882,0.08042228,-2.1468213,-3.1361568,-3.0194104,-3.6813264,0.5338757,2.5536017,-1.9854727,-0.86920285,-2.0307953,-2.9610043,-3.3880894,-3.4574885,-1.8254209,1.6566392,0.96748835,0.18142557,-2.8332472,-2.648017,-3.14517,-3.9221485,-3.0063267,1.549727,4.067784,1.538332,-1.276793,-4.1788726
-3.1722522,-4.0532594,-1.1540056,1.022182,0.043771476,-3.6849093,-3.2846823,-3.004514,-3.3542573,-2.2270923,2.1284647,1.655281,1.1613848,-2.8059573,-4.6785474,-3.0106723,-3.5902338,0.9991137,0.8479842,0.50903594,1.7036917,-0.63733995,-3.756576,-2.9008875,-2.9057593,0.94911516,-0.7245625,-1.51361,-2.2361465,-0.22832489,-3.4832368,-3.1565464,-3.5194979,-1.33185,-0.6142175,-2.0218842,-0.90911174,1.214045,-1.3531591,-5.498327,-4.405264,-2.4431646,-0.66611767,-4.195511,-1.0491213,-0.5192368,-0.9121983,-2.922084,-3.6429753,-2.6907644,-0.07682705,-1.7442902,-1.0226157,-0.27837205,1.198479,-2.7624035,-2.96027,-3.9555848,-1.083868,2.2018151,3.3330278,3.5053973,0.66508716,-3.0287447
-3.3466337,-3.126039,-2.0320594,1.5924588,0.69384015,-0.44636035,-2.555788,-3.0923667,-3.6106982,-2.6012118,-0.36566544,0.970048,2.0306728,-2.0116322,-3.6883368,-3.078596,-4.251992,1.1317788,0.5413724,0.37573135,0.8679153,-0.95104194,-6.3035026,-3.4810064,-3.6341736,1.0418488,2.3855698,-3.2950983,-0.7668483,0.23525834,-2.4704137,-4.940323,-3.4757307,-1.4217612,2.22058,-1.5796981,-0.69702077,1.8311663,-2.0156124,-3.2614186,-3.1942625,-3.917563,1.3174205,1.9788826,0.13872409,-0.53605425,-1.86998,-3.2924595,-4.262861,-3.195304,-0.15237427,1.6076083,2.1871645,0.714118,-1.2156411,-2.9423556,-2.9952393,-4.770736,-2.2319238,2.1425323,2.8870735,1.4597902,-0.55234003,-3.6643753
-2.738382,-3.3700905,-2.8097053,2.289574,1.4789369,-0.4189334,-2.0859182,-3.0511503,-3.2924762,-3.9508548,-0.7788024,2.5744636,1.902463,-0.4569375,-3.7444181,-2.7091606,-3.2998853,-0.0134317875,2.9094095,4.283266,1.6197937,1.2566562,-2.4966986,-3.4463658,-4.324594,0.7238371,3.9181561,0.8985005,-1.886297,2.134128,-1.3698367,-3.0861058,-3.3651555,-1.5331136,2.407108,-0.9362045,-1.4925315,3.4697163,-1.5239102,-3.268835,-5.2755594,-2.2022634,1.6039379,1.0563121,2.2918837,1.5761777,-1.3905296,-8.075798,-3.3811061,-2.8965998,1.1812162,3.120614,1.6205015,0.865257,-0.61765075,-2.8704908,-3.02184,-3.9793143,-2.0790985,0.40884078,2.020524,0.25824022,-2.4470863,-3.371072
-2.5879226,-2.7590213,-5.11928,1.77779,0.5892371,-1.6453893,-3.3357697,-3.1661882,-3.8399541,-3.2869277,-1.1605611,2.4417033,2.542659,-2.2042596,-3.7859976,-3.2854002,-3.4045415,0.40023625,2.8672853,1.5259368,2.336317,-0.82427984,-6.1402726,-3.3118384,-3.8445346,-0.198982,2.4501956,1.2465067,0.39131403,2.8519444,-2.4624443,-4.529121,-3.8015358,-1.5786514,1.3911659,-0.10945034,-1.9605969,3.6283832,-1.5548356,-3.2101598,-4.5318303,-2.302685,2.3959744,1.2955973,-2.1313517,-0.22039199,-0.8210624,-5.018924,-3.46746,-1.9425706,0.26313984,2.9961758,1.2787668,1.8844147,-0.7152172,-4.149086,-2.5920882,-3.982923,-1.8203572,0.769572,2.7768772,0.2846253,-1.7341161,-2.9491143
-3.7663765,-3.2971382,-2.8712835,0.17164719,-0.15677613,-1.9803176,-2.0198302,-2.6029654,-4.4844637,-5.4255805,0.33077753,2.1513991,0.743971,-1.0461389,-4.5895457,-4.321304,-3.6873484,0.14496243,3.5573306,4.3618913,2.1282165,1.2908373,-2.6929417,-3.2940216,-2.8247945,0.37782907,1.610478,0.8739536,-1.4910685,0.0034941435,-1.2793492,-4.104826,-2.7273061,-1.4403653,-1.4249632,-2.7062821,-1.4837377,0.2311024,-1.1725947,-3.6957042,-3.4341626,-1.802813,-0.7947909,-1.8756785,-1.9465985,-1.4191484,-1.1501511,-2.9989274,-3.2894504,-4.100032,0.18885505,-0.43662083,-0.22799212,1.2965597,0.34676754,-3.5973568,-2.6356804,-5.9407845,-2.934654,0.7472902,3.192049,1.3266054,-2.1314616,-3.148378
-2.569862,-3.3585117,-2.823778,-0.1900748,0.69118214,-0.2295624,-4.735552,-2.8266814,-3.7982106,-5.727145,-0.12069106,1.3203436,2.5883121,-0.6654811,-3.7441561,-2.5714178,-3.1660333,0.4280269,6.827904,2.5578442,0.6910157,-1.5020213,-3.263308,-3.6360714,-3.373372,0.4580608,0.18073118,-1.1165493,-3.2328436,0.40409872,-2.7784672,-3.5791078,-2.6265144,-3.0102193,-1.2051989,-2.945683,-1.4123383,0.8228239,-2.0221086,-3.5164108,-5.357393,-2.5965488,0.8454318,-1.6491321,-2.6432323,-0.9001173,-1.8844353,-3.3229463,-3.8025417,-1.6228983,-1.0873252,0.2624336,-0.043072537,0.44947124,-0.73880553,-3.5003567,-3.2718198,-3.3597329,-2.5652173,-0.7515762,3.0470133,1.2254668,-1.1488335,-3.6273193
-3.0102556,-3.47998,-2.245895,0.08719677,2.5645576,-0.37854385,-3.095322,-2.7585313,-3.8029544,-2.4076219,-0.47301018,0.21014464,0.9459406,2.177836,-3.0447502,-2.8527298,-3.7771826,-0.0077062845,1.6665039,-0.06386316,1.1620517,2.2699752,-2.9579132,-3.0513775,-3.2970653,0.09565669,1.8126467,-1.3304331,-1.1197009,3.016503,-2.1252153,-3.3577142,-3.540494,-2.5265472,1.0979786,-7.3063717,-1.082881,2.6291032,-1.343057,-3.507185,-4.203606,-2.8820786,1.0920975,-3.0017505,-2.0554054,1.5041554,-0.23764953,-4.0123987,-3.2551155,-3.2692301,-1.2610223,0.056800365,1.7838668,4.2020116,0.37400043,-3.0130377,-2.9932785,-3.679384,-3.3913853,0.313529,1.235445,1.7730546,-0.9135201,-2.888172
-3.7079742,-4.345607,-1.2806416,1.8771033,0.8730104,-0.8910246,-2.6101162,-2.8029246,-3.8089669,-2.7094274,-0.77910376,0.60597605,0.2535535,-1.4569459,-3.0203369,-2.5255523,-3.683108,0.7580071,1.5135449,-0.095893145,0.08112335,-0.6074383,-3.3287325,-3.7466433,-4.7508955,0.0163294,1.4152026,-1.1852672,-1.5955534,-0.22640425,-2.674065,-9.106125,-3.5462494,-1.6547104,0.11399782,-0.5217267,-0.89345264,0.37661064,-1.8834554,-3.2450044,-3.287454,-2.6876984,-0.67861724,-0.740947,-2.5054934,-2.3078218,-1.7421961,-4.755616,-4.419071,-3.1166625,-0.45206642,2.050626,-1.2656428,-0.54593635,-0.17820472,-3.1449938,-4.9653254,-3.9676888,-1.8624574,1.1852973,5.0262356,1.7641351,-0.5508299,-2.4472852
-2.5408764,-4.0575767,-1.4052389,0.9360577,2.451675,0.06926334,-2.422153,-2.918694,-3.8069348,-2.4056115,-0.3612857,-0.22049752,-1.0213022,-1.07538,-4.260846,-3.1378908,-5.768819,0.5429951,1.0772451,-0.30682516,-1.5327616,0.5002903,-3.5889544,-3.5900288,-3.093559,0.29097077,-1.0877986,-0.9534428,-1.6886711,1.3313586,-1.8789359,-4.0438514,-3.6796687,-1.794527,-1.3564546,-2.073435,-0.7049265,1.4015807,-1.3883979,-3.3793273,-5.41564,-2.5718184,-1.3680017,-2.242511,-1.4336164,0.40754962,-0.30011433,-3.4271166,-3.3166828,-2.688982,1.0745332,-1.5555382,-0.21427923,2.8011925,0.37244606,-2.2870655,-2.9729998,-4.054631,-1.110006,2.5342875,2.63394,2.1559737,-0.72878337,-2.2513065
-3.051204,-3.2152781,-2.1085415,-0.32806134,2.550864,0.8422097,-2.4330988,-2.9489005,-3.9353886,-3.3017066,-0.39900637,-1.3156556,0.64154506,3.2015672,-2.4399612,-2.9314578,-3.466182,0.21884334,-0.34290802,-0.90958893,-1.4551904,3.0295668,-2.708859,-2.8639634,-3.2751536,-0.43493137,-0.79221696,-3.2756119,-1.4597688,2.9965258,-2.836575,-3.2249684,-2.9353185,-1.4411062,-0.8074708,-3.5202024,-2.1990023,3.6667576,-2.452324,-3.1628048,-3.5601776,-2.2698739,0.9240378,-4.5903826,-0.87051773,2.2241752,-1.6278845,-3.2020838,-3.4782484,-3.6484714,-1.1863661,-0.78072274,0.9485054,2.4986587,-1.1796492,-3.3477497,-3.192175,-3.4234915,-2.9762383,-0.99340403,-0.48931658,0.14815116,-1.7288888,-4.835819
-3.4353764,-3.5534177,-5.3945684,-0.3902098,1.3845849,2.1918437,-1.4666625,-3.1223497,-3.8868763,-4.4480014,-2.1453419,0.49982977,-0.8058163,0.30486012,-1.5777214,-1.8711377,-3.4361558,-0.36287618,0.7492478,0.36616838,-1.926539,-1.7320234,-2.0466037,-3.11674,-3.1037955,-0.09763658,-0.667575,-0.9802625,-1.3499417,1.7833643,-2.0476558,-3.4968212,-3.676744,-2.7107158,-1.2194912,-2.1934938,-2.3805914,0.32046938,-3.3694952,-3.7524257,-4.0275745,-2.445383,-0.27740264,-1.9733042,-2.6801715,-1.3440514,-3.9139867,-3.0846906,-3.5944855,-0.77429473,2.014093,-0.61961466,-0.8861127,-1.3703613,-2.146629,-3.2647672,-3.2675672,-4.927251,-2.7459936,-0.6374644,2.0163577,1.1526203,-2.4158826,-5.9099574
-3.3532343,-3.7994432,-0.4591936,1.9239999,0.610064,0.14813685,-3.2531495,-2.8712816,-3.3601155,-4.979502,-0.11108267,2.2966564,-0.83156914,0.49382436,-3.5658922,-2.93531,-4.021817,-1.3421638,1.4678432,3.2216911,-2.9631567,-1.3179376,-2.1900623,-3.5665038,-3.0912163,-0.39743495,2.675164,2.1910422,-3.838731,0.56839794,-1.324384,-7.0386,-3.0736265,-2.0799458,0.77480555,0.46293503,-0.79654,0.2795984,-1.2476163,-3.1648881,-3.436097,-2.2647789,-0.90687275,-0.8478422,1.1720351,0.33519936,-1.8240554,-3.0918229,-3.6067133,-3.096397,2.1336377,2.2008524,1.0012141,-0.026431203,-0.9819126,-3.148011,-2.971875,-4.4284735,-0.2901817,4.9790783,1.9139853,0.15523481,-2.2889557,-3.7896304
-3.1024427,-3.327437,-3.0122266,0.7735938,0.6923789,0.14353411,-3.8806324,-2.8948975,-3.2546272,-4.6937804,-1.0527945,1.2211018,-0.016537994,-0.7872538,-1.6866684,-2.601948,-3.6848388,-1.8947463,1.5014004,-0.5626857,-0.91674256,-4.326722,-1.1667743,-2.9112856,-5.0372043,-0.12523901,0.27126265,-1.2088238,-2.560625,-3.098618,-1.4056944,-4.341873,-3.1919868,-0.5367782,0.39076412,-1.8375193,-2.2189531,-3.529355,-1.7279718,-4.5850973,-3.624599,-1.6375349,-0.7797457,-0.77053356,-1.6325699,-1.9495014,-4.9444666,-3.8133192,-3.3444262,-2.9136362,0.27301443,1.4787809,-1.0001578,-1.399928,-3.4775333,-3.5231874,-3.5387483,-4.5780606,-2.7299843,1.001435,2.5478375,-0.64338994,-2.0458868,-3.6457007
-2.9651833,-5.498662,-2.4256,-0.434821,1.0404873,0.38353944,-1.7766999,-3.1691983,-4.97934,-4.8937254,-0.6519903,-1.8413265,-1.6630415,0.11054134,-3.752983,-3.1057043,-3.3673677,-0.016215086,1.8115164,-1.9652684,-1.2318313,-1.3717965,-2.6201253,-3.2673497,-2.6475444,0.6309148,-0.18107879,-1.4345349,-3.790938,0.82965755,-1.6494658,-3.166339,-3.2466092,-2.5910428,-2.4362311,-4.394587,-3.104931,0.9170475,-1.7582554,-3.3883739,-4.277663,-3.1402383,-1.4002869,-6.391654,-1.1069534,0.36779588,-1.4391868,-3.1295576,-3.375248,-2.9432282,-0.41157782,-3.1375678,-3.5439534,0.62703276,0.54966694,-3.2625706,-3.10546,-3.47385,-2.0518088,-0.2758782,2.6887963,4.7731905,0.06930947,-1.767838
-3.175604,-3.3277836,-1.5025865,-0.7516695,0.6409075,0.31308055,-2.4883168,-3.0314157,-3.193555,-2.765194,-0.026081562,-0.24934244,-0.7374264,0.45287472,-2.007118,-2.4480128,-3.8324974,0.66398084,0.41910493,0.42950475,-0.8339293,-2.304986,-1.5301887,-3.8280754,-4.058961,-0.1539389,-2.0448117,-1.4965647,-1.8829334,0.6246393,-1.4470975,-4.6417623,-3.2329502,-1.2294872,-1.3732609,-2.8366246,-2.5140703,0.37368026,-2.3064919,-3.9014215,-3.5210834,-1.139268,-1.8378637,-1.9780488,-1.350625,-0.6328605,-2.7861013,-3.8506048,-4.7309237,-2.0721996,-0.48611796,-2.1139793,0.058820963,0.6063212,-2.236658,-3.5754433,-3.0728943,-4.381631,-1.5756232,0.39601064,3.405692,1.714692,-1.0144465,-2.3889859
-3.1986504,-3.042462,-0.56772405,1.4580504,1.3351513,-0.38564217,-4.831824,-3.2740164,-3.6008277,-2.6724966,0.30517244,-0.2731169,-1.2324102,-0.15929532,-2.8875234,-2.9806967,-4.4329505,0.38359886,0.083477736,-0.33202147,-1.0650852,-1.2060502,-2.3472886,-3.1651769,-7.6154833,-0.08755714,0.21329343,-0.09925628,-0.86393666,0.036848947,-1.9861379,-5.4891543,-3.1766987,-1.8492972,1.0967124,-0.5254768,-1.8805001,-0.3341143,-1.7046742,-3.5208397,-3.9428427,-2.712547,-1.5054355,-1.9636579,-0.8769736,-2.200392,-1.7724038,-6.9261537,-3.655118,-2.4311247,0.9383812,0.19821203,0.29229516,-0.09771061,-0.9308154,-3.6104507,-2.7459488,-3.4067342,-0.7461953,1.0365986,2.3599768,1.3260787,-0.48609447,-3.6241012
-2.9181173,-3.5314555,-2.0298686,0.9989567,1.0496936,0.10559893,-4.9068666,-2.8331518,-3.0742662,-5.0226755,-1.2358874,-0.31618032,-0.7538127,0.3985554,-3.5386207,-2.1436923,-3.2114592,-1.5947495,-0.44233453,-0.044049025,-1.0468628,-1.5284879,-2.6766126,-3.162664,-5.1545553,-0.4272002,0.18084407,0.020013452,-0.99359226,0.3480478,-1.8872628,-5.080132,-3.072888,-1.5494921,-0.84895456,-1.9963567,-2.5357585,-0.3589831,-1.9031433,-4.0845714,-3.3705063,-3.029149,-0.68866444,-1.8106856,-1.929582,-1.1534953,-2.3228352,-4.1099386,-3.9452715,-1.4616411,0.68991053,0.3596782,-0.27252173,-1.0745792,-2.8561583,-2.808572,-2.7562418,-4.422829,-2.2839427,1.6002574,2.3124912,0.009868145,-0.90580344,-4.9650764
-3.2913918,-5.89336,-2.398511,2.3704333,0.2499089,-1.2343361,-3.1364882,-3.5965257,-4.099309,-3.9813392,-1.1212392,0.38009882,-0.2946335,-2.1061707,-4.0131083,-2.6726227,-3.6969767,-0.34560108,0.5129138,-3.0559127,0.29705286,-0.8406526,-5.368428,-3.6952248,-3.1972315,-0.10509086,0.61955893,-0.42183495,-2.8689528,-0.13900629,-2.715845,-3.5049381,-3.2272978,-2.3651905,-0.022458315,-2.891725,-1.4669789,0.037379622,-1.1976869,-5.3615055,-3.4522142,-3.6378975,-0.39650846,-0.46435887,-0.5621767,-3.6421459,-1.0389565,-2.671679,-3.9012432,-3.5166981,-2.0127487,1.0704097,-1.5870667,-2.192795,-0.2681216,-2.4075482,-4.012722,-3.8153582,-2.9208555,0.879962,4.7904487,1.3210108,-1.0710955,-1.9269359
-3.0096464,-3.8937812,-1.3527842,2.1854029,1.2064458,-0.38846147,-2.9978378,-3.39232,-3.7411194,-4.750496,-3.1445856,-0.8213775,-1.4890622,-0.85506165,-4.0280895,-3.0540314,-5.651417,0.09888375,-2.2975068,-1.7624464,-2.2461822,-0.8223856,-2.786025,-3.8981059,-3.4258492,0.8351358,0.3822291,-0.26315212,-0.6125274,0.31232798,-2.0012,-3.261598,-3.5093179,-1.120718,0.2748884,-1.1331613,-3.1321106,-0.94946176,-2.0731027,-3.5404754,-3.2078056,-3.2700076,-1.192092,-1.2402512,-0.65629077,-1.8740876,-1.4483498,-3.2030861,-3.5273457,-2.854383,0.27611494,0.110266685,-0.83311784,-0.12207031,-1.6123314,-2.5140276,-2.8782797,-4.0942097,-1.0386009,3.4158807,1.6442283,0.92338717,-0.6279862,-3.177257
-3.027094,-3.7785485,-2.636033,-0.6476084,1.1893593,-2.2097878,-2.688201,-2.9630108,-3.8746881,-3.9496315,0.30970836,0.21295977,1.1399908,-1.0797267,-4.686562,-3.055847,-3.612903,0.58043545,-0.57131135,0.5182911,0.13026047,0.26784778,-3.3051105,-3.6389027,-2.8968248,0.7126421,-1.6362598,-2.2111413,-2.7342718,1.5359846,-2.1567688,-3.2030969,-3.4857962,-1.8284318,-1.7861696,-4.0567894,-1.6712584,0.66643065,-1.2860675,-3.883107,-3.7575867,-2.404711,-0.160815,-3.5702438,-1.7679559,-0.49765095,-0.9758296,-3.1794841,-3.5243745,-3.27796,-1.2556665,-0.96054184,0.40098298,1.9555354,0.16753125,-2.9479628,-3.094974,-3.8112595,-2.6141953,-0.07319534,3.3534489,2.1933699,-1.5380561,-2.7229986
-3.2456317,-3.5080855,-3.687214,0.007164955,0.68021744,-1.8959651,-2.3547916,-3.3192983,-3.5292792,-3.1744993,-1.2451558,5.6712627,2.887052,0.54542243,-3.2257183,-3.1129014,-3.4145572,0.19080722,0.2199701,0.6146877,1.4152647,4.2048674,-2.5998178,-3.659293,-3.149077,-0.8948935,-1.6883118,-1.5568169,-1.6226767,1.6701733,-1.770097,-3.3339386,-3.5118275,-2.2093666,-1.8501836,-3.2900748,-1.1835499,1.1260864,-1.4446424,-3.3904753,-4.4135504,-2.5526724,-0.66530037,-3.5745306,-1.1970263,1.5596437,-1.2612898,-5.9814725,-3.3488102,-2.791538,0.16947448,-0.55880165,1.8440956,3.1023104,-0.062161803,-2.4347408,-3.8387527,-4.005918,-2.3650815,-0.17758393,2.5848517,2.0573971,-1.1875174,-1.7296815
-3.2667198,-3.8328557,-2.388768,-0.7639482,1.5856892,-0.9649091,-2.771709,-2.751491,-3.822443,-5.0991983,-0.53188527,0.26308918,1.1919612,0.5276202,-4.0963497,-2.6678915,-3.3776975,-0.1763084,0.5232185,-0.3301854,0.0012009144,-0.30805564,-2.582841,-4.2732673,-3.1780176,-0.26398706,-1.7227954,-2.9524856,-1.241178,0.8818316,-1.5972708,-3.265075,-3.650949,-2.6439462,-1.836626,-3.152814,-2.1825738,0.71179867,-1.5142103,-3.619385,-4.5639033,-2.1259372,-1.2102597,-2.971911,-1.2333043,-0.8109197,-0.7211511,-3.6912622,-3.7968967,-2.066679,-0.10510445,-1.2094843,0.7307362,1.6342664,-0.031177938,-3.3663979,-3.364373,-3.6516695,-1.9229717,-0.5961826,3.072508,1.5525908,-6.120282,-3.8159761
-2.392025,-3.1784356,-0.7584349,1.7956454,1.1744447,-1.729522,-3.0985806,-3.2131803,-3.457008,-1.7635562,1.5878246,0.9402859,1.9048223,1.7201695,-3.5893514,-3.2391648,-3.8428886,1.0609932,2.7683716,-0.30091262,1.4125324,1.9276824,-2.4027283,-3.6728761,-3.039444,-0.12728779,-1.1547341,-1.9207064,-0.81018925,2.0494127,-0.7259363,-3.468346,-3.9872878,-1.6431311,-1.7743996,-2.8603024,-1.0555027,2.1343007,-0.23286843,-3.3806596,-5.275911,-2.4809365,-1.1940942,-4.6558757,-1.342444,1.947169,1.4350665,-4.262238,-3.4246128,-2.1301265,1.654432,-1.1533964,0.9796661,2.9657578,1.929529,-3.585566,-2.7131023,-3.7585814,-0.4034465,1.3988996,2.0399117,2.7704017,0.26190305,-1.7456793
-3.3738346,-3.480577,-2.6640832,-1.2032447,0.8059417,-0.91089785,-2.6176083,-2.9377232,-3.9426956,-3.4117525,-0.93223345,0.009935737,1.628391,1.4584064,-3.4295666,-2.3535428,-3.5544384,-0.14477563,0.12605608,-0.65187275,0.0050965548,3.3126407,-3.562565,-3.861071,-3.1488562,-0.1947431,-1.4085766,-2.3105738,-1.208625,2.0328414,-2.4368114,-4.4023895,-3.2534308,-1.6784295,-1.5683352,-2.857294,-1.7062156,1.4286778,-1.4808565,-3.9011102,-3.9411438,-1.9849261,-0.7951199,-2.1155384,-1.1018773,0.054530323,-1.2025528,-4.1048965,-3.976759,-2.4842892,0.020177007,-1.0279295,-0.30843997,0.649627,0.29550332,-2.921678,-2.9218698,-4.234254,-1.8725045,-0.7645753,4.2939034,2.0233707,-1.9486101,-4.1473637
-2.6729102,-4.11826,-2.7865,-0.602832,2.0840807,-0.26998353,-2.3507037,-2.8863888,-3.4824562,-3.623389,-0.39670622,-0.29168165,0.13348114,0.052165747,-2.8110719,-3.3566883,-3.544814,0.68187964,-0.44243455,-0.79089034,-0.23214126,-0.76250744,-2.8447847,-3.3673117,-3.163859,0.73961174,-1.9855632,-2.2963805,-1.298749,1.0539614,-1.8858689,-3.3412976,-3.4194226,-1.6730291,-2.1308072,-2.4856713,-2.9854248,0.8076898,-1.6422073,-3.5640936,-4.8607206,-1.6984303,-1.6745186,-2.187685,-1.4470625,-0.5138076,-1.9157209,-3.1185818,-3.0720663,-1.6776159,0.23104644,-2.0398648,-0.56575686,0.52945083,-1.8423305,-3.2339807,-2.595942,-3.981302,-2.1413684,0.3489251,3.005922,1.0489894,-1.384635,-3.801602
-3.6112947,-3.1419778,-1.2111465,2.8513536,0.1815921,-1.273841,-2.2758703,-2.6722636,-3.0108345,-4.757551,-0.018426538,1.2372556,0.5336462,-1.3935597,-4.1495686,-2.5413704,-3.8910382,-1.0273641,0.83346343,1.0675069,-0.50310254,-0.530419,-3.4713826,-3.5047264,-3.8299277,0.11905587,2.24926,-1.1465833,-1.5094638,-0.8083501,-2.5394192,-4.5783014,-3.1950636,-1.9588535,1.8749247,0.50858605,-1.5658189,0.18554455,-3.1599784,-5.32627,-3.3235524,-2.9473267,1.9117224,-0.18970823,0.15263903,1.0566413,-4.5693297,-3.4402182,-4.561202,-2.610468,-0.82794553,0.44872648,0.5783018,-0.71183395,-4.0833,-2.4666348,-2.9927297,-3.6985307,-2.0058475,2.3591535,3.003973,0.57416445,-1.0881892,-5.8230886
-3.0444045,-3.6164935,-1.9161892,1.3474822,0.18360114,-0.9163879,-2.1765656,-3.242972,-3.0968235,-3.6358168,-2.10541,2.740868,0.67135,-0.7271613,-3.86246,-2.7585268,-3.9411974,-3.1922493,-1.3041846,1.6218879,-0.4815755,-0.11885631,-4.459134,-3.7486596,-5.195544,-0.8833976,2.6042757,1.6721774,-1.7992622,0.052584827,-1.960582,-3.7772279,-3.442964,-1.6184586,3.0754943,0.49239597,-2.561379,-0.4813585,-1.3292649,-3.7660987,-3.934189,-3.606165,0.98538315,-0.2121762,-2.036112,-1.3578,-2.2746825,-4.0017233,-4.122418,-3.0330288,-1.1641817,2.7726278,-0.63052857,1.2345538,-0.8310206,-2.4188585,-2.899447,-3.853529,-1.3384856,1.9547335,3.1633813,0.6848247,-0.8762126,-3.2304058
-3.1615329,-3.1653142,-1.7415773,-0.22127247,3.1633916,-0.6773708,-2.9271605,-2.7169683,-3.2973688,-2.04836,0.94171166,2.6412852,0.9179702,-0.10669643,-4.2703996,-2.8680096,-3.5884526,0.4604288,0.8738824,1.9246862,0.52672267,-0.57749736,-3.0684996,-4.0415134,-3.081958,-0.65745497,-1.4800104,-1.9325294,-3.2493205,1.4397507,-1.8205853,-3.3314407,-3.938865,-2.1713057,-1.9969107,-3.7749472,-1.5180023,1.5228636,-1.373156,-3.30561,-4.0650063,-2.853721,-1.3272054,-3.3774867,-2.5940979,1.1311846,-0.0867179,-4.443508,-3.5532594,-3.197159,0.05333352,-0.5565213,2.0254161,4.6587296,0.9054303,-3.2184427,-3.2801797,-3.6397865,-2.134142,0.68385845,1.871701,1.0428845,-3.7789536,-3.1440082
-2.4185233,-3.906795,-2.0542245,3.6767035,0.8717628,-2.255366,-4.377303,-3.5478926,-3.5197763,-3.817014,-0.8502395,1.9132905,3.5758104,-0.6421364,-3.3151462,-2.9650002,-3.494097,0.15556884,2.856926,2.172037,1.9263229,-0.41184855,-3.1118217,-3.7415133,-3.3521361,0.56550235,1.0437298,-2.5777352,-0.5529177,0.41623944,-3.863957,-3.3526938,-3.4227805,-3.0463996,-0.9141097,-4.806489,-4.393796,0.9717027,-2.3112116,-3.2163267,-3.7336717,-3.0831673,0.4783857,2.9461765,2.9485967,-1.0397818,-2.453442,-2.8606827,-3.3589125,-2.760186,1.380166,2.231967,2.125705,-2.996326,-3.5121658,-2.9522183,-3.3113575,-3.274061,-1.9846627,1.0425609,1.1192963,-2.9455392,-1.7705705,-5.636966
-3.4409602,-3.2114863,-1.6304659,1.3839974,1.1599332,0.85858023,-2.6490686,-2.6497655,-3.096352,-3.5405817,0.97880745,0.46209174,0.6435368,-0.6118443,-3.1355515,-2.2110925,-3.7873042,0.81224036,1.3155828,1.2907312,-0.5637026,-2.316571,-3.2569656,-3.9466639,-3.5201387,1.4797996,1.0778981,-2.5465956,-2.212346,-2.2095275,-3.4227936,-4.795441,-2.7862506,-1.6503173,2.6855125,-0.68306637,-0.62194943,-0.5632891,-3.0610712,-3.5837672,-3.3209128,-2.9602184,2.5650823,0.42800617,-2.9000678,-2.2658987,-3.499601,-3.311838,-4.5087633,-2.7239432,-0.52964497,0.9211931,1.736872,-1.6761407,-4.737829,-3.8771346,-3.4047494,-3.9389272,-2.4542766,1.0767213,2.0928338,-0.82791996,-1.4384671,-4.5075455
-2.938727,-3.3648164,-1.5429063,4.23073,1.5451269,-1.1913701,-4.0603366,-3.0853844,-3.373857,-3.2164557,0.5603368,1.5859219,1.9397343,-1.4211636,-3.9900317,-3.3401713,-3.3684154,0.81355035,0.6013913,1.5398059,2.659738,-0.7673087,-4.6333075,-4.270434,-3.452157,0.5466876,0.042570055,-2.115408,-1.0647748,0.8867755,-3.0512128,-3.0198402,-7.1543846,-1.369976,-0.8152781,-2.0268912,-3.4092047,1.4369863,-1.8933752,-3.2450132,-3.478812,-3.1795778,-1.0018647,-0.63018143,-0.36573958,-0.9466135,-1.3934582,-3.1121428,-3.6331253,-2.4403312,2.39638,1.4989172,2.1421504,-0.48359275,-1.073111,-3.1049297,-2.9425602,-4.4438124,-1.7230536,1.9326879,3.3681185,0.5720908,-1.8709948,-5.2127147
