0,1,2
-0.9324063003971282,-1.2318139686272485,-113.8398301809408
1.317662074264415,1.0810972066938407,125.04028492595006
-0.7763164646428167,-0.3382240130220006,-57.65334674745124
0.3252375314984669,1.7702826376059349,112.47023398784815
-0.6469080743923158,-1.1318649521000084,-94.25029507752016
-0.341489611982492,-0.9038965647484367,-66.3571449696832
0.8302084182096908,1.586300708525684,127.92524522586444
-1.4730950995281689,-0.8074679333690786,-118.1332922402063
0.32622385163954043,-1.4715109947135108,-63.40078090949185
0.7259997229498015,-1.1346213338911832,-24.879375319705282
-0.5607567184246776,0.7374129506023314,11.678761178926456
-1.7130015249171346,-1.3128514084214407,-157.82534700959067
0.9422065843281499,0.886108453190615,95.52795552466432
0.6328051628716155,-0.6075951321938104,-1.1954238431340527
-1.5258280049978976,-0.7635292415537999,-118.59711908847576
-0.1605905957886504,0.3011958967738049,8.296769781028308
-1.554190105862037,0.626466719844333,-44.40651971628135
0.25417399762903153,1.074348000473808,71.25617332746118
1.427461750230229,0.5325886128766382,100.9878142256366
0.003954986298830828,-0.23357240691024106,-12.60798795773133
0.9283084131667305,-0.762516745318332,5.333619069224407
-0.18682162454750156,1.531568999312507,73.6469792280017
2.3816867403832394,-1.2403698598466353,53.025265278296466
-1.4647296725984162,0.9233269736391508,-23.7494678898993
-0.7865820016069696,-0.779752409798982,-82.24470123676605
-1.2913997354400004,-0.174943551880753,-74.7843289289214
-0.18249648843169444,-0.03586301340249024,-11.059833739382855
-0.3102122837288685,0.38710857236427165,5.444978433482755
-0.8780823658783315,-0.5335729173512175,-73.23900456680683
-1.1009482565393056,1.6031168035994965,31.231493992623918
0.30779218002328085,-0.4382395597113121,-8.125383241926219
1.3621949256213681,0.4671970855700648,94.06864515487254
0.4949127680059122,-1.1717525252577976,-38.72517484100132
1.018783003211582,0.49272189066362654,78.29799884999835
0.27104765567541017,0.24969271881150587,27.284551547755083
-0.5565541272077061,-1.2891152515838091,-98.02637253433501
-0.4593151035022208,-0.5108342273339254,-50.91894308343565
0.37555589271210427,0.47460204083709195,44.77835036882606
-0.6011314170860357,0.6316110795570734,3.7940452212364586
-0.16902664320622662,2.181313583443201,109.90502758550105
1.0467525737728505,0.1461837433111376,60.731910030572024
0.16560617521113316,-0.7261190780800845,-31.031825113065487
2.4914601952522397,-0.3054929967518202,109.31754063443508
-1.2932094678664148,-0.34120742925654707,-83.66982519133983
0.5814968380217,-0.9146850605162898,-20.34000844799688
-0.9441254809599161,-1.6086863355403151,-134.84544626979115
0.733143903512882,0.39606368770299055,58.27238207332635
-1.1937248616197422,1.6437883780910363,28.663201993645476
-1.6032321166406402,-0.3206399590036876,-98.26628964777954
1.5483044416557157,-1.532288690136583,-4.939199065191812
-0.5985171624499619,-0.5851085947286933,-62.1364859526945
-0.2555699417404906,0.2958753930557946,3.2964154689415577
0.5763462644845422,0.38575041876505317,49.98226997040006
1.3142945265316286,-1.2472375400965645,-1.1947055181151116
-0.08723226071462387,2.8770573924470693,151.7472372611335
-0.16488351626720577,-1.412301427234974,-85.01590068269597
-0.33160370798883354,2.4963840758148947,118.82301903316042
-0.8558039261410029,1.312638414692277,28.10757517092101
-1.050993387277272,1.2024684752309611,12.199276566008436
-0.667303471756585,-0.1654304781930892,-42.698052355244876
-0.4097782308417946,0.25248248186055117,-7.209662172045056
-0.8454160653859087,0.09789468865363075,-37.34545344499696
0.9727464272479233,1.0912900612553664,108.43813245694815
-0.7803890595453719,-0.4492484915750326,-63.853821923637625
0.23825500039862638,0.6956002219991426,49.88795627435905
1.4843633820910467,1.313088279432838,146.28136464920928
-0.5181455945596111,-1.1443243510108692,-88.20274613930742
1.1087896097428658,-1.4133541885782899,-20.879049217907177
-0.2928564806692972,-0.46612942950501446,-39.9463190840938
3.3637125482438006,-0.8322534029969404,124.62395803737277
-1.103327787467707,-0.9742078932225162,-108.4879230510291
-1.177386218248142,-1.0799586706558195,-118.13207137196513
-0.005826110963085457,-1.3478641157291051,-73.52560256830243
-0.0001190297876063697,0.8948732179225952,48.61945519610766
-0.37542407073431366,0.830355760342152,26.13623266515558
0.18209285159449262,0.42941836528533034,32.65173739019328
-1.161612776485789,-0.14425020912435088,-66.75301305304788
-0.8115388274576466,0.5871683822901493,-9.165444884264714
-1.1766383427479672,0.948137224356042,-7.858229122477569
0.006710186952637037,0.23772446232996236,13.348713998789123
0.8604827555664977,0.934694802198235,94.19994650604406
-1.8861628082979072,0.3233917686169585,-77.92027475032619
2.383074110530737,0.1360183518380785,127.81100738524712
-1.0775659265785231,-0.5651386637606434,-85.20866042108666
-0.20109808262762088,-0.01748864395525163,-11.053499423002794
0.6897034604002923,0.30750465043239017,51.62218195979213
0.528689539776396,0.8220823882635944,71.27681294043627
1.3363225301856745,-0.49582271921913934,40.58686044333032
-1.2100158047887366,0.6805921048737058,-24.161517349810694
-0.6873804305407747,-1.2140135235789788,-100.60044476663224
-0.7138648925173964,-1.9093832403023558,-139.81568967649795
0.34500250714205194,-1.0129954781846142,-37.45020587175355
0.3867163905593386,0.9665095599708731,72.03535687046995
1.2735966299880572,0.1217216145256889,70.93857163446145
1.7732015630623534,0.9886092767919699,143.20971873732495
0.45170823082280154,0.6429085915777354,57.87214046302194
-0.3820017123954388,-0.17012891993587803,-28.30158933501513
0.05777140888428199,-0.9468661945645849,-48.42129057832414
-0.9178074908642082,1.4512907710886498,32.433954720795974
1.7628753316047807,-0.47856763948432474,63.30049114305206
-0.7337829624637183,0.03877453357033468,-35.088142984513354
-0.19814058391430556,1.7996105840727306,87.48214117721398
-0.11649594617694987,0.6335910001956131,28.361003897074518
-0.3488944509894251,0.9837034333517989,35.74259310427529
1.7828568616122602,0.5000714983224899,117.23039476983708
0.7900101323924259,0.7559011723975316,80.98466038691686
1.2276452546201868,0.2544542168500424,75.84084583536593
-0.4578176393293132,0.5996946658683556,9.397926840142675
0.13272462957833597,-0.6704345177871478,-29.620845216838966
0.7946299671195237,-0.2146641552160771,28.26593891449334
-0.16341061422196038,0.4797855973415564,17.69380445559792
-0.6323959870590191,1.0697867901872662,26.170134813174858
-0.2485372687329268,0.7741577603582914,29.37132850687908
0.5566091815868658,-2.2750998216955933,-95.31960487531238
0.4820569277262986,-0.7424800645620498,-16.089338231519186
0.5524735438163922,-0.8478607512189437,-18.28843973933414
0.11953873765382142,0.8921789728738622,54.52403483907502
0.7857611948396513,0.5272293063649072,68.45713180210011
-0.8551437461978204,-0.21952173820591525,-55.24666853275266
-0.19354795545224612,0.8700242273405933,37.314984043406945
2.0445045950314062,-0.743107858605839,63.02219408899848
1.6407912626060956,1.5697082274861065,168.10122139338714
0.6514265065084408,-1.3795669059931839,-41.999107470370525
-1.420769945216467,-0.38367858033285834,-92.5152905868725
-0.9010720417260938,-0.35795600940208616,-64.93907765129065
-1.6484130429868344,-1.1294336604695234,-144.6926267986278
2.7359916719438715,-0.19440585088237355,127.81022530690143
-1.3201448248939855,1.3339674078483132,5.656231359859789
-1.5809509153994608,0.19806352033653218,-68.97617138785301
0.6305997847246627,0.09137801022078405,36.793600958219706
0.16261777517803983,1.1561154340822488,71.06968261034424
1.4599476054342586,1.3665735802537313,147.99635134108163
0.3884585427026521,-0.16856053810105365,10.512679726935547
-0.7043846617953101,1.5954652984614206,51.11941195113554
0.2890231248861762,0.5126589720717457,42.2577656537332
0.3542883260127956,-0.9886069051912607,-35.54689680295494
1.4554136725964222,0.3319589914349609,91.53307735569155
0.2915234087650994,2.310131126498589,140.06848347625024
0.6093824284471023,0.6550914964899954,66.35734248081198
-0.7819647088523439,-0.5770672802065725,-70.48887787544265
0.240964719848497,0.515393319877207,40.218686917777205
2.0077425104248694,-0.007123912985981675,101.22019626073863
-0.825658115481622,-0.07795820588028576,-45.96628831925847
-0.005311240170679916,0.4320701473808541,23.157520338763565
1.1085784750011434,-0.02119123632684032,54.87662237420002
-0.345933485517981,-0.5087368077688011,-44.98068518307319
1.290854030885339,-0.5693559457258507,34.3143952470132
-0.3214002573509728,0.9484996546586384,35.24343823803749
0.5282275917459178,-0.26788095163198444,12.4597294196306
1.0772158248966757,-1.3713459390067968,-20.00320668623792
0.1638916766505905,1.6712271787210455,99.05766389940563
-0.5434177501168008,-1.0842187905294605,-86.43275297475175
0.8075331476790841,0.7939119505917479,83.88208524086684
0.63456657024456,-0.7372559813163787,-8.005970807397329
-1.655833218955355,0.49828684106766413,-56.692076187734514
-0.16119312433568878,0.6511816748314866,27.187796890061076
0.42464010693820137,0.12234621911199807,28.153780168720342
-0.27914015531621944,0.14778419505279847,-6.218456174105198
0.11493858627645467,0.3944464684748484,27.267109804316863
0.740217787374594,-0.39931981607421585,15.650216382310813
-1.0854700731375206,-1.5039918810807955,-136.54088819533317
0.3269493514220455,1.2581937347002186,84.86615196673944
-0.4732024505329908,0.021178695228263832,-22.852630336294066
-0.6321640144289613,-0.391573297944504,-53.36841116415871
-0.12677775575224723,0.472429561303559,19.233220682164067
0.4176886512433299,0.6868075957168795,58.21878415283828
-0.49761866300949015,-0.27028001431529947,-39.638128034737676
0.06525884085010095,-1.0561456151475073,-54.07201013184049
1.1836137852001716,0.704239131587574,98.22858144797438
0.17386337962390017,1.296064935170619,79.21102007158771
-1.3278284246589622,0.9862351943753441,-13.529172142132868
1.692232326784603,-1.9480807918350167,-19.981486463287574
-0.8209813749317074,-0.6027515436550578,-74.1865536150092
0.3913325861134643,-0.3892464655692241,-1.441055031541833
0.6021638860514363,0.5912294206152279,62.65592198597861
0.08356408235443043,-3.120040080277723,-165.19831036499986
-0.5837918592664593,-0.06366034162627404,-33.00599985613815
1.0611099422734496,1.1338956876125594,115.08352246294251
0.29949730199366176,0.6919725762829213,52.88998925016509
0.34329702257817124,-0.2679893387011373,2.8365157431350485
-0.13016005944589776,0.506800997317097,21.102192728155647
-1.4115554235777086,0.82743591791705,-26.279607554398133
1.233247658992248,-0.1292961630363807,55.15324183944288
0.46760876422775804,-1.159625776030039,-39.27475265338191
-0.6338921692659878,0.5925703300806189,-0.07890422445692566
-0.15871558499124636,0.5102507838958042,19.79865692982348
0.6179842182908757,0.8362312973789865,76.58447212096156
0.5924707792635545,-1.027090133554373,-25.536149243486644
0.43090359282452956,-0.7823214704504609,-20.68173264188672
0.8150177993651146,-0.6390957187773897,6.652438267829222
1.7675259751808168,-1.0711977476707506,31.07230193732997
-1.4358882744175223,-0.3258826128266734,-90.2083486771424
-0.12109748089212895,-0.12618218407644324,-13.066621250960226
-0.514508192879876,-0.07211846862594558,-29.958109681922124
0.25351513950215093,0.03535662989054734,14.72674265471469
0.14255167791455164,0.46422181286245506,32.34486378655586
-0.11439409580565071,0.1687039506544692,3.5493082794280877
-0.3972206580076944,-0.31078315979714294,-36.870272556737916
-0.27813331338126696,0.41567826317969736,8.621572708898942
-0.11437619639438679,0.1684778817229914,3.5431084512044118
0.6422951761990838,0.3028428534762059,48.956194895731365
-1.1880426408294251,1.3567251017594015,13.336856398274156
0.20116421955316308,1.5307279525584305,93.18263928376113
-1.1128445005311494,-1.3502497232922723,-129.57134441638095
-1.0500162538569566,-0.11587436292430423,-59.319098171423335
-0.6242136103852488,-0.2580793103961446,-45.45043418064992
0.06977118052211138,1.5645113269108706,88.59092433988532
-0.8976480303164287,0.13980028691329788,-37.957388931978585
0.5074962198468678,0.5390417165666027,55.18427422274037
0.9002093371375174,-0.27709546269606566,30.55484656305692
0.248113036123427,0.3079564466487459,29.24869726700203
-0.5729253441317047,-0.9087660021004516,-78.2463847916855
-0.36943130336603514,1.8712454897438873,82.8793897641973
-1.7070286241850137,0.08450776446837371,-81.70965546932929
-0.6549179695262204,-1.0646056391148049,-90.84529695478903
0.3891509510081957,-0.4249624703919541,-3.105017225378152
-1.2421495950456911,-0.22591392595688742,-75.0038864725808
0.7547084272174232,0.4747820392624982,63.86091993379237
-0.8645803174371005,-1.0118634943962928,-98.50059566363001
1.118951468590467,0.703428286259109,94.77014452450493
-0.8879908515145355,0.8846938116974161,3.3044279072556977
-0.04552174421268367,-0.9794842563250816,-55.35594469854023
0.02180425081606835,-0.5123721792897296,-26.4633356985763
0.28893741634457903,0.7072736690916387,53.03093330780233
0.46788647820898965,-0.2715448728321008,8.997052327636283
-1.2088202226169629,0.7039430934534666,-22.741763893782856
0.22540238170942786,-0.4070501317505525,-10.498714911619905
0.7910323800497444,-0.13058592701913557,32.9779371379725
-0.4923255128647098,0.8654048851796405,21.95346387878158
1.0137999666332007,0.007813940666772786,51.54426409924482
-0.5748120398966317,0.11418050348868236,-22.693295140234177
1.2148156935635372,-0.07369598516692728,57.42582162296993
1.6685622594635336,-0.6523338940682719,48.75684223894456
-2.3710812260721417,-0.6059608844159614,-152.668549919798
0.5496792260403349,0.32056591486292374,45.13510367647258
1.8147221536444966,-0.535174308514185,62.6889728152389
-1.9593008831600076,-0.6679799583560605,-135.17862551631137
1.2895865994301539,0.934230019365426,115.94972015553859
0.6718548591081376,-0.02599849065286883,32.538959234172474
0.7616065135659084,-0.35433311029525727,19.083688746516053
1.4574314500918844,-0.3653121695731882,53.832727492393275
1.0018334701665337,1.5849804275052377,136.6979659912977
0.4121065794245826,-1.3656098892671868,-53.22418766183953
-0.25534864357534276,-0.9504092023489902,-64.27655194732127
1.433055649524376,2.767577799823336,222.66693263175247
-1.3530367813006785,-0.06986352166036432,-72.15858390560165
-2.0902305629070272,1.1385045579492734,-43.691413467916036
0.014174016827946048,0.7065055320191046,39.16718996691868
2.1231560147238415,1.2791005582288337,176.6345769811104
2.5728095987535538,-0.3874293729739843,109.13802911437159
1.38988257281025,0.23978823475201308,83.33881951914866
0.6132222046119322,-1.081922579458147,-27.681909913624285
-0.24856856991023218,-0.5881893342474609,-44.380366466169804
0.5588529556909783,-0.773559090865431,-13.632680784605848
-0.48173229067169143,0.2799023301310884,-9.195581358242613
-1.204368841885698,-2.358255511142343,-188.76144629253722
0.19319611080694526,0.7927508987292435,52.64274693353223
-0.22949162794982172,0.7055060424584502,26.840897345755707
-0.024686737037060792,-1.736771676327472,-95.40405145997508
1.9717592255112637,1.1300839406537164,161.14645823884385
1.3139877066100398,0.27593460563834793,81.34084282212665
0.38459956210090296,-1.0653719867403773,-38.204976936950544
-1.8418872337972345,0.11287847125309529,-86.92103643135563
0.032866631551086614,-0.030788416287501934,-0.051320310431958525
1.3338997270522757,0.9349092766330986,118.0809224810709
-0.5419402545526373,0.10901455423458103,-21.452250422702434
-0.17553755532631685,-1.3508634618694786,-82.3343391711097
-0.06716817366545261,-1.7885663868932153,-100.59241817050054
-0.9314968590894257,2.771336197970487,103.3721634033739
-0.0268352367150911,-0.8261747481086884,-46.18685780259452
-1.311671282372063,1.8682211392245582,35.14656550880756
0.6193749062207065,-2.250397497377549,-90.85005965923246
0.6087237838316557,1.4920021521089641,111.65057940213919
-0.42753640693583733,-0.04149748277902554,-23.78591218623304
0.40437444465947836,-0.027073031870329025,18.938191657978766
-1.3073303169489465,1.4202717557524713,11.216778499718057
-0.8959867785022991,-1.0719190278649215,-103.45680520915425
-0.311778224714207,-0.8484347604332999,-61.74239915118167
-1.9576401444543576,-0.48338835366296257,-125.28057598223278
-1.7879121290469457,-0.8517402277193433,-136.6551889785658
-3.057232696179931,-0.4311691763412234,-177.92298975666918
-2.818411439518548,-0.42963775890496875,-165.77262678473932
0.4537796041655204,-1.7833252942632818,-73.95123495614041
1.3758286362054974,-0.14592734152972944,61.47604528492353
0.9093781466574986,-0.8889439017771642,-2.311307124371215
0.5485943302244046,0.2500081172511652,41.30287846651352
0.6877390705648988,0.7373441743815465,74.75974892705568
1.461958832520846,0.38919041350873557,94.9323619295437
-1.22061012492469,0.5169783603784106,-33.580910645072926
0.8395778287093428,-0.895997460183874,-6.095444936654232
0.4794877159600024,0.875332651721892,71.76450407960864
0.001614502861575739,0.15024786227491854,8.28280330078906
-0.5685329962264648,-1.1804576067656891,-92.65901564575462
-0.10295799596416011,1.3927924196901504,70.42327449341855
-2.0375206193387947,1.8008092622987273,-5.440182671811872
-0.0018892162071802222,1.2148342964326744,65.6993723666675
-0.793813049227373,0.6867880320447189,-2.8078580244018974
-1.7205205592139596,-0.6933501071586363,-124.65583688245553
-1.8789878990030815,0.5499244059188878,-65.15438317023349
0.3699774652357763,0.6921187546730455,56.30492704052452
0.18068915856300236,-1.6154931018786949,-78.59351962966356
-0.7761335829897926,0.7250383641887059,0.04403836479030039
0.1437943452642587,0.6639415034965309,43.268141689627356
0.2259460593592644,0.19016144861408177,21.576614578194455
-0.9959880339102084,-1.4899567022805147,-131.24321785454788
0.7478112496758242,1.0180471715863397,92.9809618314192
-1.4462403321320478,-0.39779261384226045,-94.75887656773799
-0.6312826731969126,-0.34666214952437097,-50.65134110369196
-0.5889899944709536,-1.80661583983105,-127.91767436550838
-0.4895336896190704,0.9224380708754691,25.316526528634608
0.8871340353083991,1.3979954903341372,120.6243470729785
0.2318342164434821,-1.0679825596637584,-46.177635880185406
-0.5342526467577905,-1.2714916557968732,-95.9725277296053
-0.7258780411752276,-1.1233941375411163,-97.69271155752496
-1.2983535030330675,0.3793573246716046,-45.06687484114868
0.34077799927968755,-1.2841773895632507,-52.51540361719984
-0.1659897513298513,2.3767251851383118,120.64779016426687
-0.27959336704966736,-0.6415224393984228,-48.921590759789844
0.9132895335285311,0.396468740627073,67.76328818442856
-0.21694729577797958,-0.8201459247478396,-55.465804489619224
0.3316852762033699,-0.002755204921650136,16.634498934909796
1.4491714030703655,-1.0068200403076581,18.48491488617063
-0.9954207556184552,0.40758548600786004,-28.1220198966259
-0.019068845443810725,-0.8535529977268143,-47.258279864323846
-0.8562078228191385,-0.29137403237081083,-59.282874742949275
0.3539097462581488,1.5127047563773675,100.01938405317776
-1.448229797667636,0.3719382632831434,-53.10176933309828
-0.905255353861966,-0.07845553193819939,-50.028619043780125
0.9925789529244861,0.07634820867346408,54.48242508295441
1.129349727439696,0.33363903723130917,75.14720477244113
1.1416578367656187,-0.43908450984061126,33.787577805494905
-0.037861003433355744,1.1636621737474744,61.270056718280436
-0.8940581591990326,1.0595067767775592,12.270735079547832
-0.8794479151897259,-0.6959633683798426,-82.25633885869397
1.7666546855901113,1.4307143226736865,166.9269964617201
-0.10035491216891759,2.18798718301677,113.82139582125738
1.4876597729051135,0.5412771642561764,104.49783413928361
-0.8581345432472116,-0.05908649703342174,-46.61014987492519
-0.07279829897011976,-0.8688499219980417,-50.613831478489274
-0.4077705211450142,-0.8797590107255702,-68.37174770650417
0.155883243905537,-0.0354625365935314,5.878585123504411
-0.8471233988098724,1.3691001809787626,31.46728022758279
0.3347528038098757,1.2590960003968223,85.34508230621957
0.4346386442965174,0.9218102494234102,71.9408630973551
-0.055118175230095774,-1.3584246494586882,-76.5603814245487
-0.36542350501661314,0.761435029252261,22.85809780195395
1.127325557654672,-0.9765556086428006,4.101293550826483
2.02575669274375,0.5913779085896321,134.43870902623723
0.7228710510163405,-0.7574182493917672,-4.563268028404358
0.21358588938973425,-1.3783103978151052,-64.02529313263015
0.28873240243959014,2.0497856299451658,126.09389717485908
-1.122519979081324,-0.426500944945998,-79.77385538519407
1.708101348430769,0.2390304240337382,99.29167542771218
2.4632231790030663,0.009912073039197637,124.94251007586134
0.7114135532824134,1.4581868581321595,115.04348697551694
1.1062153864109217,-1.2065165435332423,-9.484524929228806
0.9955722290244542,-0.6631677485758911,14.298053860751443
1.7011648745594483,0.11453981296935434,92.30244998535115
-0.3889177325707118,0.19783218887333492,-8.961408376338877
-0.4943891443019289,-1.756099037686164,-120.32538545790446
1.3148217832550122,-1.8652349908331654,-34.62303744181515
-0.21006007476567123,-0.2795036337072239,-25.77329283410706
0.20738368572829358,-0.8772794633987427,-37.06399396729234
-0.31169614223066106,2.373871655673154,113.31327235617617
-1.8459056971717513,0.5084875553135204,-65.69169991480248
-0.10500384542202207,-0.7033147122061528,-43.45194435419641
0.30360779566983903,-1.5350050154537047,-68.09869268806624
0.5186345594566605,0.03693040653147154,28.34003024342582
-0.854600983160415,0.5690639434595355,-12.29789142845621
-1.2626003522194362,-1.2890666925556138,-133.65902584740076
1.133538577801036,0.038848279673376486,59.434480748330145
1.0014050539426034,2.0721412294437154,163.12070258424652
-0.0868475949793262,-1.6947230412286858,-96.28615223470698
0.24627529353635966,-0.9153220445457378,-37.32884851962967
-0.17966024953119428,0.7135025318139292,29.519379220366513
-1.4807024004078286,-0.926435460559105,-125.15436573282263
-0.9916838670634675,-1.6073521802190849,-137.43493327545812
0.062036786547248195,0.7755137887260186,45.15777767677227
1.4436116318620826,0.16831977720069663,82.01990404213937
0.9612018725627662,0.7882899714057701,91.31596676159138
0.03962315194405024,-0.527963921923138,-26.58386352891097
-0.6737964480060352,0.28295455663223024,-18.650503699135502
-0.5355629004487704,0.6907897059284527,10.306299287174308
0.3115174919055316,-1.2940320051362442,-54.476683861710534
0.0017003997268410817,0.46526153508506246,25.378549756265155
-0.5447521186498296,0.1692778662092404,-18.5381762055066
0.5074805666177399,0.3364352802452247,43.914594543463615
0.5117445600021039,-0.8363568119237983,-19.652619173198087
-0.14932143028176406,0.23120434702514162,5.0452281688926846
2.5684250269536655,-0.35857036302490597,110.26494750742836
-2.2739935727694616,0.6323197989859676,-80.37746601370546
-0.6512590455796359,-0.5568050621892593,-63.242610544628896
-0.4498505184505973,2.2515370574060687,99.45181090131975
-0.187536364447923,0.5130079841078176,18.318925019093747
1.5570041137891992,-0.30767826685647115,61.82346658185096
0.07985704651211106,0.22358361668952306,16.161455877863588
0.35226005031213103,-0.8106787967145965,-26.11077764981838
-0.27030013181040385,-1.3491865797889198,-87.10526108367038
-1.3299609950337101,0.6665421068490944,-30.965824272356496
0.49649606287290965,-1.131610872420511,-36.13140368737887
1.5135807690150849,0.35113184038677475,95.70760938901097
-0.5856087508971987,-0.08751918440319188,-34.1414674997684
0.8972208924389653,0.12706589050594166,52.3318739147918
-0.15357862821292828,0.2808155723049674,7.550435094341238
1.4019328518577243,-0.13734911114989876,63.37047668666762
0.6065714023925964,-1.6446466614685424,-58.5553254305798
0.9186891564987414,-0.16211076740414584,37.72598797426707
-0.4053820736946307,-0.5932135286013372,-52.59757719388997
0.6849920337259234,1.697895951225161,126.83646811761065
-0.8493271669305477,0.4693054224657949,-17.77358165114833
0.9561240820911209,0.11430767213280488,54.76392533732274
-1.4956013521848233,0.5076719518564289,-48.00625904285495
0.9984464119845664,0.9184614858433875,100.25283305298386
-0.14079903458277032,-2.256928404158877,-129.53429271337288
-1.559290218731596,0.19922697993261837,-67.9048230183565
-1.7711237657834498,0.2733723071499312,-74.84456331135074
0.3891515107280147,1.459780257697219,98.82979855023322
-1.4807398059103007,-0.23457400324775327,-87.41965464037509
0.3410568313475211,0.9613199103565293,69.49471769527409
-1.443950564001634,-2.5581069431445416,-211.76324305551464
-1.3191349467598537,1.9542792802595264,39.26984701801122
-0.5318006595982491,-1.7268885062055774,-120.5016251465741
0.4170938572117849,-0.4296599918477964,-2.3190961111760524
-2.350952113008088,0.35846792524830723,-99.44764036875304
-0.17253486843608098,0.3460174573545682,10.28823722210526
1.7950768460694502,0.9614478060056586,142.94645433715021
1.627742986739828,0.6926995389792981,119.96087899004637
-0.388393233349055,0.9994994709737004,34.58268385871158
0.5488314010716278,0.8091774641586327,71.64345929205076
0.08785572145227778,0.3014079339639225,20.882858934529487
-2.015856390204625,-0.07569837056464497,-106.13375732386929
-0.07016323923459263,0.03486377794197959,-1.7366366364548877
0.016152798101893982,1.3512198092386873,74.07316509436173
0.3133869846794307,0.992657100406625,69.928202928461
-0.48522654760692696,-0.4712545960277385,-50.1410578092714
1.1831838709531883,-0.9978528709160408,5.718212105035882
0.19372192898175558,-0.8918107466025809,-38.393630877395836
-0.34200910088808123,1.8933909811216978,85.41581334449725
-1.8831182824513701,0.419446097527367,-72.24029536388026
-1.7199703735663214,-0.2555284870095112,-100.7265989917589
-0.28069467711818985,-1.159797200278263,-76.91851074923864
-1.0075196353269404,0.15398832222019906,-42.500303758892166
0.21831268108547158,0.8394304444071485,56.39261253458648
1.391829631222114,-0.5355566452926299,41.201510092071196
-0.9515434922235344,-0.6098546558414587,-81.20197980123285
-0.7813264041379397,-0.7975059287072408,-82.60262117745204
0.1668126095482129,0.30602569331563173,25.147456142169123
-0.514869946590415,-1.071430897987266,-84.34999038931122
0.398998069594086,1.0742213217741166,78.60381837371932
1.077158483242106,0.003722042943050715,54.47968302668454
-1.6453408938172402,1.9674973427987232,23.66418512406986
-0.0543288233059447,-0.232592732467682,-15.309277351839357
-1.5890298562793688,2.0661743852550916,31.80134886545813
-1.4794805771294197,-1.7835381228744756,-171.652210345467
-0.9811291006048873,0.9135994608558586,0.045997263725528564
0.4106141604953299,-0.07859157005340413,16.576839336514325
0.8152063637789124,-0.44111566525479945,17.35588304841436
1.1022000342918004,-0.5031512639452488,28.298953546092438
-2.082650461992285,-2.3934713278913984,-234.99416224462163
-0.27365156544141994,2.703828073266012,132.75860888863008
-0.03257833062502595,0.27368043273394754,13.278181073598025
0.29660699348159664,-0.42536740417993474,-8.1225480467316
-0.16257055719965158,-0.5305833455672487,-36.92804867948848
0.323675071313457,-0.5541821992932546,-13.621848678285257
-0.7950591855815146,0.9321595582679207,10.309253360727537
0.39865830284509796,-1.8116523280239085,-78.38115243636562
2.973968627406333,-1.8718554047967182,48.72547740170611
-0.7350082992850588,-0.4971705212505901,-64.09414809505067
0.06265915468324078,1.3783978331677151,77.92728571283057
0.4026326333790513,1.1204696739983937,81.1421027640016
0.6961421467799261,2.558584023057495,174.03448099947178
0.22535903881019373,1.2913305191660147,81.36917202247419
0.44359347147605205,0.6331093578440158,56.71425095124577
-1.3269092683152883,-1.3627174103631678,-140.94427835703377
-0.6506675375645172,-0.4772493192163343,-58.6705911804744
0.015538321602067863,0.03378669661260639,2.68502816489397
0.5282397895309547,-1.0291368093955462,-29.04468210934347
-0.7684533377220424,-0.7018885716153218,-76.8585321097515
1.3361070560925725,0.5097116534409315,95.27663937255362
1.363239226978776,2.282903173837879,192.92374445818314
0.04576139222266534,1.5410719071036088,85.7874268013487
-0.9242942984883556,0.4143505641709203,-24.103411117476483
-0.34034838053702027,-1.8585715445847235,-118.05661030539443
0.39573493737841803,-0.18050234842925775,10.18644839403244
-0.8601659692259187,-1.376808133167838,-117.98448485916099
1.2484472238990227,1.069470862490345,121.18966765991661
-0.0768505699905429,-1.1139122100417689,-64.46942896448263
1.133226458755782,0.7376714902112652,97.38773039961636
-0.38350035423379997,0.6361277950035712,15.107207312742839
-1.4759645175068503,0.7311488573437913,-34.94746761193312
2.0342404091760615,-0.5959859054127302,70.61440518447624
-0.8365027411262221,-0.4206560029139059,-65.15830537008202
1.0100608441919687,-0.11047483427735541,44.99934354148415
0.029502088631004758,-0.14351723211022194,-6.239571621702693
1.997856530663026,-0.5335037089847463,71.89285472576344
0.7925747147244986,-0.17313873987301057,30.82241655857599
0.28867021420087047,-0.1264233707076694,7.75624124135947
0.006768653618715191,1.4126640345869454,76.82993965534978
0.7126398675468741,-0.8390773021899312,-9.651408117120281
0.0680516292321753,0.014243871654748538,4.324935910460341
-1.3956400826689483,-0.19533944444224635,-81.29752083570068
-0.41298830981032597,-1.1390464124365907,-82.73255038126622
0.5735214360037972,0.15040014593139028,36.97421113027344
1.3128843676646123,0.29347604778105774,82.4450577452486
1.2386278137039013,-0.7934327379373619,19.42188033581836
0.1332928431201743,0.2944022340559222,22.841720298351774
-0.3474038365096288,0.2069127656135689,-6.454723636360412
-1.1749469043798524,2.8965594488195348,97.84900578547662
-1.9003466805534317,-1.14659714073093,-158.15057923752465
0.2763801469284496,1.1066105641984048,74.11865855424608
-1.576512818575821,-1.8846977995986438,-181.78780757477207
0.13209417581555447,1.094866846860002,66.09832333156942
-1.0556317714248342,-0.1314758565229721,-60.55269870304303
0.20636231561322008,0.49398489085601444,37.18449892981569
-0.045901804220684905,-0.12474348954910061,-9.23412724235034
0.0008230655994367055,0.351574482605193,19.02192316891522
1.6408540472579967,1.1860219766710758,147.43597022636868
-0.006611334698584186,0.9535421535398296,51.48061622728513
-0.1390819349853477,-0.1392261682589856,-14.482548990028869
-0.3504329007520508,-1.4372317137894413,-95.69868803929207
-0.00558342789579162,-1.580759074831122,-86.04863115417872
0.8715971354870033,-0.731503484041557,4.240009591228177
-1.00150599178547,-0.2069567139300722,-61.91528755829465
0.2026855009152701,0.5897392992271481,42.126083740177734
-1.8713124644052068,-1.379113668346286,-169.423088395598
-0.0889332139204892,0.9169542282279045,45.44134287105816
1.22622028489156,0.11260303913471696,68.09525451013099
-0.1359411427296033,0.8110025481360325,37.13933116397347
1.7575404225681204,-0.13302541240267318,81.65114232882593
-0.11168424181553312,1.0652828489450838,52.15170780268071
-0.6610620033264016,-0.2726689087563319,-48.25510211178868
1.0068027946466158,-1.2642070668907543,-17.544304373789643
1.064575871223787,0.8717535525317182,100.91391572995337
-0.6459606328419171,0.36428221748061285,-13.05391777323315
0.03994884318209202,-0.7260255280406018,-37.35415927821735
1.8911350822413784,-1.661817820755492,5.332859280442835
0.9241764958148067,0.7675818619789739,88.15098423309632
0.03929869210244098,-0.0015810838592335372,1.9828814187734278
0.5809228307171408,0.07028444085744995,33.21898287896368
-1.3612413888984236,0.469827535099945,-43.22857864228537
-1.1600935179794476,-0.07425873966705063,-62.9026191455078
0.8762581259677195,-1.7789792430426683,-52.30963274013901
1.7355889254416854,0.8935321283758857,136.37440320035418
0.17379852053741718,-1.2814169247562464,-60.80792480543394
-0.28700186277137746,1.3158874536513725,56.77960478374537
1.292406807035681,0.10698912253348795,71.07417279684255
-0.3201629387612364,0.02614299981756195,-14.888076387599693
0.2524651346861934,-0.8775470696691884,-34.88979249361383
-0.20943552751664754,0.6258228911584012,23.403450857079786
1.4636536155974884,0.30811820754990027,90.6768856595843
-1.217464217643058,0.4032880989239708,-39.46245808161043
0.042855942336488956,0.26813692505958253,16.843735124576966
0.13081399301988017,-0.1727291447170029,-2.883913471111486
-0.32537810445810855,-0.6390143888432827,-50.88867017366261
-0.8114271826695917,-1.523259486322541,-123.67563589748883
0.5390597086048872,-0.5362483931173759,-1.8797663137073986
-1.2217760065686578,-0.6563468208672757,-97.3267902449664
1.0172260480563884,1.4618797643493107,130.62427470901474
0.9134810595389625,-0.4006678791530793,24.471724389567484
-0.9583025484655148,-2.2127212523193402,-168.4175394593702
-0.12439216033821103,0.7074993327757891,32.050254264574825
0.4836490784446054,-1.7390112552660741,-69.84871986958464
0.8677224378220753,-0.7136998224983417,5.18086883018869
0.15444753779964318,-0.9137478077221237,-41.65941846545519
-1.4944530725036216,1.7495754137311237,19.324601352060334
-0.15449950959484204,1.1697535856023349,55.73349741277661
-0.3422262586950141,0.3115655091576989,-0.3462856597007857
-2.9638318011380376,0.6736044282800399,-113.1679665736057
2.1207482097677066,-0.5380686162152424,78.11892733347392
0.5107349065880634,-0.383631242895822,5.002361693347775
0.5370912293044163,-0.030919668653158944,25.383058292228185
-0.4233685451498235,0.752188380111825,19.338031103071128
0.266747572307994,1.077251709399963,71.9028665406948
0.9534133647458547,0.06238124123991933,51.63943929135457
-0.4244122311870492,0.9199724324278448,28.397381827520267
-0.9348579637401511,-0.14560436563964677,-55.10629887741356
-1.724833611763243,1.164079184656121,-24.08020010781547
-0.8917193081845747,-0.5437889304699727,-74.56430243110321
-1.2621135630482334,-0.7521993865523356,-104.48357361161281
0.30228603744851074,-0.8666776036254557,-31.776408522887017
-0.35651654697746893,1.7050374526172063,74.61621148607829
0.3505834233401734,-0.686932690470694,-19.48007203011344
0.053115594289114484,0.289712931536223,18.330665099192977
0.6817334732161691,0.6878081736966035,71.96346170383326
1.0279255580539832,0.019336169275773772,53.00563546934
-0.3531246941770343,0.46991614093286416,7.68511757978041
0.9194476030896148,-1.4338217078272466,-31.255250760498743
-0.23022521130032422,0.6080503850629109,21.278558528294436
-1.84232795139787,1.7791702099659923,3.5089396032621805
2.0531320366602537,0.3885646131797575,124.98814691684792
0.5403651379436556,-1.7608101188449483,-68.1998049823847
2.1900077750529623,0.029608693325444854,112.17252454914819
1.658970347337917,-0.1249254366661369,77.19956992904082
1.0415480133886328,1.4285986478799115,130.17783110694575
-0.583937009383985,1.5134979561711168,52.61813803265191
-1.0159149043904834,-0.8099722485550249,-95.30352407292966
-1.2766392104554156,1.6202566145048496,23.377134968337202
0.9816258860629041,0.4215189050498031,72.37139707148214
1.8760317182238713,-1.368747586964319,20.539540625288762
-0.6701102658873271,0.6165612841983864,-0.37419082897371087
-0.006613252324103261,1.0054270897632047,54.186512726900986
0.5017704935130012,1.4023621590316286,101.40353901772257
1.4770913627333282,-0.06083845859286382,71.36916659389738
1.3658769878031256,-0.032989583554604594,66.97972873123196
-0.19770928827539883,-1.0983344229250278,-69.6451285791431
-0.526311355521677,-0.6795308961606183,-63.46502563371277
-1.043783609681574,-0.06975768479599653,-56.4456224957649
1.2093189892704135,-0.2606832468279835,47.14402659191246
0.7128895731556462,-0.0004947487653398037,36.163339081819856
-0.1761957145834177,-0.9541783470097583,-60.786956391352795
-1.0637898165910211,0.4382120324160742,-30.029827914008195
-1.7129586285518346,0.3858890304338596,-65.50621047362245
1.9804320831987265,-0.05920955482523029,96.9915103718128
-0.7828621239060545,-0.5435359321925932,-68.9571738136695
0.09466604500908755,0.09154135965308983,9.869539651473744
-1.0749288461889603,0.20654282921437053,-43.12034030928352
-1.7755533282714548,-0.33415261640529303,-107.95723266820467
-1.315946993760986,-0.659731958310934,-102.12238431292947
0.062349934072338395,-2.387702509572138,-126.37844790392782
-0.523324368572082,0.755981381787637,14.708879247609339
0.8095025938119185,0.2038067579776168,51.992636769364445
-1.5952024541029173,-0.21774324210586782,-92.48119861179964
-1.0217211097687051,0.05563849904355469,-48.73473373232248
1.9709222941714082,-0.9071844770396332,50.17906228166241
-0.5746884760635871,-1.4878596213191566,-109.67638043834074
0.8844886970509586,0.5086673898902275,72.22417955186417
-1.4111196269143704,-0.747087779775438,-111.92142988381718
0.23225378210396702,-1.6622389942722469,-78.40316115742576
1.6079920331732287,-1.419208462073536,4.299937231098479
0.6001858176904314,-1.0684642990342792,-27.757481901506495
-0.07346386889980802,1.4628612070837732,75.94174201645471
-0.3260759398653884,0.05871123990714536,-13.479336096404053
-0.059683247106129995,0.25330540724629136,10.812849270208607
-1.8562039140435012,-1.405335711138152,-170.0521885857645
-0.00992470094383618,0.027801198781064535,1.0369857945338106
0.2041200079895047,0.11676978702232296,16.483734626471957
-0.6437740375528118,-0.590961694997326,-64.54106578618098
0.46447693225968956,-1.1651167902593298,-39.878954285682056
0.5178658094674085,0.3974995449843209,47.73419689400849
0.10527632600538453,0.42661120362761934,28.358707983583706
0.16017598837448488,1.9344192988791529,112.89898730615708
0.6081163708717392,-0.9214262058286568,-19.387705107734934
-0.5142347269614012,-2.378743688232401,-155.15896064402705
0.09005775704859223,0.2073373005526967,15.715098612346472
0.15961269884742277,-0.8406033431461245,-37.42236505684436
-1.342176581226375,0.5970433976931456,-35.391833489298975
-0.4789472779762972,1.9669270029475718,82.5852329430217
-0.4376387141991382,-0.8596742160683729,-68.83418863192377
-0.6815244503232412,0.7537833092913617,6.490904834284648
1.4485421376162315,0.5632259181082732,103.88328627570743
-0.5408720998264914,-0.8433155746340364,-73.19977364873563
-0.939323242324777,0.4799562977838451,-21.426693236524535
-0.9645980625994816,-0.2639580063207864,-63.096160188432954
-0.10275545067845461,0.15541638221075793,3.1394747897965773
0.45382699069747756,1.5243697304659407,105.60780559152937
-0.4985973927787245,0.8919158308201106,23.12656758940387
-1.495819611922874,-0.8126812907789754,-119.57721583088164
1.087624734252196,0.6733922637306214,91.53227740081368
-0.6201462427001632,0.8211451284517305,13.239245808015264
-1.2330406233234212,0.9167284158551553,-12.462055024901323
-0.5916465358426544,0.4675801982120118,-4.530423089570045
-0.14555968099316316,1.2309505155373757,59.43917868454566
-0.16502592726289897,-0.2659838385404802,-22.757770570475692
0.4783345252530966,-0.5200935868162414,-4.071858866919204
-2.3684957042012025,-0.5906839126240234,-151.59013561707
-1.033527932341328,-1.0017477272761923,-106.55898243626994
-0.7466154607574232,-0.6887099742646373,-75.20826886998158
-0.8980528583019963,1.8928540080418998,57.41201401535659
-2.144403923857409,0.07611232385301313,-104.17662150630878
0.24634747408461552,1.1548025996699531,75.12346839859904
-1.2846705452528928,-0.854011003513217,-111.28160307246289
0.5944028619128447,0.08677754492880177,34.97100366672066
-0.6184038385191484,-1.6423923933590292,-120.59123002600596
1.0064271872041424,0.5766005243048589,82.130567086801
0.3167163048932333,-2.227764340801437,-104.77608333208931
-0.9061534839856185,-1.149995461228864,-107.99761531095594
1.1811185909789848,-0.8787884171684597,12.079928580636166
0.5008567656158037,1.4127660316107038,102.01444082192286
-0.3009944800704301,-0.39061102797011316,-36.54506060951287
0.26730547824766837,1.273248244800292,82.48745855486784
1.3049651016966033,0.7917332688792428,108.78658360074593
0.21614072219151834,-0.6380305840269739,-23.50263074178954
-0.8537912120647169,1.1946395925085478,21.658274989111003
1.3847759437773148,1.0374531098111759,126.36313905125863
-0.7712673634582193,1.3565866861775309,34.757031935115165
0.5309140937747229,-1.0878455866838919,-32.370473852127056
-0.7190154211344255,1.4273191257954074,41.07552777993356
0.9758593908790298,-1.4714148705190566,-30.48503665895917
0.5973917906887379,0.11442025670228095,36.36699143631651
1.554490718832,0.6186216477653188,112.12097195405494
-1.3876471152152638,-0.46704110012756195,-95.3843845455497
0.3162244289473192,0.029972245410000306,17.70790959180593
0.9986574308659195,0.7253863442195315,89.66674842310597
0.5091892927594921,0.6237399610613295,59.64033007193751
-0.11848984708886347,-0.009128435150010224,-6.448860951939916
0.02044595708582401,-0.5033446422807525,-26.163453561368534
0.911230599488928,-0.6309740450824639,11.810672995461898
-3.2972821810258774,-0.5784096437569208,-198.12694424625357
0.031140821288287518,0.6569397488380604,37.28587064055636
1.3630364688336294,0.5445400773746369,98.5835247912667
-0.5253530400967831,0.9237562279910411,23.594121971878575
-1.6568670406565424,0.47806989630446484,-57.84949020400363
-0.49160996859913864,-0.9956173304826039,-78.82128244231153
-0.48658847723745985,-0.4567663920207511,-49.43868474150496
-1.0260880474983114,0.0765662203847478,-47.76832249456904
0.18181086887109887,-0.7182918811302561,-29.756548923207657
0.9380577079630312,-0.6814147125470554,10.29328973368787
-0.9610140859702919,-0.47512992881711086,-74.29810258288907
-0.477695354396997,-0.9579536583054891,-76.18126079738686
1.403879432930916,0.4632474961823502,96.05158739288825
0.5920495478396912,-1.307796688843496,-41.246918164232234
0.8789358077689902,-0.8898932396053523,-4.078087869826054
-0.28847344438584,-0.3297383961644984,-32.50675908017456
-0.4521534150835091,-0.49403968510292573,-49.778207033722005
0.16856386993161218,0.6472019412965533,43.41447394430503
1.471790526750553,1.6631810088871999,164.72822469353568
1.889661097219039,0.43236435637414217,118.95354670751735
1.8054151903928184,0.4563138520576675,116.06609847105659
0.7799210359468668,0.9243599806849847,89.71025729640249
-1.5624917939906238,0.020996004948226323,-77.77957664283936
1.2949696376343842,0.042073879809029144,67.82506720236911
-0.0933580975828484,-2.5420729598108047,-142.5578424697615
-1.7157668500336163,1.086372641748822,-27.737775474689897
0.08053207961925393,-1.8123602677348072,-94.20909072190071
1.2209525271091266,0.47949663761702777,87.77149685819947
-0.1557711339590755,2.1306375395018677,107.81902329958842
-0.45448932413259524,-1.9369713025715254,-128.15022244967844
0.31632831529162136,0.28695320766983323,31.421962071718614
-0.4797796637136296,1.1484260781491153,37.99472263818176
0.14092785211217562,-0.6468677163767567,-28.255351691172194
0.29911613819023464,-0.5511453187203219,-14.957996276221204
-0.660085017832757,-0.7099791036102381,-71.90012747391155
-0.24245763369612475,-0.346994968426449,-31.092284618067147
-0.09944724912847906,-0.4921694957566467,-31.75064191961142
0.003964385121215261,-0.7225923412523828,-38.99911360000978
0.3406280504116789,1.2018534998426782,82.45163588643014
0.18891701474186184,-0.7603228742919682,-31.596536209464553
-0.11819606012698287,0.3303620496548315,11.82498710175956
-1.035084991039247,-1.2372515939236493,-119.56471574633147
-0.14865260333171923,-1.6652527362998444,-97.92539678852495
-0.3006569620593466,-1.3561240035889024,-88.69353202647
0.6509078773667853,-0.11844817932672999,26.48275639886748
-0.6488332060819546,-0.24788847944129172,-46.19357148681961
-0.6590604106190732,0.9855871176477892,20.007460957149302
-0.7352251660040467,-0.9514220346842238,-88.6945096628307
0.7637295401101404,-0.8572395291822037,-8.041315394687729
-0.9945033975803756,1.0188221003432032,5.080390974945815
1.0932201461271296,-1.1340999024069065,-6.500300206343268
0.4413508143074073,-1.670204691998521,-68.33566261577877
-1.211264788090907,-2.4483487129349792,-194.07363718273393
-0.5628730170251796,1.2367742669657593,38.698467982093234
0.32336783136737995,0.9448044415163996,67.6188018385284
0.6193149567637611,0.20306175091977216,42.30655060645526
0.05976574741732832,0.24192620640620208,16.172155243808557
-0.8791395331009456,0.4987823707877033,-17.506012958697255
-0.15464919268720742,-0.8898116140601365,-56.06377218396924
-0.20771070885442636,-0.23579102742236197,-23.240549986356037
-1.0673170367985092,1.2180499839626862,12.271341009448015
0.27185503294937835,0.7995539735964029,57.318343140903586
-0.30104117257421287,0.7690185785249537,26.581902264653447
1.188402960849902,-1.4761470582957243,-20.151871208701614
0.36357597447204093,-0.5515927719516042,-11.356687517966094
0.16002238951817507,0.8605531788045429,54.71142588140249
-0.2998269643525782,-0.346988565152428,-34.02007845583587
-0.49566962636076617,-0.03911609210701547,-27.076944068377113
0.03338394214056907,-0.12997865658185379,-5.2307976856553235
-0.7077257768201101,0.11174302194980039,-29.676222395570484
0.11536566408093693,0.622781869260728,39.74113055003208
-0.9284097012483432,-0.6799827362389502,-83.80051697039787
1.5273642959195892,0.6287263186388091,111.26421081195632
1.296100462245988,1.0495676227245305,122.4242850332157
-0.5974600477334217,0.7787141604798665,11.884121190453506
-0.13922791200907023,-0.4581720113689553,-31.955073316672063
-1.030892609364378,1.8460578974739608,48.067208729851984
-2.0992918161212937,-2.8864575185173846,-262.9267468916869
0.5258719767372337,0.25570082887638246,40.37220751515701
-0.13493193536132567,-0.4397085621783264,-30.74451075405921
-1.5496904067987307,0.5580314794767167,-47.887142592641645
-1.0996437740791292,0.5740301508466693,-24.358971057876953
1.3218269746275901,-0.671752321804744,30.145408185270313
0.25088780940480937,-0.484998276534933,-13.49845521308014
0.15840769359788634,1.6296867533641193,96.46942341322226
-1.0619430347161174,0.454444602888148,-28.925266952111365
0.5116011638048914,-0.06147786913514604,22.43179344893972
0.48509624577363636,0.37119104316138835,44.81250109309394
0.3772620080583455,-1.0393086093783186,-37.46620796970495
0.44041022643989375,-0.9227058118821796,-27.807858573901754
0.07359390462257585,-0.3431115131818787,-14.959784496817075
2.1753661408345826,-1.2279804570699309,43.382239446179845
1.24018548728622,0.6099757945552499,95.7908288440644
-1.0327559826420931,0.8528448301055727,-5.8705950720440105
0.7775326764896828,0.5819587452054185,70.86228271679938
2.0591786055654033,-1.0877608321513526,45.06753076919787
0.4917046135104876,-0.0378909968208327,22.967982654675307
-1.1208324025205694,0.05500233745015961,-53.79447991080765
-0.3860545914557832,-0.7525211729000219,-60.42966308665452
0.10086512978883459,1.2300796802891665,71.82283013904868
-0.8366527547525968,1.0463769898926771,14.545621096311603
1.3180785693210761,-1.1761253840096773,2.8133263778723676
1.003642806149651,0.7079117681611347,89.14589333526551
-0.18660571048297017,0.16005397405903368,-0.8278775794493967
0.4296293507634041,-0.5200513234114195,-6.54561653662062
0.36980142550183137,2.733278953046025,167.14294542022978
-0.38801623366334964,0.42719052027834964,3.722049549313513
0.18938840535568383,0.9854231131052336,63.04287475516571
0.11384007224425412,0.11545472928633255,11.96495057289187
0.17848837132033377,-0.1325286916014995,1.9730799906164613
0.0560207212488859,0.4020930085246548,24.58408249005314
0.7465001102776501,0.49169528012716945,64.50729767675064
0.6882319370045301,0.5347912651080511,63.58107932101298
-1.3264143630988212,0.5134755012939377,-39.20787165884737
-0.3191332896016612,-0.061773756624057215,-19.594718091606666
0.8211438584788147,-0.397577029401248,19.944600942221676
-1.8713131203325093,-1.1572120884769967,-157.35488883661725
0.962716830299783,-0.5558191966971096,18.672731476656832
1.1926849391055663,-0.2347910474541837,47.66209439703238
-1.0458597043341837,0.1966016732284225,-42.070115847797766
-0.9143444283140181,0.9536670523313003,5.434682750665527
-1.5752836432527308,-0.2143471574183758,-91.31547251134613
-0.19302347381128948,0.8333020349632472,35.67568026023459
-1.538001706543268,2.182326362336823,40.95201931336139
0.3780006559363132,-0.7026951744353181,-19.14097990672658
-1.7136676708343004,1.451987664263687,-7.8632073180938855
0.29733250873992695,-0.5977176975001357,-17.422818907898623
-1.8492460351126974,-1.770336452782553,-189.57296870515884
-0.3846743978162253,-2.2280979779962666,-140.60762538070213
1.258567949654202,0.5291469165658281,92.29438166169203
-2.7422970681014887,0.3571286850579669,-119.2684530205828
-1.6671518905112948,-0.32873805481853563,-101.88741018212129
-0.07886983389289902,0.3578440609077252,15.396395003885829
0.06244433798388502,-1.098128730521123,-56.510252301722225
-0.9394523847423296,-0.4711968811855848,-73.02294746537729
0.7308455247035462,1.9737100688651374,144.1461558725673
-1.5670724712533606,1.2031946380911531,-13.986806087247055
0.43930823615828224,-2.3444342492344554,-105.09308347811147
1.0892257245494614,0.9780815022103365,108.0971472790361
-0.4599345895244158,1.1583117106973218,39.47854303477971
0.3991557270300229,-0.5384844786388752,-9.01379107410797
-0.6359902489328646,0.8391321085455755,13.292636104539854
-0.08325543629997983,-2.1027889809896765,-118.33456649223407
0.22447968982682298,-0.5086192254394504,-16.211913978135605
-1.1719873014934397,0.5767272248522765,-27.87221833488772
-0.9070312646922444,1.7306348310399366,48.002713584454725
-1.3000114389886683,0.37778575875329584,-45.50683085029548
-0.4987986111309394,2.70736551103541,121.62176348477111
0.3570955671207355,1.5133560647352082,100.25766066379816
-0.6949232623512772,1.9404234595994223,70.17463212810503
0.8820026112194417,0.43345639845795186,68.01921630588834
1.0239235296037879,0.15490055826250324,60.2100658372316
0.11555086508770508,-0.5994428667024563,-26.663895931073515
-0.1441131699773405,0.8666603083202902,39.87609484561129
-1.0920641501653037,-0.448127048664005,-79.43853264795084
-0.020255519654534215,-1.4440039985064652,-79.40131126737467
0.031637909735464084,-0.40506232362994044,-20.21069950792181
-0.0033689804835260895,-0.7628621409514705,-41.38455741892583
0.705313260347928,-0.34204859810544275,17.062858149532957
-0.8037908637107837,0.5246314692642868,-12.089885871080206
1.2183260835189478,0.6415841524574069,96.19651893049928
-0.15336748140672946,-1.5548953095097013,-92.0830981785015
-0.3603192684147145,-0.4526924087805008,-42.778507657750446
-0.18403230230728873,-0.8963812109795339,-57.835095345232624
-2.574942733851669,0.8363577655824076,-84.69872337935762
-0.6276057518281597,1.8811438451110538,70.44287231163153
-1.8031771900593279,-0.7507236000372017,-131.82972698676156
-1.092563860310383,1.851834262298006,45.254884385966314
0.2804806730059157,-0.0216035268310773,13.021929890869444
-0.6700445969080696,-2.929936887757149,-192.8185741158055
-0.9148273987757733,0.05912004299770822,-42.95062577818533
1.4517977788206198,0.07250463817350387,77.49618764910517
-0.728797816315185,-1.8220421215021292,-135.8272295187542
-1.117591756077317,-0.9859945329088299,-110.10285093378282
0.6000364796191994,-0.8355669897156516,-15.037890615782619
-0.1648336678227117,-0.45569728494152134,-32.83364901035101
-1.0823838812284874,-0.7482397119832753,-95.36181907913526
-0.9475282318437671,-0.8396352522816675,-93.38258782796406
0.26888860814374643,-1.1451334214815618,-48.64118147127003
0.7967931727120721,-0.4339421643933095,16.76962024005946
-1.848681377666837,0.28910905183447005,-77.82640505032647
-0.7546440160993514,0.8914660555334386,10.160404276598287
-0.07704703305188783,0.07138925026949432,0.04878342602891051
-1.1438852818968286,-1.1630365870436823,-120.78286610749406
-0.04093707364072593,-0.5485400975913058,-31.711838667749397
0.4279116438372613,-1.131271753635033,-39.683789184176135
-0.09878576296777085,0.3616527328786052,14.458316604793525
-0.36559580554294563,1.277589683207701,50.81393488751711
-1.9231799400224068,0.31567996198340265,-80.03281146193602
-0.9379896143178024,0.9179636089749416,2.3500685706071835
0.6754106828296449,1.136207539807293,95.68850952757064
-0.5103036792957234,-0.8882851494555276,-73.81656583976559
-0.6425942300687003,0.470397631905543,-6.816415198746173
1.5215088472092604,-0.6804741371514632,40.02323699188292
0.25390025756225215,-0.6712230218455116,-23.561793830071164
-0.13220375878885146,0.8266415378455262,38.35368736164527
1.4476302243620702,0.897611872266952,121.8931515680403
0.02625840746849615,-0.23539924526494113,-11.526382856391221
0.6978918366837599,-1.2382337736571687,-31.825582591528217
-0.5865452003326357,-0.6916547888209919,-67.26154085572192
-0.061950923288059415,0.020758985336569877,-1.819575636681844
0.2536739371102608,0.203742962356631,23.80404755743895
0.3784266968784001,-0.4713477041179753,-6.529931976366077
-0.5682260216140346,1.3770275075333012,46.09628799416924
0.9535660292626255,0.27164545449594585,63.06333263313069
0.5600211266085534,-0.8623264604577794,-18.53853798876167
-1.0450761064473484,-1.1396279930914663,-114.5238900174246
0.8053622696478783,-1.0301229148708335,-15.069686542247302
1.7080400166614615,-0.8232381794138157,41.61592092508326
1.0788211134869357,-1.2876960859463362,-15.379741411334718
-0.13122673252439285,0.9331261042492291,44.140151541768965
-0.32377883805920343,0.3849008712421841,4.576475900322086
-0.22961274485773858,0.8361713628593713,33.85985417243485
-2.2594782765160697,0.32343132034256367,-96.53408365286404
0.12880193776375937,-1.214374189277046,-59.56751810486439
-0.2611771213271988,-0.6886768129030838,-50.58541329488017
-0.34713491345943176,-0.149539044634275,-25.7486250217378
-0.05079252472247016,-0.18940647555982004,-12.778457619151867
-1.23148954440156,-1.105709522652034,-122.10041462199443
0.8331627513303895,0.7124836590725769,80.78674196755613
0.062384433802393245,-0.7376530972811776,-36.87386268610837
-1.7077803176982775,1.4296740253597802,-8.74227552823203
0.4665343175856865,0.0983652721218801,28.981041743958603
0.6198446475314218,-2.137673862767351,-84.72599657813359
0.2932791113088095,-2.522085913063548,-122.14553654911032
0.5650229836013413,1.1393171321962194,90.3148083413939
-0.48151848808802766,-0.29958938128250345,-40.639372031081805
-0.4552171694461294,-0.4587478971923915,-47.77515301257005
-0.9157614875509668,0.4374984621370662,-22.533348390818702
-1.1126284395914794,0.01247516098586822,-55.435858787545534
-0.5194452454294461,-0.7543394680208447,-67.36509851492671
0.5917575520677076,0.3892502999578733,51.17432436945231
0.8139410829786201,-0.5110927161319138,13.50365798842175
-0.16662208097994236,0.25175835117446976,5.272627599669718
-0.5419154773332542,-1.0791109577524824,-85.83874029897135
0.601526776033414,0.5717747228691392,61.52896767530417
0.37549197449346716,-0.2898498003683862,3.195858081814679
0.14724967185821972,-0.21047325051095292,-4.131046781492642
0.08183580646329805,0.7208322598730907,43.14804536922714
0.26804758676029783,-0.016467314440759953,12.592468758289106
-1.0057240641181386,0.5779041149040631,-19.5621780186188
-1.1652823763400062,0.16927439353847593,-49.69418159673832
-1.1193767150674987,0.22742117375288723,-44.16255187795669
1.0269023546408598,-1.1387781921775924,-9.787787510985904
-0.3143713681239877,-1.5762309112044666,-101.45616881406012
0.4650515257287601,-1.111335090256617,-36.984453307285094
-0.9981591443742185,-0.35393333069772703,-69.58914120943409
0.7475864766242992,-0.2023500915929705,26.581244891432572
-0.7887944958884651,-0.712802471643229,-78.59607930670583
0.6467134317178536,0.2319597082284425,45.366993257077645
-0.2838289324559705,0.1711928543539966,-5.189378257257761
-0.23039661370131423,-0.19065429327572858,-21.857371893104194
0.27735487894856564,-1.0035188151599466,-40.514099726281465
-1.0850792640573244,0.436537341789208,-31.318132182466876
-0.2561113205448125,0.6272884201198966,21.138062891303633
1.1787850149080636,-0.6204662673029189,25.97877653202484
0.9191397079352436,-1.2738686416114395,-22.53114778254867
0.052115758132909674,-0.9261055924576449,-47.50382366683924
0.07577305696330704,-1.5700602327521633,-81.2535855285612
1.275134176259992,-0.49792497810014347,37.54840762513697
-1.5812992425012597,1.673481760201282,10.883028137615481
1.3238217903931364,-2.194796444050971,-52.18061351729512
0.5903252659176725,1.7595529727132078,125.18583133002556
-0.28495374456491135,1.5240854924130924,68.36231874478808
-0.996308923885865,-1.8140473879841392,-148.7757222294825
0.596708480421643,0.3468216492484778,48.844459939750564
-1.340734728175516,-0.3240196792161474,-85.21367753794459
-1.8727763532824075,-0.3924803323356994,-115.7894147190881
-1.4072698083969688,0.12724330524623037,-64.16221762904574
1.6826900383542134,1.3036588826135256,155.77058910310157
0.7392928459600577,-0.13297105688327265,30.12424750764089
0.4680371479716419,1.5135484192762372,105.73683238986168
0.06427279034953512,-0.3156358522874797,-13.88164462035258
0.1926585171061544,0.5339054761010105,38.645889175396654
0.5056451254939701,-0.8152711098741969,-18.775945356377242
-0.5320889421093423,-0.4542189369523327,-51.429154469981015
0.4895653905086326,-0.43067488628108447,1.5046838633105093
1.3874351607450655,0.2854568403014174,85.58133427274082
-1.6283033101995974,0.9669977381953953,-29.80156058266548
-0.8215478349022514,-1.4603733827258258,-120.7085471175849
1.179891161578724,0.319387516058611,76.87091973863184
-1.664950838103294,-2.4536288156030532,-217.22319992322542
-2.1591207888442243,0.04107778773251525,-106.87646817413201
-1.9935486411461696,-0.3952905747227271,-122.26158300695957
1.389216820954745,-0.5163318023310592,42.06524171412572
-0.2539956582860136,1.3368395991992552,59.83571778582269
-0.2925508697472744,1.3038179933078595,55.84022485513463
0.2318635923106195,-0.4661445134117396,-13.618247208455763
0.48578173206571523,0.12362208219735404,31.200591937326635
0.13053306375191467,-0.18533706357435353,-3.3677571094505376
-1.7548002503587328,-0.06331068608163475,-92.1260668376699
-1.170048624093495,-2.1601414953885794,-176.34917390744133
1.3722864330026425,0.877275430831707,116.9362631656194
-1.7023055397188873,-1.5788506636363295,-171.6610894333074
0.7530248639596693,0.0173280024860955,39.04006795182949
-0.158025657858969,1.1853689457876524,56.17879016783269
-0.745038168909466,-0.30063261111753087,-53.993622334300966
0.7926453750627702,-0.43461121085789967,16.653990161942477
0.34083437875657346,0.5079830202276232,44.85774055425377
-0.2965109674342869,-0.34107902904583526,-33.52468483075288
0.5609514789051419,-0.30539776001259605,11.90698620393976
-1.8986929035803053,-0.1849212025549189,-106.09455628555558
1.4255158341242644,-0.3456986084393411,53.38468568667776
