dataset,disc_model,method,K_vectors,validity,prob_plausibility,cf_belongs_to_group,log_density_cf,proximity_continuous_manhattan,proximity_continuous_euclidean,isolation_forest_scores_cf,lof_scores_cf,time,coverage,actionability,sparsity,proximity_categorical_hamming,proximity_categorical_jaccard,proximity_continuous_mad,proximity_l2_jaccard,proximity_mad_hamming,log_density_test,lof_scores_test,isolation_forest_scores_test
BlobsDataset,MultinomialLogisticRegression,wach,,0.9494949494949496,0.0,,-9.588301,0.4234050626450397,0.4213784449452396,-0.1054712546638225,3.159654854080225,317.7857491970062,0.99,0.0,1.0,,0.4213784449452396,1.944529203730314,0.4213784449452396,,2.5407178,1.0960554,0.0284523437419407
BlobsDataset,MultinomialLogisticRegression,wach,,0.8712871287128713,0.0,,-5.994547,0.3777607428756627,0.3773657923824688,-0.1069643357982941,3.111448,302.0553448200226,1.0,0.0,1.0,,0.3773657923824688,1.746518701314926,0.3773657923824688,,2.7211676,1.0885196,0.023766338286785
BlobsDataset,MultinomialLogisticRegression,wach,,0.8811881188118812,0.0,,-5.8971953,0.4194544305962123,0.4190666057496773,-0.1035122124614336,3.20093,353.9533293247223,1.0,0.0,1.0,,0.4190666057496773,1.893483280465844,0.4190666057496773,,2.786041,1.0560058,0.0318013871502905
BlobsDataset,MultinomialLogisticRegression,wach,,0.8979591836734694,0.0,,-6.8861527,0.3989048264920711,0.3986532484745715,-0.0967466349454342,3.3073531502404374,422.60655903816223,0.98,0.0,1.0,,0.3986532484745715,1.8549195372116527,0.3986532484745715,,2.7442076,1.0786119,0.0283678303815844
BlobsDataset,MultinomialLogisticRegression,wach,,0.9,0.0,,-5.932143,0.4173843337429894,0.4169887930337926,-0.1034102722026098,3.0021362,336.33993887901306,1.0,0.0,1.0,,0.4169887930337926,1.9486587365468344,0.4169887930337926,,2.6506305,1.0999731,0.0219324168393261
BlobsDataset,MultinomialLogisticRegression,Artelt,,1.0,0.0,,-6.0306916,0.3020907449852753,0.2914837252056978,-0.0674983276553169,2.1738935049350614,5.02987003326416,1.0,0.0,1.0,,0.2914837252056978,1.3754517260527013,0.2914837252056978,,2.4794314,1.1009139,0.0254615165755595
BlobsDataset,MultinomialLogisticRegression,Artelt,,1.0,0.0,,-4.959886,0.281412457379576,0.2499713670873013,-0.061248216740289,1.8351502232583587,3.00635313987732,1.0,0.0,1.0,,0.2499713670873013,1.2726515554896476,0.2499713670873013,,2.5416222,1.1204797,0.0174910374499529
BlobsDataset,MultinomialLogisticRegression,Artelt,,1.0,0.0,,-5.429819,0.3088187092383587,0.2875925798955915,-0.0622077450736613,2.199446188592483,3.053788185119629,1.0,0.0,1.0,,0.2875925798955915,1.380336943282453,0.2875925798955915,,2.7165482,1.063162,0.0268270126153895
BlobsDataset,MultinomialLogisticRegression,Artelt,,1.0,0.0,,-2.6955726,0.2928646226737142,0.2503106410241269,-0.0626372517891499,1.482926012928199,3.059123992919922,1.0,0.0,1.0,,0.2503106410241269,1.322933138137916,0.2503106410241269,,2.6043155,1.1100901,0.0221119696884018
BlobsDataset,MultinomialLogisticRegression,Artelt,,1.0,0.0,,-4.2133064,0.3054744785696101,0.2700043591234214,-0.0537534487462291,1.7041044382025117,2.952799797058105,1.0,0.0,1.0,,0.2700043591234214,1.3952618799217107,0.2700043591234214,,2.5615635,1.1123185,0.0171465100381173
BlobsDataset,MultinomialLogisticRegression,DiCE,,1.0,0.07,,-5.689566,0.5794986569415778,0.4884916698128037,-0.0896285004321938,2.6832220792805708,8.876611232757568,1.0,0.0,0.79,,0.4884916698128037,2.4055082541734434,0.4884916698128037,,2.4794314,1.1009139,0.0254615165755595
BlobsDataset,MultinomialLogisticRegression,DiCE,,1.0,0.0693069306930693,,-8.005389,0.5916477993066137,0.4990542635420084,-0.1065011167573649,2.9962121331643465,17.04680609703064,1.0,0.0,0.7673267326732673,,0.4990542635420084,2.5609768815670195,0.4990542635420084,,2.5416222,1.1204797,0.0174910374499529
BlobsDataset,MultinomialLogisticRegression,DiCE,,1.0,0.0594059405940594,,-6.2002177,0.5538534764200449,0.4724309499786938,-0.0891935252204367,2.882096893052737,13.88353705406189,1.0,0.0,0.7722772277227723,,0.4724309499786938,2.383275416171557,0.4724309499786938,,2.7165482,1.063162,0.0268270126153895
BlobsDataset,MultinomialLogisticRegression,DiCE,,1.0,0.04,,-6.745604,0.581542979888618,0.4849848410471267,-0.1040865480692799,2.884890575441421,14.438740253448486,1.0,0.0,0.785,,0.4849848410471267,2.5252127990040605,0.4849848410471267,,2.6043155,1.1100901,0.0221119696884018
BlobsDataset,MultinomialLogisticRegression,DiCE,,1.0,0.02,,-6.516787,0.6271592455497011,0.5177751126915295,-0.1021260972133826,2.8173163448872867,9.025170803070068,1.0,0.0,0.795,,0.5177751126915295,2.7482736401171515,0.5177751126915295,,2.5615635,1.1123185,0.0171465100381173
BlobsDataset,MultinomialLogisticRegression,RPPCEF_LOCAL,100,1.0,1.0,1.0,2.9610462,0.6222699502110481,0.4410191774873797,0.0459325930409626,1.0151403,6.824275016784668,1.0,0.0,1.0,,0.4410191774873797,2.534241405725479,0.4410191774873797,,2.4794314,1.1009139,0.0254615165755595
BlobsDataset,MultinomialLogisticRegression,RPPCEF_LOCAL,101,1.0,1.0,1.0,3.0374653,0.5696114704455479,0.4044885790123221,0.0448863026425157,1.0260563,6.803620100021362,1.0,0.0,1.0,,0.4044885790123221,2.4366700495823777,0.4044885790123221,,2.5416222,1.1204797,0.0174910374499529
BlobsDataset,MultinomialLogisticRegression,RPPCEF_LOCAL,101,1.0,1.0,1.0,3.0939512,0.611568431748022,0.4339270490198467,0.0321895070266043,1.0276185,6.403414011001587,1.0,0.0,1.0,,0.4339270490198467,2.594819600039189,0.4339270490198467,,2.7165482,1.063162,0.0268270126153895
BlobsDataset,MultinomialLogisticRegression,RPPCEF_LOCAL,100,1.0,1.0,1.0,2.9559152,0.6422315980494022,0.4553609915883909,0.0283071055032024,1.0412554,6.436286926269531,1.0,0.0,1.0,,0.4553609915883909,2.762122712135315,0.4553609915883909,,2.6043155,1.1100901,0.0221119696884018
BlobsDataset,MultinomialLogisticRegression,RPPCEF_LOCAL,100,1.0,1.0,1.0,2.9782734,0.7035892167687416,0.5006575960851073,0.0303364065180882,1.0376168,6.321773052215576,1.0,0.0,1.0,,0.5006575960851073,3.052874248027801,0.5006575960851073,,2.5615635,1.1123185,0.0171465100381173
LawDataset,MultinomialLogisticRegression,wach,,1.0,0.0377358490566037,,-9.773676,0.668614119787718,0.6235485237234866,-0.0977020681099495,1.8466048,200.0340631008148,1.0,0.0,1.0,,0.6235485237234866,5.732526993976449,0.6235485237234866,,1.5876768,1.071542,0.0237169291630696
LawDataset,MultinomialLogisticRegression,wach,,1.0,0.0275229357798165,,-12.473111,0.726881566021694,0.6596856758201936,-0.0925729296850743,2.0347463602471416,201.7987048625946,0.995433789954338,0.0,1.0,,0.6596856758201936,6.285139752520137,0.6596856758201936,,1.5777702,1.0739974,0.0270197186107584
LawDataset,MultinomialLogisticRegression,wach,,1.0,0.0737704918032786,,-12.635378,0.6730080754610664,0.628241179693964,-0.088556974576214,1.907627,230.2148480415344,1.0,0.0,1.0,,0.628241179693964,5.792195019174795,0.628241179693964,,1.4528105,1.0832399,0.0163861374136402
LawDataset,MultinomialLogisticRegression,wach,,1.0,0.0516431924882629,,-14.71485,0.6470254543084354,0.6013304340573741,-0.095426850457862,1.905070250961786,200.8287842273712,0.9953271028037384,0.0,1.0,,0.6013304340573741,5.512019918993648,0.6013304340573741,,1.6364013,1.0678984,0.0276222578383828
LawDataset,MultinomialLogisticRegression,wach,,1.0,0.0560747663551401,,-5.747538,0.6133455448984125,0.5839495143178584,-0.099184692798828,1.8545408045287384,205.61303210258484,0.9953488372093025,0.0,1.0,,0.5839495143178584,5.367270179143133,0.5839495143178584,,1.6328764,1.0648608,0.0271041126714871
LawDataset,MultinomialLogisticRegression,Artelt,,1.0,0.410377358490566,,-0.21500927,0.1955498074880047,0.1955483959959727,0.0166046880349487,1.145790348094862,15.310909986495972,1.0,0.0,1.0,,0.1955483959959727,1.674131659781838,0.1955483959959727,,1.5876768,1.071542,0.0237169291630696
LawDataset,MultinomialLogisticRegression,Artelt,,1.0,0.365296803652968,,0.20200224,0.1963445793745382,0.1963428661136657,0.0152713636555599,1.1396222525933937,12.299373149871826,1.0,0.0,1.0,,0.1963428661136657,1.6950610168837716,0.1963428661136657,,1.575782,1.0737213,0.0269870600411245
LawDataset,MultinomialLogisticRegression,Artelt,,1.0,0.3647540983606557,,-0.06663829,0.2092247247266237,0.2092227846372594,0.0108074588795101,1.1404645149518835,9.185911893844604,1.0,0.0,1.0,,0.2092227846372594,1.8041838601533555,0.2092227846372594,,1.4528105,1.0832399,0.0163861374136402
LawDataset,MultinomialLogisticRegression,Artelt,,1.0,0.4485981308411215,,0.07642917,0.1893082761612199,0.1893059452766403,0.0138473957735476,1.1713307625757408,10.21838402748108,1.0,0.0,1.0,,0.1893059452766403,1.6226405174214624,0.1893059452766403,,1.6328961,1.0677781,0.0273384599262536
LawDataset,MultinomialLogisticRegression,Artelt,,1.0,0.3720930232558139,,0.12385689,0.1918216378317702,0.1918201946177097,0.0174508932038792,1.1366883533113616,11.546746015548706,1.0,0.0,1.0,,0.1918201946177097,1.680189019789156,0.1918201946177097,,1.6255394,1.0653164,0.0266114456962563
LawDataset,MultinomialLogisticRegression,DiCE,,1.0,0.2028301886792453,,-1.900929,0.6375816523071097,0.5371858941578809,-0.0619834364141318,1.3959878890326325,36.56943321228027,1.0,0.0,0.5172955974842768,,0.5371858941578809,5.357831483075282,0.5371858941578809,,1.5876768,1.071542,0.0237169291630696
LawDataset,MultinomialLogisticRegression,DiCE,,1.0,0.1232876712328767,,-3.3867784,0.7016389085379637,0.5814045154702776,-0.0811028421602122,1.4740868545753645,33.988003969192505,1.0,0.0,0.5357686453576864,,0.5814045154702776,5.984147392062157,0.5814045154702776,,1.575782,1.0737213,0.0269870600411245
LawDataset,MultinomialLogisticRegression,DiCE,,1.0,0.110655737704918,,-2.780559,0.7327265625124889,0.6083554825187639,-0.0722330641784773,1.4323590462447378,44.993448972702026,1.0,0.0,0.5341530054644809,,0.6083554825187639,6.282134266574829,0.6083554825187639,,1.4528105,1.0832399,0.0163861374136402
LawDataset,MultinomialLogisticRegression,DiCE,,0.7990654205607477,0.3625730994152046,,-1.969536,0.5426913620522845,0.4629361553261319,-0.0348885011808677,1.3119057995136514,52.61540603637695,1.0,0.0,0.5107212475633528,,0.4629361553261319,4.438676218907432,0.4629361553261319,,1.5599972,1.0735958,0.0243684464149584
LawDataset,MultinomialLogisticRegression,DiCE,,1.0,0.1627906976744186,,-1.5175176,0.6589712597169849,0.5506893598935899,-0.0737731436132781,1.4696012705278565,47.06226205825806,1.0,0.0,0.5348837209302325,,0.5506893598935899,5.687487463262565,0.5506893598935899,,1.6255394,1.0653164,0.0266114456962563
LawDataset,MultinomialLogisticRegression,RPPCEF_LOCAL,212,1.0,1.0,1.0,2.2215135,0.5517187246587127,0.3220542387359826,0.0504922524653168,1.0329674,7.960186958312988,1.0,0.0,1.0,,0.3220542387359826,4.555369381072386,0.3220542387359826,,1.5876768,1.071542,0.0237169291630696
LawDataset,MultinomialLogisticRegression,RPPCEF_LOCAL,219,1.0,1.0,1.0,2.1289034,0.6371143858828773,0.374044946728655,0.0418773745685037,1.0395901,7.463805198669434,1.0,0.0,1.0,,0.374044946728655,5.292024351146123,0.374044946728655,,1.575782,1.0737213,0.0269870600411245
LawDataset,MultinomialLogisticRegression,RPPCEF_LOCAL,244,1.0,1.0,1.0,2.0641332,0.6410372524606217,0.3758322785142612,0.0365872066875212,1.04035,7.906447172164917,1.0,0.0,1.0,,0.3758322785142612,5.281799014474525,0.3758322785142612,,1.4528105,1.0832399,0.0163861374136402
LawDataset,MultinomialLogisticRegression,RPPCEF_LOCAL,214,1.0,1.0,1.0,2.3004014,0.5267946057752749,0.3076788419179219,0.0496205822904103,1.0292907,7.671000003814697,1.0,0.0,1.0,,0.3076788419179219,4.172773963380083,0.3076788419179219,,1.6328961,1.0677781,0.0273384599262536
LawDataset,MultinomialLogisticRegression,RPPCEF_LOCAL,215,1.0,1.0,1.0,2.183519,0.5718582409152458,0.3340730709703493,0.0404736016503673,1.0419527,7.2453932762146,1.0,0.0,1.0,,0.3340730709703493,4.7687744340231255,0.3340730709703493,,1.6255394,1.0653164,0.0266114456962563
MoonsDataset,MultinomialLogisticRegression,wach,,1.0,0.174757281553398,,-41.027016,0.5867860082986773,0.5822010657147951,-0.0724963650494273,2.449573280347888,108.74331402778624,0.9537037037037036,0.0,1.0,,0.5822010657147951,2.6572379376724773,0.5822010657147951,,1.4297742,1.0385395,0.0028053909704789
MoonsDataset,MultinomialLogisticRegression,wach,,1.0,0.2450980392156862,,-12.2117815,0.5707885983637443,0.5673929835948612,-0.0704873404011477,2.4768176,105.78641295433044,1.0,0.0,1.0,,0.5673929835948612,2.687007135035945,0.5673929835948612,,1.3272214,1.0723238,0.0040126201445144
MoonsDataset,MultinomialLogisticRegression,wach,,1.0,0.268041237113402,,-119.28777,0.5769847876034658,0.5729088186648112,-0.0824163560370922,2.8545363,101.18997001647948,1.0,0.0,1.0,,0.5729088186648112,2.667451150638541,0.5729088186648112,,1.2665557,1.0620995,0.0014375380710851
MoonsDataset,MultinomialLogisticRegression,wach,,1.0,0.2115384615384615,,-22.346832,0.5657956802964551,0.5616478155785807,-0.0780264241292416,2.7204015,109.12119603157043,1.0,0.0,1.0,,0.5616478155785807,2.5638854045134325,0.5616478155785807,,1.3825774,1.0664157,0.0003264332190013
MoonsDataset,MultinomialLogisticRegression,wach,,1.0,0.1782178217821782,,-12.233579,0.5603886988050867,0.5553011504431122,-0.0662367640156597,2.455657588402953,116.29392790794373,0.9901960784313726,0.0,1.0,,0.5553011504431122,2.57347135480879,0.5553011504431122,,1.3620498,1.0509523,0.0003881784533333
MoonsDataset,MultinomialLogisticRegression,Artelt,,1.0,0.0,,-0.64670026,0.295351267880288,0.2953503947864427,-0.0077673935303651,1.2914733992287009,8.558717966079712,1.0,0.0,1.0,,0.2953503947864427,1.334009656228157,0.2953503947864427,,1.4283088,1.0378119,0.0028909804358039
MoonsDataset,MultinomialLogisticRegression,Artelt,,1.0,0.0,,-0.84285593,0.2719005470306098,0.2719001128293983,-0.0102692599175307,1.3177482671202894,4.745299100875855,1.0,0.0,1.0,,0.2719001128293983,1.278174365510062,0.2719001128293983,,1.3272214,1.0723238,0.0040126201445144
MoonsDataset,MultinomialLogisticRegression,Artelt,,1.0,0.0,,-1.2758459,0.2761092078800365,0.2761082539534791,-0.0216663984262834,1.3798677001480484,9.861488819122314,1.0,0.0,1.0,,0.2761082539534791,1.2735842940308997,0.2761082539534791,,1.2665557,1.0620995,0.0014375380710851
MoonsDataset,MultinomialLogisticRegression,Artelt,,1.0,0.2403846153846154,,-0.121908,0.2703236283736501,0.2703230337563634,-0.0203912230783338,1.33933287751414,5.083349943161011,1.0,0.0,1.0,,0.2703230337563634,1.221926731154249,0.2703230337563634,,1.3825774,1.0664157,0.0003264332190013
MoonsDataset,MultinomialLogisticRegression,Artelt,,1.0,0.0,,-0.7974798,0.2772462905333531,0.2772451127557461,-0.0211005278260223,1.2872243469391424,5.962011814117432,1.0,0.0,1.0,,0.2772451127557461,1.2693079765311377,0.2772451127557461,,1.3628759,1.0501333,1.825773183593581e-05
MoonsDataset,MultinomialLogisticRegression,DiCE,,1.0,0.1666666666666666,,-18.282444,0.7686984631797747,0.6505997374301029,-0.0782835810294269,2.089622994556776,24.774672269821167,1.0,0.0,0.8009259259259259,,0.6505997374301029,3.785434192207288,0.6505997374301029,,1.4283088,1.0378119,0.0028909804358039
MoonsDataset,MultinomialLogisticRegression,DiCE,,1.0,0.2745098039215686,,-5.142371,0.7409571515654177,0.6265825390363867,-0.0640736128379895,2.010874377900833,13.39188027381897,1.0,0.0,0.7892156862745098,,0.6265825390363867,3.709350789631075,0.6265825390363867,,1.3272214,1.0723238,0.0040126201445144
MoonsDataset,MultinomialLogisticRegression,DiCE,,1.0,0.2783505154639175,,-51.82257,0.7384131141378996,0.6365501356347928,-0.0806277642618698,2.4284773824440085,13.57109022140503,1.0,0.0,0.7680412371134021,,0.6365501356347928,3.6803098601358566,0.6365501356347928,,1.2665557,1.0620995,0.0014375380710851
MoonsDataset,MultinomialLogisticRegression,DiCE,,1.0,0.2115384615384615,,-6.736911,0.78213003899873,0.6519483011268346,-0.0596812397375598,1.8739504798480244,11.002815961837769,1.0,0.0,0.7788461538461539,,0.6519483011268346,3.9527988856575,0.6519483011268346,,1.3825774,1.0664157,0.0003264332190013
MoonsDataset,MultinomialLogisticRegression,DiCE,,1.0,0.2745098039215686,,-4.4257207,0.6465186959340273,0.5524672706674186,-0.0477878379312935,1.82094368945928,27.464580059051517,1.0,0.0,0.7745098039215687,,0.5524672706674186,3.260709313471249,0.5524672706674186,,1.3628759,1.0501333,1.825773183593581e-05
MoonsDataset,MultinomialLogisticRegression,RPPCEF_LOCAL,108,1.0,1.0,1.0,1.278945,0.4933295507982149,0.3761156637971674,0.0314760759023036,1.0275843,6.28116774559021,1.0,0.0,1.0,,0.3761156637971674,2.4933020958194025,0.3761156637971674,,1.4283088,1.0378119,0.0028909804358039
MoonsDataset,MultinomialLogisticRegression,RPPCEF_LOCAL,102,1.0,0.4019607843137255,1.0,1.1821208,0.4792694580540353,0.3616144135354526,0.0252409248755355,1.0332232,6.993409633636475,1.0,0.0,1.0,,0.3616144135354526,2.4548676458059573,0.3616144135354526,,1.3272214,1.0723238,0.0040126201445144
MoonsDataset,MultinomialLogisticRegression,RPPCEF_LOCAL,97,1.0,1.0,1.0,1.3642853,0.6215360411766859,0.458278742478883,0.0222569952280933,1.1429614,5.593864917755127,1.0,0.0,1.0,,0.458278742478883,3.2473203275621554,0.458278742478883,,1.2665557,1.0620995,0.0014375380710851
MoonsDataset,MultinomialLogisticRegression,RPPCEF_LOCAL,104,1.0,1.0,1.0,1.3093435,0.5477971260138125,0.4231967858384129,0.0247568109596476,1.1567954,6.557849884033203,1.0,0.0,1.0,,0.4231967858384129,2.7890716407161493,0.4231967858384129,,1.3825774,1.0664157,0.0003264332190013
MoonsDataset,MultinomialLogisticRegression,RPPCEF_LOCAL,102,1.0,1.0,1.0,1.2345341,0.4677088269416024,0.3553415126204349,0.0255330305184505,1.0530704,8.231904029846191,1.0,0.0,1.0,,0.3553415126204349,2.424143542261685,0.3553415126204349,,1.3628759,1.0501333,1.825773183593581e-05
WineDataset,MultinomialLogisticRegression,wach,,1.0,0.0,,-6.5659776,1.1477977459629376,0.8856881953141432,0.0518165263792544,1.6910921,13.585553169250488,1.0,0.0,1.0,,0.8856881953141432,8.201494336128235,0.8856881953141432,,9.749998,1.0578327,0.0618262025262687
WineDataset,MultinomialLogisticRegression,wach,,1.0,0.0833333333333333,,-8.918007,1.1618267795614277,0.9218449478422625,0.0327336806784935,1.7582201,12.755675077438354,1.0,0.0,1.0,,0.9218449478422625,7.423428416252136,0.9218449478422625,,6.6733193,1.079331,0.0386681148800299
WineDataset,MultinomialLogisticRegression,wach,,1.0,0.0,,-21.059149,1.1078355716202746,0.9463784712909422,0.0418480865027369,1.7328866,12.785710096359251,1.0,0.0,1.0,,0.9463784712909422,7.475828127427534,0.9463784712909422,,9.505343,1.0836148,0.0513745245235467
WineDataset,MultinomialLogisticRegression,wach,,1.0,0.0,,-10.445208,1.273849011531898,0.8974038894472114,0.03822714092725,1.5971298271679903,11.352458000183104,0.5833333333333333,0.0,1.0,,0.8974038894472114,8.975125598093792,0.8974038894472114,,9.679206,1.0317398,0.0517038472646186
WineDataset,MultinomialLogisticRegression,wach,,1.0,0.1818181818181818,,-5.2523136,0.9554356520953164,0.7905685441152103,0.0537234303920187,1.4272187,12.368350982666016,1.0,0.0,1.0,,0.7905685441152103,7.058919689872048,0.7905685441152103,,9.363444,1.0590861,0.0744931394502979
WineDataset,MultinomialLogisticRegression,Artelt,,1.0,0.0833333333333333,,-2.771375,0.6430096493839629,0.6429876031038216,0.0516303099193236,1.5731969728244088,3.1697208881378174,1.0,0.0,1.0,,0.6429876031038216,4.587776774533929,0.6429876031038216,,9.749998,1.0578327,0.0618262025262687
WineDataset,MultinomialLogisticRegression,Artelt,,1.0,0.0833333333333333,,-2.7952092,0.6395253891101451,0.6161118654999588,0.036486062125755,1.5646794672631656,1.2393231391906738,1.0,0.0,1.0,,0.6161118654999588,3.9678626080234234,0.6161118654999588,,6.6733193,1.079331,0.0386681148800299
WineDataset,MultinomialLogisticRegression,Artelt,,1.0,0.0,,-7.264687,0.6617463719450482,0.6419266260708268,0.046987435942948,1.5236362826466268,1.225620985031128,1.0,0.0,1.0,,0.6419266260708268,4.447451672288323,0.6419266260708268,,9.505343,1.0836148,0.0513745245235467
WineDataset,MultinomialLogisticRegression,Artelt,,1.0,0.0833333333333333,,-2.197199,0.5597928171080423,0.5508517550915137,0.0571812162140897,1.3495725523647584,1.4542689323425293,1.0,0.0,1.0,,0.5508517550915137,3.8552740633686393,0.5508517550915137,,10.138246,1.0271575,0.0609602943362083
WineDataset,MultinomialLogisticRegression,Artelt,,1.0,0.3636363636363636,,0.1569193,0.4795203547076776,0.4795065370132914,0.0659300587781104,1.2626972071717526,1.226093053817749,1.0,0.0,1.0,,0.4795065370132914,3.538346264299733,0.4795065370132914,,9.363444,1.0590861,0.0744931394502979
WineDataset,MultinomialLogisticRegression,DiCE,,1.0,0.0,,-2.7092075,1.1894179626409216,0.8781375283449613,0.013539495248673,1.6027546599222977,0.7202272415161133,1.0,0.0,0.1474358974358974,,0.8781375283449613,8.11372229926013,0.8781375283449613,,9.749998,1.0578327,0.0618262025262687
WineDataset,MultinomialLogisticRegression,DiCE,,1.0,0.0833333333333333,,-5.6738954,1.0036482554860413,0.7639350303379758,0.0238240587999195,1.4326819546455802,0.6957108974456787,1.0,0.0,0.141025641025641,,0.7639350303379758,6.513336458837713,0.7639350303379758,,6.6733193,1.079331,0.0386681148800299
WineDataset,MultinomialLogisticRegression,DiCE,,1.0,0.0,,-5.7638493,1.0632725587876684,0.7856296833784225,0.0218125609422427,1.5257438183794714,3.256957769393921,1.0,0.0,0.1538461538461538,,0.7856296833784225,7.066572169607417,0.7856296833784225,,9.505343,1.0836148,0.0513745245235467
WineDataset,MultinomialLogisticRegression,DiCE,,1.0,0.0,,-4.6115813,1.0711215022796143,0.796064162422874,0.0224747962115873,1.4579940560159674,0.6470527648925781,1.0,0.0,0.1538461538461538,,0.796064162422874,7.833949839584793,0.796064162422874,,10.138246,1.0271575,0.0609602943362083
WineDataset,MultinomialLogisticRegression,DiCE,,1.0,0.0909090909090909,,0.6009988,0.8905707421971866,0.6749496995372101,0.0325027607417344,1.3688476292558418,0.5955240726470947,1.0,0.0,0.1398601398601398,,0.6749496995372101,6.623954612080952,0.6749496995372101,,9.363444,1.0590861,0.0744931394502979
WineDataset,MultinomialLogisticRegression,RPPCEF_LOCAL,12,1.0,1.0,1.0,6.3222694,2.4770956759651503,0.725929623444491,0.0504359876206318,1.2730824,6.098562955856323,1.0,0.0,1.0,,0.725929623444491,17.558300256729126,0.725929623444491,,9.749998,1.0578327,0.0618262025262687
WineDataset,MultinomialLogisticRegression,RPPCEF_LOCAL,12,1.0,1.0,1.0,8.285255,2.393117876102527,0.7323227100083082,0.0501009364803216,1.1081401,5.475223064422607,1.0,0.0,1.0,,0.7323227100083082,16.91890486081441,0.7323227100083082,,6.6733193,1.079331,0.0386681148800299
WineDataset,MultinomialLogisticRegression,RPPCEF_LOCAL,11,1.0,1.0,1.0,8.556205,2.5149840892038564,0.7568398591712495,0.0583035493039163,1.1756253,5.391992092132568,1.0,0.0,1.0,,0.7568398591712495,19.018872347745027,0.7568398591712495,,9.505343,1.0836148,0.0513745245235467
WineDataset,MultinomialLogisticRegression,RPPCEF_LOCAL,12,1.0,1.0,1.0,8.011099,2.41260988265276,0.7037146612561647,0.0511202974532538,1.2609221,5.52166223526001,1.0,0.0,1.0,,0.7037146612561647,18.311670462290447,0.7037146612561647,,10.138246,1.0271575,0.0609602943362083
WineDataset,MultinomialLogisticRegression,RPPCEF_LOCAL,11,1.0,1.0,1.0,7.3924866,2.3201116797598926,0.655073745424545,0.0449467979504546,1.2166487,5.8270790576934814,1.0,0.0,1.0,,0.655073745424545,17.227557962590996,0.655073745424545,,9.363444,1.0590861,0.0744931394502979
HelocDataset,MultinomialLogisticRegression,wach,,1.0,0.0,,-301.23724,1.5554385325708031,0.7396439058543314,0.0371839446901114,2.4348200139165392,985.8545479774476,0.9980713596914176,0.0,1.0,,0.7396439058543314,64.77789210745253,0.7396439058543314,,33.302986,1.0898131,0.0545957477404685
HelocDataset,MultinomialLogisticRegression,wach,,1.0,0.0,,-417.58417,1.5446690500976787,0.7448721649778537,0.0398664176390379,2.4213943189912244,988.2717490196228,0.9981042654028436,0.0,1.0,,0.7448721649778537,65.52696515117968,0.7448721649778537,,33.30807,1.0892428,0.0537613806713912
HelocDataset,MultinomialLogisticRegression,wach,,1.0,0.0,,-582.1145,2.0243573097672027,0.9248897093260512,0.0331436320832437,2.9537120219902837,975.2418568134308,0.999028182701652,0.0,1.0,,0.9248897093260512,67.88422641300359,0.9248897093260512,,33.098637,1.0971516,0.0538150051192601
HelocDataset,MultinomialLogisticRegression,wach,,1.0,0.0,,-803.2259,1.4708514834925643,0.7246050465407855,0.0432235357319418,2.4228430307318494,971.3637051582336,0.998037291462218,0.0,1.0,,0.7246050465407855,64.1780089827561,0.7246050465407855,,33.091774,1.1052191,0.0543823877698661
HelocDataset,MultinomialLogisticRegression,wach,,1.0,0.0,,-548.4666,1.5434170508636256,0.7058128371047109,0.0439565637983799,2.3036509,990.1172680854796,1.0,0.0,1.0,,0.7058128371047109,63.20907346271169,0.7058128371047109,,32.243847,1.100529,0.0547365770358048
HelocDataset,MultinomialLogisticRegression,DiCE,,1.0,0.0048216007714561,,-46.268192,1.1592300923764811,0.8835666958141534,0.0035437136681827,2.0097934762276077,138.30137491226196,1.0,0.0,0.0824284097102846,,0.8835666958141534,14.745559505492665,0.8835666958141534,,33.297733,1.0899891,0.0544714806121121
HelocDataset,MultinomialLogisticRegression,DiCE,,0.8815165876777251,0.0225806451612903,,-35.286617,0.9497359874082468,0.7715457817684866,0.0132286103319505,1.7889983398745437,205.79337811470032,1.0,0.0,0.0749415614773258,,0.7715457817684866,12.406051630982043,0.7715457817684866,,33.038353,1.0881194,0.0538880596574871
HelocDataset,MultinomialLogisticRegression,DiCE,,1.0,0.0,,-29.052149,1.184990891717748,0.8868039738499994,0.0087395520882673,2.005609237882323,167.18585801124573,1.0,0.0,0.0843368403261925,,0.8868039738499994,16.893381280341707,0.8868039738499994,,33.102737,1.0970398,0.053876211289285
HelocDataset,MultinomialLogisticRegression,DiCE,,1.0,0.0,,-36.052944,1.425865562331988,0.9742201597946986,-0.0001802991631786,2.0525235217841646,173.25359296798706,1.0,0.0,0.1038528821948201,,0.9742201597946986,17.833633268033143,0.9742201597946986,,33.091488,1.1053224,0.0543791276550126
HelocDataset,MultinomialLogisticRegression,DiCE,,1.0,0.0,,-72.12112,1.11991129855222,0.8771728309326505,0.0042461410573497,2.094998253067034,193.679633140564,1.0,0.0,0.0791836395377836,,0.8771728309326505,16.029953387930775,0.8771728309326505,,32.243847,1.100529,0.0547365770358048
HelocDataset,MultinomialLogisticRegression,RPPCEF_LOCAL,1037,1.0,1.0,1.0,34.34845,1.5564082894184477,0.4145681197284258,0.0763183598980609,1.070818,20.118304014205933,1.0,0.0,0.9995388034044694,,0.4145681197284258,26.85339880986559,0.4145681197284258,,33.297733,1.0899891,0.0544714806121121
HelocDataset,MultinomialLogisticRegression,RPPCEF_LOCAL,1055,1.0,1.0,1.0,33.976887,1.630033070260697,0.4303701358441365,0.0829797740214038,1.0740087,17.237141132354736,1.0,0.0,0.9995054605398722,,0.4303701358441365,31.725080299832538,0.4303701358441365,,33.300053,1.0893444,0.0536895130983017
HelocDataset,MultinomialLogisticRegression,RPPCEF_LOCAL,1029,1.0,1.0,1.0,33.798195,1.6668085506389536,0.4412127529972285,0.0745330131826218,1.0767415,17.45386576652527,1.0,0.0,0.9994084590357882,,0.4412127529972285,32.25508643478453,0.4412127529972285,,33.102737,1.0970398,0.053876211289285
HelocDataset,MultinomialLogisticRegression,RPPCEF_LOCAL,1019,1.0,1.0,1.0,33.933746,1.7756787641107368,0.4698999426790525,0.0815185768612411,1.0839485,16.66886830329895,1.0,0.0,0.9992746511925588,,0.4698999426790525,33.5709679197601,0.4698999426790525,,33.091488,1.1053224,0.0543791276550126
HelocDataset,MultinomialLogisticRegression,RPPCEF_LOCAL,1046,1.0,0.997131931166348,1.0,33.576992,1.681660498165902,0.4492184620987445,0.081886340676592,1.0712634,25.30601811408997,1.0,0.0,0.9991271094854104,,0.4492184620987445,31.67509154885304,0.4492184620987445,,32.243847,1.100529,0.0547365770358048
DigitsDataset,MultinomialLogisticRegression,wach,,0.0,,,,,,,,115.21169686317444,1.0,,,,,,,,,,
DigitsDataset,MultinomialLogisticRegression,wach,,0.0,,,,,,,,119.7992660999298,0.963963963963964,,,,,,,,,,
DigitsDataset,MultinomialLogisticRegression,wach,,0.0,,,,,,,,122.778874874115,1.0,,,,,,,,,,
DigitsDataset,MultinomialLogisticRegression,wach,,0.0,,,,,,,,122.6567451953888,1.0,,,,,,,,,,
DigitsDataset,MultinomialLogisticRegression,wach,,0.0,,,,,,,,115.0490539073944,0.9907407407407408,,,,,,,,,,
DigitsDataset,MultinomialLogisticRegression,Artelt,,1.0,0.0,,-216.93939,26.518364623209848,20.78481595328325,0.0852138534058638,1.7265678128832929,28.019477128982544,1.0,0.0,1.0,,20.78481595328325,13.437742148683224,20.78481595328325,,-93.327644,1.0783813,0.0927477186441137
DigitsDataset,MultinomialLogisticRegression,Artelt,,1.0,0.0,,-170.75461,23.825047465419715,17.808610741615688,0.0791790855653718,1.6479367624897536,28.090863943099976,1.0,0.0,1.0,,17.808610741615688,12.114800854148854,17.808610741615688,,-94.89951,1.082217,0.0883075287017401
DigitsDataset,MultinomialLogisticRegression,Artelt,,0.991150442477876,0.0,,-209.62155,24.058426791251485,20.209634176391237,0.0710805261888826,1.808302893629,26.750980138778687,1.0,0.0,1.0,,20.209634176391237,12.167287987438966,20.209634176391237,,-94.05595,1.0861096,0.0829432939398967
DigitsDataset,MultinomialLogisticRegression,Artelt,,1.0,0.0,,-180.63696,26.302861066423837,17.98083846605156,0.0618637637938534,1.525297258141865,27.30300092697144,1.0,0.0,1.0,,17.98083846605156,13.661221667945943,17.98083846605156,,-93.820915,1.0731027,0.0857732378295002
DigitsDataset,MultinomialLogisticRegression,Artelt,,0.9907407407407408,0.0,,-228.22504,24.479807030411767,21.0301304474497,0.0769654254310863,1.830841098066607,25.2514808177948,1.0,0.0,1.0,,21.0301304474497,12.12275088463442,21.0301304474497,,-93.12114,1.0807065,0.0883730385941014
DigitsDataset,MultinomialLogisticRegression,DiCE,,1.0,0.0,,-644.0838,65.28803530151511,23.20193215269393,0.0346554603220312,1.846667294310316,151.37415504455566,1.0,0.0,0.1639908256880733,,23.20193215269393,52.36395057730696,23.20193215269393,,-93.327644,1.0783813,0.0927477186441137
DigitsDataset,MultinomialLogisticRegression,DiCE,,1.0,0.0,,-351.3557,51.454963938314215,21.36962013388329,0.0456319052395765,1.8381455982593653,125.92731404304504,1.0,0.0,0.1172578828828828,,21.36962013388329,39.43711610805021,21.36962013388329,,-94.89951,1.082217,0.0883075287017401
DigitsDataset,MultinomialLogisticRegression,DiCE,,1.0,0.0,,-314.54248,55.25273379218452,21.695823836001452,0.0324275154983382,1.814840178066244,152.7822868824005,1.0,0.0,0.1330199115044247,,21.695823836001452,43.402329644488525,21.695823836001452,,-94.01864,1.085953,0.082946937560253
DigitsDataset,MultinomialLogisticRegression,DiCE,,1.0,0.0,,-333.63562,58.99214605883998,22.44988578110148,0.0314982779123733,1.8257610678246772,129.64139103889465,1.0,0.0,0.144358407079646,,22.44988578110148,46.15672734917323,22.44988578110148,,-93.820915,1.0731027,0.0857732378295002
DigitsDataset,MultinomialLogisticRegression,DiCE,,1.0,0.0,,-413.43256,59.25728243779546,22.26823563276541,0.0373166152991944,1.866452872702835,130.87490606307983,1.0,0.0,0.1423611111111111,,22.26823563276541,46.060717461831246,22.26823563276541,,-93.10995,1.0810513,0.0884172005628935
DigitsDataset,MultinomialLogisticRegression,RPPCEF_LOCAL,109,1.0,1.0,1.0,-100.88411,80.09309200701996,11.138857874177814,0.1083115655795766,1.1999205,17.20699715614319,1.0,0.0,1.0,,11.138857874177814,76.08636401115207,11.138857874177814,,-93.327644,1.0783813,0.0927477186441137
DigitsDataset,MultinomialLogisticRegression,RPPCEF_LOCAL,111,1.0,1.0,1.0,-100.07065,73.12945205969962,10.236813290364577,0.1167255124267237,1.2033668,16.53666615486145,1.0,0.0,1.0,,10.236813290364577,69.46494413496137,10.236813290364577,,-94.89951,1.082217,0.0883075287017401
DigitsDataset,MultinomialLogisticRegression,RPPCEF_LOCAL,113,1.0,1.0,1.0,-101.97475,73.42677613501917,10.231147362022227,0.106533193797525,1.2082123,16.94416093826294,1.0,0.0,1.0,,10.231147362022227,69.2125516233191,10.231147362022227,,-94.01864,1.085953,0.082946937560253
DigitsDataset,MultinomialLogisticRegression,RPPCEF_LOCAL,113,1.0,1.0,1.0,-100.989204,79.11524907049572,10.984447668212214,0.1099828564209811,1.2036889,17.73017406463623,1.0,0.0,1.0,,10.984447668212214,74.59087398832878,10.984447668212214,,-93.820915,1.0731027,0.0857732378295002
DigitsDataset,MultinomialLogisticRegression,RPPCEF_LOCAL,108,1.0,1.0,1.0,-100.67927,72.15724513924889,10.140601900903702,0.1103494750284135,1.2022585,17.405980825424194,1.0,0.0,0.999855324074074,,10.140601900903702,68.51147111256917,10.140601900903702,,-93.10995,1.0810513,0.0884172005628935
BlobsDataset,MultilayerPerceptron,wach,,0.84,0.0,,-1.0325452,0.359046954484213,0.2813565700532224,-0.0503569150628608,1.695306,156.13724780082703,1.0,0.0,1.0,,0.2813565700532224,1.5214355591507185,0.2813565700532224,,2.638539,1.0912572,0.0317074944649562
BlobsDataset,MultilayerPerceptron,wach,,0.75,0.0,,-1.3199903,0.3250989131132761,0.2518013801480289,-0.047245892127889,1.8321979,159.08110690116882,1.0,0.0,1.0,,0.2518013801480289,1.4241208561261496,0.2518013801480289,,2.7346947,1.0787978,0.0236242364668416
BlobsDataset,MultilayerPerceptron,wach,,0.86,0.0,,-1.0555403,0.3435028309738913,0.2535257666545209,-0.0268410265478634,1.655156851028195,158.17004799842834,0.99009900990099,0.0,1.0,,0.2535257666545209,1.4306547559258975,0.2535257666545209,,2.736454,1.0574176,0.0310739157983842
BlobsDataset,MultilayerPerceptron,wach,,0.69,0.0,,-3.5932407,0.3176826329334922,0.3044401752232133,-0.0728875833868165,2.6775894,191.0053658485413,1.0,0.0,1.0,,0.3044401752232133,1.4626972269320833,0.3044401752232133,,2.7651532,1.0754349,0.0282361342796202
BlobsDataset,MultilayerPerceptron,wach,,0.7340425531914894,0.0,,-0.7820427,0.368836335081985,0.2891439547711922,-0.0572447838767493,1.6520648775120657,179.072340965271,0.94,0.0,1.0,,0.2891439547711922,1.642430628054708,0.2891439547711922,,2.58175,1.1034267,0.0210296231161604
BlobsDataset,MultilayerPerceptron,DiCE,,1.0,0.06,,-5.7060003,0.6336380354128778,0.5288899175959868,-0.0971318269228432,2.7987255901787,3.641152858734131,1.0,0.0,0.76,,0.5288899175959868,2.623094104363278,0.5288899175959868,,2.510132,1.1009139,0.0254615165755595
BlobsDataset,MultilayerPerceptron,DiCE,,1.0,0.08,,-6.2241907,0.5813109270855784,0.4872033202488607,-0.0962263904433368,2.8357770454900235,16.229441165924072,1.0,0.0,0.76,,0.4872033202488607,2.5169517983942806,0.4872033202488607,,2.5457122,1.1166955,0.0180597773167626
BlobsDataset,MultilayerPerceptron,DiCE,,1.0,0.0594059405940594,,-8.880026,0.6634436926463305,0.5435358734600512,-0.0950349851002141,3.286031842398991,3.705403089523315,1.0,0.0,0.7821782178217822,,0.5435358734600512,2.8291108073330857,0.5435358734600512,,2.680929,1.063162,0.0268270126153895
BlobsDataset,MultilayerPerceptron,DiCE,,1.0,0.09,,-5.781229,0.5726940787400235,0.476681639129596,-0.0978563454157163,2.7586884643876397,7.177134275436401,1.0,0.0,0.755,,0.476681639129596,2.508735271349685,0.476681639129596,,2.6230621,1.1100901,0.0221119696884018
BlobsDataset,MultilayerPerceptron,DiCE,,1.0,0.05,,-6.556289,0.6093161610886455,0.5015762466623523,-0.0971814955593183,2.8510594121121127,10.019895076751707,1.0,0.0,0.81,,0.5015762466623523,2.6574674169650536,0.5015762466623523,,2.565239,1.1123185,0.0171465100381173
BlobsDataset,MultilayerPerceptron,RPPCEF_LOCAL,100,1.0,1.0,1.0,2.6732705,0.5695083239674568,0.4034743563643796,0.0349296056192603,1.0443491,6.54219388961792,1.0,0.0,1.0,,0.4034743563643796,2.3154460912942887,0.4034743563643796,,2.510132,1.1009139,0.0254615165755595
BlobsDataset,MultilayerPerceptron,RPPCEF_LOCAL,100,1.0,1.0,1.0,2.7749822,0.5344189809262753,0.3793030106092489,0.029061854697816,1.035873,6.017284870147705,1.0,0.0,1.0,,0.3793030106092489,2.281145261526108,0.3793030106092489,,2.5457122,1.1166955,0.0180597773167626
BlobsDataset,MultilayerPerceptron,RPPCEF_LOCAL,101,1.0,1.0,1.0,2.6617413,0.5554990703516668,0.393937988631494,0.0233894456180465,1.0507545,6.087145090103149,1.0,0.0,1.0,,0.393937988631494,2.3530944267121874,0.393937988631494,,2.680929,1.063162,0.0268270126153895
BlobsDataset,MultilayerPerceptron,RPPCEF_LOCAL,100,1.0,1.0,1.0,2.7825394,0.5463124005496502,0.3870260334757107,0.0298800953029266,1.0356634,6.184428930282593,1.0,0.0,1.0,,0.3870260334757107,2.343157647848129,0.3870260334757107,,2.6230621,1.1100901,0.0221119696884018
BlobsDataset,MultilayerPerceptron,RPPCEF_LOCAL,100,1.0,1.0,1.0,2.8088105,0.5562657132744789,0.3945239424984727,0.03482388977184,1.0487657,6.147128820419312,1.0,0.0,1.0,,0.3945239424984727,2.40192431807518,0.3945239424984727,,2.565239,1.1123185,0.0171465100381173
LawDataset,MultilayerPerceptron,wach,,1.0,0.5502183406113537,,1.0415523,0.6031949935078328,0.4656834848259923,-0.012490560920181,1.1084033,368.2451741695404,1.0,0.0,1.0,,0.4656834848259923,5.276868913892055,0.4656834848259923,,1.53261,1.0718051,0.0240938670138681
LawDataset,MultilayerPerceptron,wach,,1.0,0.3513513513513513,,-0.8231609,0.5649330416937602,0.4904868625314476,-0.0381516297907481,1.2642294,354.6437838077545,1.0,0.0,1.0,,0.4904868625314476,4.92137159098376,0.4904868625314476,,1.5351663,1.0755489,0.0261870774742881
LawDataset,MultilayerPerceptron,wach,,1.0,0.2355555555555555,,-1.8028257,0.6441844311397936,0.5446967447286268,-0.0447070006951783,1.4126301501705791,368.6139898300171,0.9493670886075948,0.0,1.0,,0.5446967447286268,5.557922752655918,0.5446967447286268,,1.4053508,1.0868086,0.0133652084576648
LawDataset,MultilayerPerceptron,wach,,1.0,0.5274725274725275,,0.64347136,0.6049097026851806,0.4698168438553735,-0.0190992861803431,1.1174603718894915,305.0554270744324,0.892156862745098,0.0,1.0,,0.4698168438553735,5.099488034626184,0.4698168438553735,,1.5203713,1.0788643,0.0208689109775825
LawDataset,MultilayerPerceptron,wach,,1.0,0.6176470588235294,,0.91564596,0.6181145773050102,0.4753316633525875,-0.0153511791789523,1.1175313,315.407634973526,1.0,0.0,1.0,,0.4753316633525875,5.474096549492256,0.4753316633525875,,1.6110559,1.067748,0.0245874141783991
LawDataset,MultilayerPerceptron,DiCE,,1.0,0.3187772925764192,,-0.35100022,0.6244025942889819,0.5199496864931324,-0.0444062524022949,1.2835122966613708,44.44784092903137,1.0,0.0,0.5240174672489083,,0.5199496864931324,5.352579359269682,0.5199496864931324,,1.53261,1.0718051,0.0240938670138681
LawDataset,MultilayerPerceptron,DiCE,,1.0,0.2792792792792792,,-1.0305372,0.6147575814650301,0.5216646737050645,-0.0486669789339496,1.3480463351379337,32.621033906936646,1.0,0.0,0.5165165165165165,,0.5216646737050645,5.255353567068823,0.5216646737050645,,1.5351663,1.0755489,0.0261870774742881
LawDataset,MultilayerPerceptron,DiCE,,1.0,0.2953586497890295,,-1.0329512,0.6504094421839978,0.5391322273577752,-0.0458442999419832,1.3374352106352072,50.91977500915527,1.0,0.0,0.5344585091420534,,0.5391322273577752,5.5254971666756,0.5391322273577752,,1.4335765,1.0850748,0.0147091810265072
LawDataset,MultilayerPerceptron,DiCE,,1.0,0.3039215686274509,,-0.8423085,0.6198955363155726,0.5204046593301002,-0.0508574198931318,1.3469715266977489,55.25901174545288,1.0,0.0,0.5294117647058824,,0.5204046593301002,5.156594811038499,0.5204046593301002,,1.5791762,1.0751344,0.022804781224833
LawDataset,MultilayerPerceptron,DiCE,,1.0,0.2990196078431372,,-0.7604013,0.6419306611879066,0.5196210146826322,-0.0445985260403819,1.2860247482149476,35.87585687637329,1.0,0.0,0.5473856209150327,,0.5196210146826322,5.574662157675346,0.5196210146826322,,1.6110559,1.067748,0.0245874141783991
LawDataset,MultilayerPerceptron,RPPCEF_LOCAL,229,1.0,1.0,1.0,2.4050758,0.5496909365375164,0.322600325231288,0.0540409361996457,1.0291826,8.248222827911377,1.0,0.0,1.0,,0.322600325231288,4.5594259052818,0.322600325231288,,1.53261,1.0718051,0.0240938670138681
LawDataset,MultilayerPerceptron,RPPCEF_LOCAL,222,1.0,1.0,1.0,2.2658372,0.5423475958171997,0.3176568838776487,0.0533503517782608,1.0365704,7.625370979309082,1.0,0.0,1.0,,0.3176568838776487,4.500540260259096,0.3176568838776487,,1.5351663,1.0755489,0.0261870774742881
LawDataset,MultilayerPerceptron,RPPCEF_LOCAL,237,1.0,1.0,1.0,2.223049,0.537108190880326,0.315834249437264,0.0509877861164486,1.0290303,7.917402744293213,1.0,0.0,1.0,,0.315834249437264,4.400463782785311,0.315834249437264,,1.4335765,1.0850748,0.0147091810265072
LawDataset,MultilayerPerceptron,RPPCEF_LOCAL,204,1.0,1.0,1.0,2.38661,0.5420543942783101,0.3177535214810772,0.0528613470917416,1.0248549,7.67954683303833,1.0,0.0,1.0,,0.3177535214810772,4.306750166649912,0.3177535214810772,,1.5791762,1.0751344,0.022804781224833
LawDataset,MultilayerPerceptron,RPPCEF_LOCAL,204,1.0,1.0,1.0,2.371365,0.5365214939594415,0.3155477627241794,0.0548449397216676,1.0351796,7.510027885437012,1.0,0.0,1.0,,0.3155477627241794,4.495257493912005,0.3155477627241794,,1.6110559,1.067748,0.0245874141783991
MoonsDataset,MultilayerPerceptron,wach,,1.0,0.0098039215686274,,-1.89843,0.2481355770872266,0.205955135818055,-0.0007885049572785,1.3700581,177.65811586380005,1.0,0.0,1.0,,0.205955135818055,1.308696644563301,0.205955135818055,,1.5295815,1.0393983,0.0004266122988019
MoonsDataset,MultilayerPerceptron,wach,,1.0,0.0,,-1.2545171,0.2131519478358579,0.1737125416405913,0.002545682931312,1.5464877718250185,154.29723286628723,0.8640776699029127,0.0,1.0,,0.1737125416405913,1.1257417674715364,0.1737125416405913,,1.4448863,1.0879587,0.0091343302910116
MoonsDataset,MultilayerPerceptron,wach,,1.0,0.0,,-2.4047751,0.2367985793061608,0.1995030624822421,0.0014185080833721,1.4653778,173.8305060863495,1.0,0.0,1.0,,0.1995030624822421,1.3010910957762338,0.1995030624822421,,1.3960644,1.0579494,0.001188973207644
MoonsDataset,MultilayerPerceptron,wach,,1.0,0.0,,-1.9558018,0.2113950054204621,0.1852119732198623,-0.007257977993338,1.5885234,168.87507510185242,1.0,0.0,1.0,,0.1852119732198623,1.148810066428839,0.1852119732198623,,1.4554838,1.069906,-0.0017771268481
MoonsDataset,MultilayerPerceptron,wach,,1.0,0.0099009900990099,,-0.894478,0.2160902816691611,0.1819093165976251,-0.0087237832326386,1.4430804245083624,163.60961413383484,0.9901960784313726,0.0,1.0,,0.1819093165976251,1.1793229569694672,0.1819093165976251,,1.5091511,1.0495899,0.0019719420318687
MoonsDataset,MultilayerPerceptron,DiCE,,1.0,0.3431372549019608,,-7.557439,0.6508570337298842,0.5555875081258979,-0.0315642555402879,1.4925886557287908,22.809942960739136,1.0,0.0,0.7745098039215687,,0.5555875081258979,3.400221481595972,0.5555875081258979,,1.5295815,1.0393983,0.0004266122988019
MoonsDataset,MultilayerPerceptron,DiCE,,1.0,0.2524271844660194,,-2.3904672,0.6068899712245007,0.5328639705867496,-0.0403197644417551,1.7364042742110246,16.800556898117065,1.0,0.0,0.7184466019417476,,0.5328639705867496,3.1939238375551686,0.5328639705867496,,1.3773147,1.0792196,0.0032440749475582
MoonsDataset,MultilayerPerceptron,DiCE,,1.0,0.3398058252427184,,-3.1798599,0.6198497327232227,0.5351555453188187,-0.0447457519704219,1.7243441787800735,20.06866693496704,1.0,0.0,0.7475728155339806,,0.5351555453188187,3.349443038657516,0.5351555453188187,,1.3960644,1.0579494,0.001188973207644
MoonsDataset,MultilayerPerceptron,DiCE,,1.0,0.2450980392156862,,-2.8437452,0.6450483942685156,0.5542090300074634,-0.0417203081801083,1.6697142883012486,6.813469886779785,1.0,0.0,0.7352941176470589,,0.5542090300074634,3.409855131277206,0.5542090300074634,,1.4554838,1.069906,-0.0017771268481
MoonsDataset,MultilayerPerceptron,DiCE,,1.0,0.2745098039215686,,-1.2217348,0.6297781260538042,0.5536580122178112,-0.0443304829818243,1.7395409605427994,22.745830059051517,1.0,0.0,0.7352941176470589,,0.5536580122178112,3.3538240122611134,0.5536580122178112,,1.497308,1.0506406,0.0013054835802741
MoonsDataset,MultilayerPerceptron,RPPCEF_LOCAL,102,1.0,1.0,1.0,1.4132185,0.3987974336076363,0.3056940973642617,0.0334934615106615,1.0069551,7.715912818908691,1.0,0.0,1.0,,0.3056940973642617,2.044707368986279,0.3056940973642617,,1.5295815,1.0393983,0.0004266122988019
MoonsDataset,MultilayerPerceptron,RPPCEF_LOCAL,103,1.0,1.0,1.0,1.4772577,0.3847584488973455,0.2905320453711545,0.0293352436793789,0.99767315,7.236246824264526,1.0,0.0,1.0,,0.2905320453711545,2.0049927576074325,0.2905320453711545,,1.3773147,1.0792196,0.0032440749475582
MoonsDataset,MultilayerPerceptron,RPPCEF_LOCAL,103,1.0,1.0,1.0,1.4858704,0.410103762955224,0.3104219627830967,0.0311744474634041,0.99954164,7.211697340011597,1.0,0.0,1.0,,0.3104219627830967,2.160399602454843,0.3104219627830967,,1.3960644,1.0579494,0.001188973207644
MoonsDataset,MultilayerPerceptron,RPPCEF_LOCAL,102,1.0,1.0,1.0,1.5244399,0.4060688732070939,0.3113187376353529,0.0257305669899365,1.0163822,7.202327966690064,1.0,0.0,1.0,,0.3113187376353529,2.1041773966714445,0.3113187376353529,,1.4554838,1.069906,-0.0017771268481
MoonsDataset,MultilayerPerceptron,RPPCEF_LOCAL,102,1.0,1.0,1.0,1.471325,0.3864260336347654,0.2907563695399712,0.0237181219068355,0.9991922,7.221585750579834,1.0,0.0,1.0,,0.2907563695399712,2.0272140502929688,0.2907563695399712,,1.497308,1.0506406,0.0013054835802741
WineDataset,MultilayerPerceptron,wach,,0.9166666666666666,0.0909090909090909,,-7.3316755,0.8525832957503471,0.6594111977721794,0.0484234809591597,1.6137893,77.52575325965881,1.0,0.0,1.0,,0.6594111977721794,6.163342454216697,0.6594111977721794,,9.965356,1.0643884,0.0626036225826874
WineDataset,MultilayerPerceptron,wach,,0.5833333333333334,0.1428571428571428,,-0.9264476,0.6390968249179423,0.6377774466815065,0.0406513869756139,1.4930717,79.10740518569946,1.0,0.0,1.0,,0.6377774466815065,3.957869631903512,0.6377774466815065,,7.761073,1.0950912,0.0520443770018003
WineDataset,MultilayerPerceptron,wach,,0.5454545454545454,0.0,,0.84547263,0.6332752369344234,0.4594630103893283,0.0492701136459677,1.2879217,39.61981415748596,1.0,0.0,1.0,,0.4594630103893283,4.573791265487671,0.4594630103893283,,9.874715,1.0866421,0.0611871998624343
WineDataset,MultilayerPerceptron,wach,,0.6666666666666666,0.125,,2.298507,0.6882671759231016,0.4902106917357275,0.0529621447527684,1.3101894,52.12553000450134,1.0,0.0,1.0,,0.4902106917357275,5.042327210307121,0.4902106917357275,,9.37953,1.034358,0.0674660527964861
WineDataset,MultilayerPerceptron,wach,,0.7272727272727273,0.125,,-10.610654,0.5308210568036884,0.5246612348191783,0.0509226955464263,1.6261013,84.80963397026062,1.0,0.0,1.0,,0.5246612348191783,3.8140629082918167,0.5246612348191783,,9.207295,1.0804362,0.0789994177315521
WineDataset,MultilayerPerceptron,DiCE,,1.0,0.0,,-8.1654005,0.8957527657815566,0.7191783511791382,0.0297739745787904,1.53313645907272,0.7629947662353516,1.0,0.0,0.1346153846153846,,0.7191783511791382,6.8137197298377,0.7191783511791382,,9.726474,1.0578327,0.0618262025262687
WineDataset,MultilayerPerceptron,DiCE,,1.0,0.0833333333333333,,-4.05543,1.075477094311888,0.8099792155937883,0.0162151050722053,1.4794676055443885,0.721869945526123,1.0,0.0,0.1538461538461538,,0.8099792155937883,7.003966349500551,0.8099792155937883,,7.5370674,1.079331,0.0386681148800299
WineDataset,MultilayerPerceptron,DiCE,,1.0,0.0,,-4.1430516,0.961439287543974,0.7406448196871225,0.0124183312946916,1.5362111967578531,0.6509740352630615,1.0,0.0,0.1398601398601398,,0.7406448196871225,6.806971494405375,0.7406448196871225,,9.822338,1.0836148,0.0513745245235467
WineDataset,MultilayerPerceptron,DiCE,,1.0,0.0,,-0.7060685,0.9258659892948344,0.7225607526928881,0.0261345933631868,1.444738045213871,0.6987347602844238,1.0,0.0,0.1346153846153846,,0.7225607526928881,6.817329670802951,0.7225607526928881,,9.699931,1.0271575,0.0609602943362083
WineDataset,MultilayerPerceptron,DiCE,,1.0,0.0909090909090909,,-1.2171291,0.7539071081502532,0.5916954657557991,0.0416250872673141,1.3204527622150084,0.6553280353546143,1.0,0.0,0.1258741258741259,,0.5916954657557991,5.695054872876674,0.5916954657557991,,9.470737,1.0590861,0.0744931394502979
WineDataset,MultilayerPerceptron,RPPCEF_LOCAL,12,1.0,1.0,1.0,6.566757,2.4926786180585623,0.7354964847133033,0.0475944134819371,1.2253975,6.054218053817749,1.0,0.0,1.0,,0.7354964847133033,18.0101314385732,0.7354964847133033,,9.726474,1.0578327,0.0618262025262687
WineDataset,MultilayerPerceptron,RPPCEF_LOCAL,12,1.0,1.0,1.0,7.905428,2.4869997538626194,0.7576803105332561,0.0539065720742732,1.0907212,5.279475927352905,1.0,0.0,1.0,,0.7576803105332561,17.887964248657227,0.7576803105332561,,7.5370674,1.079331,0.0386681148800299
WineDataset,MultilayerPerceptron,RPPCEF_LOCAL,11,1.0,1.0,1.0,8.058477,2.460814646360549,0.7359661743801827,0.0480065057331077,1.1962215,5.290837049484253,1.0,0.0,1.0,,0.7359661743801827,18.738793633200903,0.7359661743801827,,9.822338,1.0836148,0.0513745245235467
WineDataset,MultilayerPerceptron,RPPCEF_LOCAL,12,1.0,1.0,1.0,7.205896,2.1136354804039,0.6522801442072366,0.0686626424368503,1.1741651,5.47697901725769,1.0,0.0,1.0,,0.6522801442072366,16.12626043955485,0.6522801442072366,,9.699931,1.0271575,0.0609602943362083
WineDataset,MultilayerPerceptron,RPPCEF_LOCAL,11,1.0,1.0,1.0,7.1715617,2.009352967820384,0.5826534765918202,0.0528461387435216,1.191195,5.360736131668091,1.0,0.0,1.0,,0.5826534765918202,15.25909675251354,0.5826534765918202,,9.470737,1.0590861,0.0744931394502979
HelocDataset,MultilayerPerceptron,wach,,1.0,0.0,,-4140.637,2.6076701112871565,0.8612774137309019,0.0162790709774754,2.137334839950685,1866.119334936142,0.999064546304958,0.0,1.0,,0.8612774137309019,51.84512020306932,0.8612774137309019,,33.12759,1.0941503,0.0539492468512213
HelocDataset,MultilayerPerceptron,wach,,1.0,0.0,,-281.5418,3.130078641941392,0.9374378716899228,0.0153763992330016,2.0571887,1700.3513488769531,1.0,0.0,1.0,,0.9374378716899228,72.06150163560443,0.9374378716899228,,32.501736,1.092595,0.0501259307761097
HelocDataset,MultilayerPerceptron,wach,,1.0,0.0,,-27508.88,2.900139650097584,0.9393972080811338,0.0217794110406276,2.2322955,1872.0730848312376,1.0,0.0,1.0,,0.9393972080811338,58.9135916204343,0.9393972080811338,,32.85733,1.0986931,0.0540974088704837
HelocDataset,MultilayerPerceptron,wach,,1.0,0.0,,-280.01953,2.888713277914004,0.9042493991079114,0.03022969222229,2.132695810125099,1795.6178531646729,0.9990215264187868,0.0,1.0,,0.9042493991079114,62.55836347601963,0.9042493991079114,,32.742683,1.1058439,0.0534135037656832
HelocDataset,MultilayerPerceptron,wach,,1.0,0.0,,-284.88965,2.5788243584144523,0.8028918007353146,0.0216239855824292,1.8643466,1875.496437072754,1.0,0.0,1.0,,0.8028918007353146,58.38994321942207,0.8028918007353146,,31.72888,1.10172,0.0540475258962109
HelocDataset,MultilayerPerceptron,DiCE,,1.0,0.0037453183520599,,-29.177734,1.3738292410103377,0.9242110929523972,-0.0002233287520135,2.0102150871040947,188.8217170238495,0.999064546304958,0.0,0.1076779026217228,,0.9242110929523972,17.14409327376156,0.9242110929523972,,33.133198,1.094024,0.0540572752439973
HelocDataset,MultilayerPerceptron,DiCE,,1.0,0.001008064516129,,-19.830435,1.690983584131191,1.0533270247636428,-0.0037589045715117,1.9121915771406213,232.21213603019717,1.0,0.0,0.1273667601683029,,1.0533270247636428,22.365627023319032,1.0533270247636428,,32.501736,1.092595,0.0501259307761097
HelocDataset,MultilayerPerceptron,DiCE,,1.0,0.0009460737937559,,-35.596966,1.6272843164784343,1.0165252943492809,-0.006039033572524,2.028467194360921,237.1756658554077,0.9981114258734656,0.0,0.1254987454238822,,1.0165252943492809,30.953233288250917,1.0165252943492809,,32.88704,1.0960988,0.0543342911405441
HelocDataset,MultilayerPerceptron,DiCE,,1.0,0.0039408866995073,,-48.450756,1.78463426726845,1.0603734171488295,-0.0096244724153972,1.9821387792302123,260.38320112228394,0.9931506849315068,0.0,0.1429856500321268,,1.0603734171488295,24.81057500422142,1.0603734171488295,,32.8007,1.1044135,0.053920437263227
HelocDataset,MultilayerPerceptron,DiCE,,1.0,0.0055813953488372,,-42.876102,1.5251148029969095,0.9655961158230444,-0.0063295746426049,2.048969153362703,235.63868808746335,1.0,0.0,0.12,,0.9655961158230444,22.96334764300003,0.9655961158230444,,31.72888,1.10172,0.0540475258962109
HelocDataset,MultilayerPerceptron,RPPCEF_LOCAL,1069,1.0,1.0,1.0,33.62256,1.737768789966168,0.457500886086008,0.0769366435250292,1.077826,23.173891067504883,1.0,0.0,0.9995932810021556,,0.457500886086008,27.84718517604204,0.457500886086008,,33.133183,1.0941176,0.0539859127274265
HelocDataset,MultilayerPerceptron,RPPCEF_LOCAL,992,1.0,1.0,1.0,32.887985,1.8699060310696467,0.4780659108561731,0.0784550554984696,1.0936457,20.539867162704468,1.0,0.0,0.9996931977559608,,0.4780659108561731,35.40433209349011,0.4780659108561731,,32.501736,1.092595,0.0501259307761097
HelocDataset,MultilayerPerceptron,RPPCEF_LOCAL,1059,1.0,1.0,1.0,33.420326,1.8690124260294056,0.4834565240425704,0.0676552328278548,1.0924124,18.26528000831604,1.0,0.0,0.9994252165701852,,0.4834565240425704,35.61644868699053,0.4834565240425704,,32.85733,1.0986931,0.0540974088704837
HelocDataset,MultilayerPerceptron,RPPCEF_LOCAL,1022,1.0,1.0,1.0,33.677223,1.841618978707096,0.4772640660630531,0.0756322718211071,1.0940579,18.373374938964844,1.0,0.0,0.9994044073853484,,0.4772640660630531,33.95122932328138,0.4772640660630531,,32.74648,1.1057298,0.0534380507201573
HelocDataset,MultilayerPerceptron,RPPCEF_LOCAL,1075,1.0,1.0,1.0,33.185436,1.8185376364813783,0.4713169811011541,0.0766860522759852,1.0871012,20.688599109649655,1.0,0.0,0.9996764408493428,,0.4713169811011541,33.46195799525093,0.4713169811011541,,31.72888,1.10172,0.0540475258962109
DigitsDataset,MultilayerPerceptron,wach,,0.0,,,,,,,,279.0704116821289,0.9009009009009008,,,,,,,,,,
DigitsDataset,MultilayerPerceptron,wach,,0.0,,,,,,,,269.7819359302521,0.8468468468468469,,,,,,,,,,
DigitsDataset,MultilayerPerceptron,wach,,0.0,,,,,,,,275.29407000541687,0.9821428571428572,,,,,,,,,,
DigitsDataset,MultilayerPerceptron,wach,,0.0,,,,,,,,268.9125671386719,0.8468468468468469,,,,,,,,,,
DigitsDataset,MultilayerPerceptron,wach,,0.0,,,,,,,,196.89439797401428,0.2429906542056075,,,,,,,,,,
DigitsDataset,MultilayerPerceptron,DiCE,,1.0,0.0,,-804.4041,77.16776863165066,25.33575138593827,0.0211285069799152,1.902752177688329,178.1447880268097,1.0,0.0,0.1987612612612612,,25.33575138593827,64.30144385446229,25.33575138593827,,-93.82917,1.0803094,0.0924352971611683
DigitsDataset,MultilayerPerceptron,DiCE,,1.0,0.0,,-465.86353,61.41040893420493,23.18836958458992,0.0388285402570829,1.8468437371375044,159.96117687225342,1.0,0.0,0.1493524774774774,,23.18836958458992,46.317221239160666,23.18836958458992,,-93.21471,1.082217,0.0883075287017401
DigitsDataset,MultilayerPerceptron,DiCE,,1.0,0.0,,-520.6621,66.28844992152153,23.573963922230654,0.0285371966452714,1.870603968127645,165.03751397132874,1.0,0.0,0.1682477678571428,,23.573963922230654,52.95204634182342,23.573963922230654,,-94.007835,1.0834309,0.0832637739072678
DigitsDataset,MultilayerPerceptron,DiCE,,1.0,0.0,,-435.2024,69.21936845003317,23.98004815032801,0.0232379898058467,1.8677996276734092,173.1347939968109,1.0,0.0,0.1715934684684684,,23.98004815032801,56.49525079441551,23.98004815032801,,-92.32613,1.0722271,0.0858854822995481
DigitsDataset,MultilayerPerceptron,DiCE,,1.0,0.0,,-758.37274,63.41124084444225,22.759120846825727,0.0307023721607784,1.908866794327225,138.13869524002075,1.0,0.0,0.1603387850467289,,22.759120846825727,51.64251456123701,22.759120846825727,,-93.22197,1.0790462,0.0884918440650843
DigitsDataset,MultilayerPerceptron,RPPCEF_LOCAL,111,1.0,1.0,1.0,-103.147934,84.93448428966121,12.070863375605455,0.1039827253382244,1.2071594,19.760911226272583,1.0,0.0,1.0,,12.070863375605455,81.36652477367504,12.070863375605455,,-93.82917,1.0803094,0.0924352971611683
DigitsDataset,MultilayerPerceptron,RPPCEF_LOCAL,111,1.0,1.0,1.0,-101.373116,76.89932886225792,10.953513914403322,0.1093960733664126,1.2616732,18.42487120628357,1.0,0.0,1.0,,10.953513914403322,73.62839198756862,10.953513914403322,,-93.21471,1.082217,0.0883075287017401
DigitsDataset,MultilayerPerceptron,RPPCEF_LOCAL,112,1.0,1.0,1.0,-101.7568,82.03770369423546,11.718688338136124,0.1043994303672629,1.2211546,18.378549814224243,1.0,0.0,1.0,,11.718688338136124,76.89975159508842,11.718688338136124,,-94.007835,1.0834309,0.0832637739072678
DigitsDataset,MultilayerPerceptron,RPPCEF_LOCAL,111,1.0,1.0,1.0,-100.11828,80.08289371473687,11.453030204344127,0.1064679242020673,1.2225878,18.31577706336975,1.0,0.0,1.0,,11.453030204344127,74.53792987857852,11.453030204344127,,-92.32613,1.0722271,0.0858854822995481
DigitsDataset,MultilayerPerceptron,RPPCEF_LOCAL,107,1.0,1.0,1.0,-100.144844,75.97906139930171,10.8510120527968,0.1058726420938549,1.2158573,18.027985095977783,1.0,0.0,1.0,,10.8510120527968,71.74935520920798,10.8510120527968,,-93.22197,1.0790462,0.0884918440650843
