4.4384157240222795,3.189382093680405,1
-7.225228262459921,-8.266459309678403,2
-6.129831005540713,-8.97906885547886,2
5.656767643237005,1.241302571722178,1
7.732134201182698,3.7857190298304455,1
-5.854273206350554,-8.929043160076748,2
-0.347287689453577,6.860492901429162,0
-5.946316475086167,-8.5883592699471,2
-3.599903386790053,8.643008174871065,0
6.2538895441259985,2.005137156948645,1
-7.499824932836184,-6.489688833401617,2
-2.4896947852358897,11.194587243934297,0
-1.6545467027044443,9.685848968224294,0
-6.593673804253734,-5.468143722124722,2
-8.213488433493756,-5.447158755919317,2
-1.4739816354860813,8.412455420369568,0
-7.142973109400093,-5.877127386139087,2
-9.361958345493715,-8.320179036195142,2
-8.643019099588548,-8.222714356690854,2
0.02151482955609696,10.336745763622497,0
-8.758217357770949,-6.334661769338495,2
5.093832034086651,0.841755908911695,1
-7.641837487622237,-7.101780071502154,2
-5.0965743718222996,8.170854834336863,0
-8.137505888822117,-8.210130976701132,2
-9.056390726228608,-6.898243015045028,2
-4.2356879891862045,9.57783315571683,0
0.69035243893165,6.086154428914568,0
-7.0005268150964115,-8.129693678777084,2
-7.360628629487057,-4.187292559407464,2
6.481382324938039,0.15870815590392384,1
4.931455288594106,1.4434202447246995,1
4.757831621702238,-1.0241313428574292,1
-5.860567266716515,-8.603300646013931,2
-4.781984216350579,11.064597529365109,0
1.3309291843504418,8.870196278611347,0
4.823884310220294,4.410187371645073,1
-3.643723740979205,6.880905563801811,0
0.320081228763045,9.27615284744608,0
-3.485161476735491,8.283598052551277,0
7.752770145166,0.9393879568063803,1
5.447322954802551,3.5819306899054353,1
2.421511483066908,2.2482095636094654,1
-2.3389216051758783,10.007482139979892,0
-5.983784863771193,-8.302631599612248,2
-4.309642233636414,8.512534274436899,0
-2.337856150059691,9.239738770391138,0
-8.546814126556818,-6.510352425627939,2
2.2503882359305973,2.6338817908813303,1
4.741662102019206,3.252330196624061,1
-3.935746405355078,-6.874566085504176,2
-2.7895050892947886,8.35468954078706,0
5.406682735515572,4.033657501685169,1
4.177827409949489,3.1426604823447417,1
-6.01993547128947,-9.558909331177112,2
-5.8801584397874525,-6.18622265399502,2
6.725190159754071,2.8098851434685255,1
0.6740366724661997,10.562984019025041,0
-2.6144461902407206,6.522844727924334,0
5.519919538441013,1.2608141990069455,1
-2.4018482672236616,8.297799958050646,0
-8.818021233809699,-5.8455478854081555,2
-0.9528877066659014,8.2492615299162,0
4.797942095447041,-0.027868558436574542,1
4.432194860252441,0.1367223295066835,1
-0.1301723988347221,7.157562879958048,0
-7.223713307253312,-6.9453250179967405,2
7.230324613078209,1.3737154055188285,1
1.412155734234144,0.8944397050771018,1
-1.8898004416393137,8.16869929899236,0
-7.924784918795632,-6.007069742648857,2
-7.853686748633409,-4.898153544866428,2
0.2607578710187486,7.409158978709092,0
2.5123302368285536,-0.6680435340304318,1
-2.0199980896895733,7.137615763620367,0
3.069512362205192,2.7781488127316614,1
-5.315385504591534,8.487015902136358,0
3.4625313666047415,2.9455903347065204,1
-3.9936048534406217,8.825605748048849,0
6.133950364936826,0.8379770510865407,1
-2.3287541754849017,9.785944379286445,0
-6.1937065842284085,-4.696376110055796,2
-6.299414410117466,-5.243638955496996,2
-9.124421073786388,-7.855145494886294,2
7.772440893399192,1.7637852417079714,1
-2.2363982404650073,9.386617007648825,0
-1.540971351341137,12.259168213156512,0
-5.54432957446409,-5.327235591190318,2
-1.917519409485305,8.382809406967928,0
4.304679862670323,1.449194489763436,1
-1.7993411861924329,8.905042759213012,0
2.774083983141174,0.933811887246871,1
-2.797739070224434,9.46660714169874,0
-6.5544638455073265,-8.526063384725212,2
-1.442757670747513,9.680681095427381,0
-1.7366260935936784,14.793383364180404,0
4.052241612662368,0.5895544071929781,1
5.509328596048465,2.461864158813982,1
3.7042253951843938,4.844216714740911,1
-7.371469265920647,-6.6473235674874775,2
-4.296152868856723,9.999116541149066,0
-8.18206628896582,-6.078165964092293,2
-3.326576253266175,9.612990299726428,0
-6.350869738615951,-7.735636642896467,2
-5.621216440446852,-7.805989373096331,2
3.1527903120436407,-1.2569154864648402,1
2.9273451650278437,1.6826804950211547,1
3.835933668557029,3.18525638136245,1
3.7212227742674444,2.5154249717498844,1
4.740364912065409,2.7470785104968813,1
-3.4652783140125267,10.797810924859649,0
-7.067808581155621,-6.38829030703691,2
3.8144211054599713,0.9657346320336546,1
-5.0259539034180385,-8.48669011274952,2
-2.6248501871739065,9.526014090423287,0
-1.119931301755288,11.878411088903517,0
-2.4364151811355095,7.767860953581765,0
-4.018223695302304,7.193003209016723,0
-4.620465165129482,7.847561096812009,0
6.440499698144739,0.9878282654836383,1
6.069583787097969,2.4038559317434682,1
-7.78674418795859,-10.188458678924551,2
-7.419280159834899,-8.869181122399004,2
-8.684428474234988,-8.443176211640601,2
-3.2134092019551783,9.828126193577269,0
4.520416749359529,2.651727378315333,1
-3.8349837773544495,9.244873787116614,0
-4.130782433665144,10.594015408197677,0
-7.559499804685791,-4.7014082915698285,2
-2.2528994658608372,8.738311123669304,0
6.328954212386353,1.8960790985580027,1
-7.298071586648983,-7.299749846019698,2
-7.297952282377405,-5.612372636499464,2
6.010255775577976,0.7684012579202149,1
-2.023071668960558,8.436662707573847,0
-7.816145275721106,-7.156897629759721,2
-1.248232299569664,8.035350159244736,0
-3.8861259564753237,-2.2152317592679056,2
4.202161932854786,-0.3716165291042537,1
-2.1557757858899014,10.170583919028772,0
6.932581475846899,2.7349233183751673,1
4.237082864369353,0.6363813458178009,1
4.69100403861694,0.8182098373527693,1
-3.995002110748783,8.164839533794163,0
5.2227467430245476,5.712668960089918,1
-6.534521052364167,-6.133494959638855,2
-8.738287804632122,-9.081397491904607,2
5.147604601420638,1.5300675687321879,1
4.97690592485593,3.372055931750367,1
-4.548386560079109,-5.599145628447611,2
-8.650846414114538,-5.2086270512726385,2
-8.663745030452262,-4.416100163392001,2
-7.382333862908448,-6.366602841541514,2
-4.810368879156184,10.930801361046086,0
4.13771583806829,1.367696989077737,1
-0.7949634012802194,10.142185677228483,0
6.0184935607097545,1.537757867657755,1
-1.7517167045820645,10.312918919453503,0
-3.6698814217081095,7.147304073231195,0
6.953043765079915,4.982309016179416,1
-3.2170954217369,10.64771202364937,0
-2.0877098214502015,8.08023684846743,0
-1.5338958561147589,8.865522332529247,0
-6.393541648818929,-8.601646677999447,2
-2.10182936725969,7.099163264467857,0
-4.284085392051413,5.9554378615581705,0
-6.328404692939813,-7.350404122534544,2
-6.156828098573532,-6.059212397208996,2
-6.132294568406092,-5.169886035494047,2
-1.9330994496437892,8.965244006057182,0
4.543671316338613,2.4663132993959525,1
5.0405688127453265,2.736257218785633,1
-6.879316593773974,-6.8940600749838685,2
-1.8647702943538715,9.325817658942988,0
-2.3097431118324363,7.964104905789561,0
-5.935332814818554,-8.086583232765935,2
-9.045409415351582,-10.324381022981804,2
-5.763339233901365,-7.1519458531031015,2
-2.577576647585997,9.37929530218236,0
2.114721547896676,0.7643645841964488,1
-5.575895302405925,-7.563418882311753,2
-4.9008391112443,8.115223593767663,0
4.600096947354511,0.6503577070991553,1
-3.2856145716070073,9.349968055656669,0
4.744957080897874,3.7159871378530176,1
0.9391495623761252,8.470028287538833,0
3.562267937874305,3.315556249357394,1
-11.408895424882509,-6.604335276145404,2
-1.5764826797269555,6.658949048362636,0
-4.073179428093597,-6.295688327219591,2
-7.866801924764155,-7.335698636440943,2
4.353855235083081,2.2993189937103162,1
6.085697511420466,5.288954186327759,1
-6.293583309759054,-8.86981778574257,2
-7.806105034302796,-7.354218877316521,2
-2.1086222242488617,10.348732321633477,0
6.276844017119505,2.8868768653014976,1
5.100988882941753,3.196775502749677,1
-2.840643883797246,9.054614886690118,0
-0.7852876336242365,7.95952149050949,0
-1.3882572153678574,9.929841526348518,0
5.723450872969758,1.4139199558030815,1
-3.2372429447964053,9.137097337277805,0
-4.535294038388973,-7.291099216019903,2
-6.751649977303734,-8.092508175737336,2
-3.0232693978429044,7.810870224365893,0
4.057613608416258,2.2287940175039633,1
-7.372554904774747,-5.975328446652432,2
-7.164685743653512,-7.416277727491588,2
-3.7219380273925315,8.261650562821517,0
-2.1926714222488224,8.869216460392733,0
-2.7010740102739,7.580975467297683,0
-1.7876837754476802,9.350112164617018,0
-4.664225551973859,-8.63177892017785,2
-3.3659661077269454,9.87316030023256,0
5.001008605460954,5.8756943552113245,1
-7.18841633747178,-7.999977113086305,2
-1.889045268217199,11.82947984703542,0
-1.0327140253378746,8.693302861860058,0
-1.5879475729876122,10.15054769326928,0
4.862880022031269,1.467540727263673,1
7.231193591379169,2.6276551884517803,1
-5.177277996409169,11.258352595432097,0
-8.058606240103744,-8.95167649800661,2
-3.2157550814802343,9.362361034234777,0
-8.76987433891014,-7.8046517053351625,2
-5.981435606808405,-5.877598860198825,2
-2.8676196933523648,7.652940635135925,0
-0.041746052800824884,8.640732068863754,0
-2.0107266050833625,7.891556323363491,0
5.167051147540476,3.578395041415373,1
-6.959308170677588,-5.044756269648005,2
-2.7598747435280315,9.234356657848306,0
-8.07968503774774,-6.975396455198979,2
5.020488328469962,2.674709441588882,1
-4.50881616129871,-8.402750881017749,2
-7.05477606484414,-7.833446355382552,2
0.5850303967292456,2.989982663237093,1
-5.651460725518979,-4.573211715657117,2
3.508931952928087,1.5521570686405708,1
3.767357465305136,0.4510345879014317,1
2.5071628361153357,4.225170161873962,1
-2.359720575421288,8.259072647024023,0
3.90660470354869,0.2937435340072152,1
2.5304026407203506,1.8485113249976899,1
-5.694069347073703,-6.370032651422611,2
3.5379914710310274,0.7577910284191605,1
3.6362697282382266,3.533026715034847,1
-7.9933535399588465,-7.608068346327749,2
3.681436214693848,-0.01146500617051549,1
5.124497745902145,1.5946394307513005,1
-1.966743585481299,8.046606496290636,0
-0.9654641670642847,9.723182351817886,0
5.753021894242062,2.42210855455047,1
-4.683361333022614,-5.384821433077235,2
-6.485785197648383,-6.58972472622463,2
-7.578335544828514,-7.106366160625989,2
-8.696385085072443,-5.78396341467616,2
-7.584690412790522,-6.481292248797874,2
5.25460682162087,1.6112832020129182,1
-6.8788352528663745,-5.978299469882274,2
-1.4014977530596346,9.271338549983277,0
-2.4218845453837505,7.299830681452387,0
3.8120916173894313,5.810468612443111,1
-3.3188371435167925,7.846829040094852,0
-8.510496099445474,-8.508847286603725,2
-10.236974041138728,-10.061159822228547,2
-6.720785511478419,-6.003490122567221,2
4.5158578074640525,1.7905484213658067,1
2.8850035826626694,-2.335223635981742,1
-0.16091157920123944,8.91566073658884,0
-7.823522281690453,-4.579518028401198,2
-6.156253762130285,-8.736603226766894,2
4.532476947107005,1.9173363291759695,1
4.9114111742836615,0.02792176200696206,1
-5.512583107889188,-6.721478906368726,2
3.9150991427790403,4.334149828875781,1
-1.2761073830610152,11.859475602179243,0
3.103598599734294,4.754308533442014,1
-3.169264353098226,9.210396994127459,0
-7.668998975927401,-4.797602925963275,2
-5.87033533720104,-5.992388392663879,2
-7.544193222843994,-7.5993490443748115,2
-3.899593330419875,8.924998094105622,0
-7.673093753247293,-8.464946057416325,2
4.976556564068059,3.543817137858964,1
4.300160498375812,2.5242179441649992,1
4.796180492155916,1.8792799920914485,1
-9.015562919826488,-7.280088087127568,2
-9.834782917719023,-5.541213585826982,2
-2.188057006857444,7.14567796013034,0
-5.384771425282099,-7.579852662118244,2
-0.7166276796654865,6.72950577102266,0
-1.4266895269878974,7.320708471372478,0
-8.517528041744239,-5.5447383420211835,2
-2.838705454809018,9.549954985465941,0
5.73883895205147,1.8520948137778586,1
-2.5338319671618783,10.796876038370447,0
-8.574932778162156,-3.262594579908315,2
6.878911689667384,1.5664842823768788,1
-1.5973528584779415,9.29419981293286,0
-10.19742005814553,-4.579959041331458,2
-2.3650164576412753,8.320873195140758,0
-4.429841651797175,11.646477401174868,0
4.534130669139465,2.7029221496800346,1
-6.035305900889738,-8.199831123529028,2
-3.894047492219107,6.9867592197738215,0
-8.517178505360242,-7.460759146987548,2
-6.315012902004995,-8.233186924812212,2
-2.5015274380890586,8.662405428135601,0
-7.070950871717572,-4.613377197904925,2
5.295286090847626,3.759139096120244,1
-2.608317321023725,7.197761828554636,0
5.23871352013602,2.9439635934948436,1
4.924251261126217,3.4747388227914437,1
-2.855599418365767,10.058595675418449,0
6.188698142740588,3.663227389182107,1
-4.512450104807993,-5.401935064853119,2
-0.43595913649645945,9.987350959582786,0
4.696884053480402,2.153216674018124,1
-4.6812184736771165,5.716077193268198,0
6.615551437237899,1.796066893454114,1
3.737827370301281,2.4528425851545377,1
3.460894645466177,-0.023679746395935064,1
-3.5245806235116883,9.931800561459623,0
4.369158965842163,6.7628310357080235,1
6.140752313292569,0.9672393703257647,1
5.623730001022743,2.2652739760188942,1
-6.165090537116941,-6.121904354526007,2
2.217181112369837,3.720278715626489,1
0.8444475521086066,1.5441633511205657,1
1.4570964877152095,1.0614367032990832,1
6.223964049827179,2.3080280551344714,1
-3.2043241622714436,8.315691497842936,0
4.6821505722817935,1.9594911889744266,1
-7.26389681989434,-7.242355762082115,2
-3.339671581073523,7.217469289315049,0
-6.266716229598619,-7.341822299984273,2
5.137849332081624,2.2589192036093317,1
-6.841544560337655,-9.75961932757243,2
-4.835192769651949,9.117130590407363,0
-9.694456250214081,-5.950542424326742,2
-3.1876571019263653,5.378467138254886,0
-1.9389008465438053,9.930164746124056,0
1.8271201317594845,2.145708802661858,1
-1.136094446499639,9.507412792687848,0
-6.046358221637898,-8.258139360505089,2
4.489647721508172,1.6676590586752833,1
-2.677689697588995,8.682831728898487,0
-5.610360773112565,8.880606068929138,0
5.283103586723961,3.0128280948354482,1
4.483205008421894,1.7199370991557161,1
4.157426259402028,5.088291659281993,1
-1.0781949778129467,9.991373005157019,0
-6.952972966362428,-8.98789436348131,2
-4.386506759338417,11.17993303430821,0
4.000342441919786,3.695838247735864,1
-5.987082992397923,-7.716244172938429,2
-2.871051709837245,9.542369222969766,0
-3.1842958302716156,9.94856102671957,0
-0.3387307965221509,9.309118292965683,0
4.091896509259938,2.2501901427380946,1
4.927952510963149,1.5094949876369799,1
6.420957913575228,5.857515146968653,1
-0.4050061566486014,6.9115095340099,0
-6.387895431886642,-5.493704383969202,2
4.081568672121522,3.6062926134970112,1
2.5555201360827073,-0.4949284364946056,1
-10.537852928565915,-7.081528336555403,2
5.366978062169814,0.7036347014544218,1
5.840493124069624,3.1046066786610935,1
-0.8987499982630922,7.474513179081731,0
3.284326045132909,2.4597086065231366,1
-2.466080388650524,10.931963922109269,0
-0.33248221136018774,10.453192367326132,0
-8.034621290447456,-8.824284589650787,2
2.3050059882384746,1.3309969424918633,1
-2.536967327041335,8.581298169818114,0
6.716288063993879,2.8190333640192713,1
-3.9712201283937323,10.194913033812,0
5.982668666269699,2.9259273864636866,1
-8.932099749400486,-3.8991955944297345,2
8.118873146200642,2.5631464430322897,1
-2.0188065624065064,8.685635334985026,0
-6.858217589396619,-8.311018722370914,2
0.7067185109352385,9.965164661675338,0
5.788999253805137,3.8135695197671935,1
-7.053970755834207,-6.558039818520157,2
4.193533581188113,4.036729903908161,1
-1.6885515512976932,8.710997149547481,0
-1.222708188249721,8.77437833325318,0
-1.1056800333315584,10.921618770689559,0
5.648739388032198,4.822992586283555,1
-3.8908541613990923,-8.030094474950968,2
-7.16330777731682,-5.497634425389258,2
6.399565792608064,2.527632972237873,1
-6.30014221443393,-7.186816424755129,2
-7.417137419183104,-7.851422301728685,2
-5.85654909258234,-4.649240360272056,2
7.0900261346797455,0.2536515944127,1
-4.750222684380814,-7.780744941884004,2
-2.5833931875314,10.026515366448226,0
-6.930046038206839,-6.197998225064245,2
3.577268685862407,-0.2974019049785088,1
5.830111917056421,-0.6496282759165393,1
3.6745540877519085,3.518110910312474,1
-7.214430573103478,-4.645314435372823,2
-1.0641334291862674,9.63345751860307,0
-11.000884455239122,-7.629704857503393,2
-1.5411336986750288,11.067233464496844,0
-6.845928351933201,-6.059430920513131,2
5.103128355126547,4.526492100893589,1
-8.125293800986118,-6.0963384353773105,2
4.603346947836627,5.1865752218585275,1
-3.4283806587793295,8.432733788294346,0
3.458203208365743,1.041898286564058,1
-5.969542602446996,-7.154904521356529,2
1.9382922349989928,1.1591589843396994,1
-4.5757016749883865,7.607548568325638,0
-4.246413643678035,-4.520580005453662,2
-6.216664373243685,7.818943244992607,0
4.28148068747356,1.4229330662187007,1
-5.398625416267617,-6.99403612873973,2
-9.54398004049875,-6.26713037605494,2
-6.378362565283924,-7.11299816651307,2
5.530213919649395,-2.437413268055688,1
-2.4815467234546604,9.535658686240827,0
-0.06627430469581252,6.944133940875984,0
-7.004784145836811,-9.054577422823742,2
5.124630407505274,1.751765804492729,1
-3.0128746719879427,11.51781841613241,0
-5.070635416331046,-5.71399856412918,2
-3.4496482097344012,11.732958965193715,0
-8.132341543596304,-3.7458015107337865,2
-10.723127679344236,-7.1666512371762,2
1.3508420818220404,9.103113779220054,0
-1.0835618657736747,8.148930644704716,0
3.156992175501725,0.3177857081170756,1
-6.908517760752862,-7.274445837088348,2
4.273643883292128,3.419300436373268,1
-2.877279797057056,7.883681881662087,0
-1.3304973850765018,9.652472470875768,0
-7.034509331374841,-9.344892810007197,2
5.376341263685479,3.0754863630154583,1
6.134279065398811,1.2325348091987633,1
-6.583688792704461,-6.41314658311162,2
-3.668435444859108,8.659058218088308,0
-8.887535890736142,-5.840731658728529,2
4.611815701559255,1.3903920043074032,1
-7.683329385729717,-9.441146529665367,2
3.0042802200638326,4.089568253560137,1
-6.224519363551006,-6.2736674608334,2
-2.6324243906416034,10.690229875580513,0
5.205529427081381,1.9292754634132645,1
-2.472432361664336,9.761283565066496,0
4.4388530862187245,1.9952019760345276,1
5.560155795323727,0.43898083614312355,1
-4.578176465074542,7.917891068285443,0
3.938327034260264,2.492925506536806,1
-4.115536370144419,9.7379947510631,0
-2.603216268962508,10.446999608950179,0
-7.791440082164997,-7.688793647999415,2
3.8205121638493775,2.5608756920445517,1
-7.442421761637176,-7.356682238410298,2
-2.0229480943200873,8.819071546646795,0
-0.5927002793701128,8.126929044944577,0
-5.0617112130716695,-6.488233796425162,2
4.302594863515983,0.9981658127055424,1
-7.921696887784858,-7.494033250445603,2
-6.9267859467134345,-8.15275254456217,2
-1.2025105679052117,8.52525082994656,0
-5.54929610600532,-7.511252283797527,2
-2.4256102546197083,10.655573405904745,0
-6.789728245751777,-6.4640441863386595,2
-6.423899297743956,-5.797765835586731,2
-2.5013320734754756,9.084757018845435,0
-3.694909306220718,9.721488663902315,0
-2.1334583475339355,9.533958442443785,0
-3.5292347054204862,9.362666673939827,0
7.148737416484656,2.6016981979897995,1
2.8713191494883974,3.7546887666330777,1
2.582027121831067,-0.4471724128743797,1
3.1823937344161726,-0.09625756324266366,1
6.605341955407514,4.066695400125666,1
-2.4667200588570584,9.05892033744194,0
-5.903952052347061,-9.134730045915674,2
-3.17847277287492,6.179975031780025,0
-6.753887249257229,-4.764420875470691,2
-7.171673135326293,-6.976391858938693,2
3.6709325675412985,0.7743816739653515,1
4.75302929458049,-0.4297790339050209,1
4.389196265548484,2.3970396096731816,1
-1.757821841616179,7.547953261000495,0
5.596955488389237,2.7244363963574174,1
-7.832670774389714,-8.664609581911488,2
4.266842146952781,4.384188047970721,1
-8.227803263635963,-8.875580031884432,2
-9.210265340175367,-5.653275106238404,2
-2.9821014900132687,10.152739958938223,0
-2.249426234275977,9.592262197791577,0
-7.4190716998299635,-6.428448584488334,2
3.7935074382420186,2.2499966387362873,1
-6.603875416667513,-2.840559097305202,2
-7.376589765926254,-7.798464695037572,2
1.3808745172070473,3.2443021996663646,1
-7.734376583509408,-6.385846489916433,2
-7.593958501468259,-5.568525822206855,2
-5.5340278958205715,-4.967797031357863,2
3.6377431557635282,3.461233208245516,1
-6.741998464478711,-6.5017489986359305,2
6.0940646370182066,2.613961226748259,1
-7.705432465388645,-8.711178232147184,2
-4.950511279877494,9.086413548190395,0
-3.822625003129886,6.940086531751818,0
-4.9204224748945915,9.291236915996778,0
-2.821380998588663,8.274784726210072,0
-1.9524788129957868,8.108308348124591,0
-2.8826438457713603,10.471642554629854,0
-9.176288444984854,-6.108727459249194,2
-1.2710730995707054,10.23455058219928,0
0.8089971338751694,3.3746495507996426,1
5.618363153848231,-0.39141855153564187,1
7.060445739816072,2.6534711362117016,1
-1.996563659387011,11.82854238702215,0
-7.433542900020575,-6.66502689226257,2
-6.128628609079455,-6.805449062504507,2
-2.214415868500545,10.07779176458109,0
-2.558327528376748,8.199148971497674,0
4.959673778584635,0.8452156863325033,1
3.031670318249691,-2.4088560413011795,1
-3.325771709840524,9.180670012763121,0
-4.727076991722512,10.729917193008715,0
2.795554444549476,2.7182185187955143,1
-6.264982997212024,-8.171741458536303,2
-2.1193734316801147,10.187020435864287,0
-3.2001557794924316,10.599969467526694,0
-6.1300995256968696,-6.172106186897035,2
6.13689400101758,-2.3712133833498017,1
-0.625563434692469,7.672375174869066,0
5.590544157626249,2.5938683301179792,1
4.8807398078028985,1.9777387141708538,1
-3.8612215226001223,-5.344545274115474,2
-2.419752068172489,8.04388096163996,0
-5.880740813069578,-6.247729677354263,2
3.434366984273505,4.431844892106833,1
3.7314555266228053,4.712184254261136,1
-8.055275689530864,-7.915921171750336,2
2.6191894019335566,0.5157486261747546,1
-2.5694345490192654,6.86812347502125,0
-7.4353893390363135,-8.988460122043909,2
5.477369205010685,2.0871777710593493,1
5.190809806330113,4.730445199133416,1
4.736590458443282,-0.990030165590075,1
-2.8357194278935807,10.662451406179107,0
5.323710494350513,5.2206732012923585,1
4.762622874049449,1.824835204154018,1
-4.130792614452596,9.938189538614717,0
-7.373798870671907,-5.782303536843504,2
-7.97606160472448,-5.743226818390517,2
-9.156437811172484,-7.415653394485861,2
4.610422137838079,2.8019046155664538,1
5.748094557559356,2.896220909960312,1
-4.9571614986456165,-6.04357300218826,2
-6.58708971510908,-8.017532696607333,2
1.67092912066442,3.0950350681170327,1
6.302153061334376,0.4133107932524358,1
-7.762927431259314,-8.136003239850497,2
-2.891663449184033,11.270275611072353,0
7.875841156126357,1.0645972994357245,1
-3.1756375131669174,9.5802368677656,0
4.2516847422274475,4.3711404396978075,1
-8.230558293123073,-5.922521704863372,2
3.974955459440836,0.6459656129003806,1
-3.227958979820685,8.735797663202597,0
-2.175996965602181,8.296163195703105,0
-6.363945368826442,-6.953088120631623,2
-4.984067174669267,-8.14958355947455,2
-6.990548539563859,-7.55759880751538,2
-3.5821531869427026,10.033682751600335,0
-2.9140100259928072,7.546140554524861,0
-8.267764130240652,-6.497033959764471,2
4.569497967909325,2.688730924775414,1
-8.095913457966777,-8.766476381647871,2
-8.554413851074258,-5.026392163265538,2
2.100443614935023,1.8256602437486071,1
-1.1231570942423987,8.736932923533837,0
-7.406748544721869,-4.534989555027784,2
-6.240796381861717,-6.851387927152318,2
-2.751126190551764,9.620362413420128,0
-7.619311424750928,-4.714661588072725,2
-7.789677633299215,-6.5631840548567375,2
-7.775892483188732,-4.746554800728186,2
-1.5706966014052408,7.728549793573897,0
-4.04104684874882,10.076820799147352,0
-8.404651884016015,-7.246230303787248,2
-5.860913027993977,-7.333177842510743,2
-6.4361904580306275,-9.155073417407134,2
-6.632485929296495,-6.8037780404919195,2
-7.244703160213797,-7.329866887688268,2
-2.3637036755636727,9.907021666353693,0
-5.632091734878333,11.55897068063338,0
5.493353455006014,4.415764618633539,1
-6.900383810292626,-7.914701254372208,2
-3.888333974403455,11.33918773572463,0
-5.556127597666157,-7.558245092525567,2
5.8312758556608415,0.09173554918685789,1
3.207194967204072,2.6085682823309235,1
-2.913307874719587,10.090599511892265,0
3.5365839223434516,3.827309446756388,1
-1.6443621784691005,9.481161360013626,0
6.298167735665077,3.753715142281302,1
6.434736088724838,1.735375324400277,1
-6.44133809866171,-7.1611031208855085,2
-6.328153251664138,-10.030149354753384,2
3.2367207831612084,3.6021428582032806,1
-0.11941768309365486,8.247462613551544,0
-3.05064687178137,10.753280833244693,0
-7.616357811864427,-7.3074228333304525,2
5.464956984764929,0.5206530016452791,1
-3.7425282164023974,9.37981694543619,0
-5.023469989125061,-7.566062075906132,2
-1.8434684808334074,10.176237208342327,0
-5.92650014583743,-8.738997185556155,2
-7.695798194322559,-7.124298952384388,2
-7.3205776126475435,-6.987508471063047,2
-2.3715564582494966,6.032932756296982,0
-2.025119782545616,7.773439712869838,0
-0.608830899272816,7.9527819297701505,0
5.90080887598493,2.793270036242801,1
4.507334397420099,1.4181531391175404,1
-1.560024823893323,12.420325414904916,0
5.040967307335956,2.4557163932347525,1
-6.750787681711275,-10.20906015239725,2
-7.943996973275029,-8.767866959288948,2
-6.877818978107934,-8.105742539878232,2
-5.641979794149818,-8.180804916842296,2
3.746386895162863,4.034826823696958,1
-2.9217751687802163,5.5614043810949445,0
3.6746014906578868,3.364929876062588,1
3.846953813603466,2.8527157120733717,1
-3.9730075025187492,10.59474882311008,0
-2.529443460159651,7.427719734764471,0
-4.653453148347323,-6.346689570097457,2
0.3138391216598002,11.032416197430788,0
3.3086405695249512,1.3169822334556165,1
4.705282505786782,4.515746244586861,1
-5.28931232990295,-2.74061953490933,2
4.176065220653307,0.8449350755548573,1
-2.4408398631970294,8.036885606789596,0
-9.338853434939422,-7.468816252367256,2
-5.727316366203664,-6.557014835091515,2
5.488143304675417,-0.6679744547929944,1
-1.7327090923490656,7.9256704084681235,0
5.064810643547315,1.584812223384616,1
-5.353134990886017,-6.472866627037474,2
3.9419131510580216,1.8142471524845285,1
-5.799990277928997,-8.820019030082692,2
6.891018522179568,3.2485022971109716,1
6.268558323637122,2.120144414147075,1
-9.468337284337165,-7.89645657177943,2
-6.505664297688677,-5.312476882148816,2
-7.717079822070316,-8.530340942733488,2
-6.926215590457623,-8.244634718748697,2
4.458456613316429,2.6024683498012737,1
0.2642365193652676,10.704133672519959,0
-4.607048983781462,9.858739983234178,0
-2.168007721146556,10.975000259621964,0
-3.5237860761416546,11.715696777564546,0
-5.088463086580211,-8.35185788998547,2
6.423248893440066,3.035625454742328,1
-8.898433576361093,-8.108996382858193,2
-4.74550498700136,-5.4907864899135586,2
2.58956078860497,1.6360215811017067,1
-6.252029859818244,-4.777711703856303,2
-2.561265277610615,7.261269071769023,0
-4.130791625932467,-5.6588819500985466,2
-3.7793882001553576,6.742015291169524,0
7.491664864857612,1.8821784632188008,1
-2.898584650098157,6.759571698521162,0
-8.507352980987967,-8.11822538824438,2
-4.027354185943001,6.532001120399667,0
4.610749427396502,1.5184000096893189,1
4.865507193943466,2.5206111876400703,1
-3.2395524616329867,-6.230669855234902,2
-6.619614694595658,-6.514179796413196,2
-10.785947976091972,-6.581687373081205,2
7.131767658049906,1.2875252990613242,1
3.526172957681029,-0.006864082890326806,1
-6.156527100148191,-6.3270098722996675,2
-5.955970466494557,-5.074282937522723,2
-2.259519310733166,9.752963024210546,0
-8.514076747164852,-8.057252455467502,2
-8.575550193557559,-5.946042757425544,2
5.473285535233274,2.107540705823605,1
-5.415902112134207,-5.502427927362326,2
-1.6195457361001746,8.549966469227336,0
-7.893189309893688,-6.82888096704391,2
-5.902344204142011,-8.586638098913172,2
-8.373350283336613,-5.903405230540461,2
-3.2607040587318963,-5.703203161428911,2
0.5819242642702305,11.647297391863129,0
-6.458672584416066,-4.242178866983247,2
-3.799817670978679,8.437452811853584,0
-0.140378399791663,10.165438221927685,0
-2.204813091775801,6.740669955702474,0
-7.563808432362553,-6.607969663104989,2
-3.2851302982033084,11.128307288476691,0
-0.3784412510679678,8.158166687574107,0
-2.669743162984587,7.461422644569261,0
4.507455763701219,5.84273369042221,1
-1.2753802548979667,7.183020653241789,0
-2.2120704819009678,8.797745510312408,0
-8.428413046442579,-6.283219018355734,2
2.981321833499198,1.650788138507629,1
-2.4079053160208646,6.877163848878136,0
4.161297932728174,0.7791308987354983,1
-6.3581124658437655,-7.610952439446275,2
-0.6400698343063067,5.904200779586097,0
-6.639599852372089,-6.127435489024629,2
-4.271350163371273,-7.361973742452814,2
4.941527406300553,3.54915127795215,1
-4.548981834522629,10.133666477239153,0
4.975750037325094,4.019380328901498,1
6.5924907703262985,4.3154364790310105,1
-2.5377219349067834,7.510492081241608,0
-4.342389336390668,10.083783773456904,0
-8.284386753335664,-7.881778927979276,2
3.658765311536966,-0.7727796613439533,1
-1.2889217969982456,7.167989653547389,0
-1.28990444479431,9.95872939108374,0
-3.565713158866889,6.901594183652982,0
-2.4559855531881825,-5.013090222170766,2
-4.1731050264711556,-7.166465280866895,2
5.1361991845497865,3.223463126354119,1
-5.110039378610205,-6.58894814684591,2
7.1657703734149045,1.284843289637322,1
-6.4388152791873665,10.247139884761157,0
-6.051177284631986,-5.941663192806946,2
6.59638920054533,-0.5205682981127797,1
-3.2959780224724105,9.748347970040198,0
-2.62084776670282,9.945294274524338,0
-3.843162756220991,-8.924870600165162,2
-6.72684274825829,-4.556579366033166,2
1.9351693218441839,-0.40303423056750276,1
-8.024556347419143,-6.8232028401045435,2
4.387663108350917,1.2650338173950408,1
-5.3873544460013125,8.974515315024496,0
-4.271277695454902,-5.4118225171032535,2
-2.681007390931677,10.871010596158515,0
6.57450796735222,2.9829417108456697,1
-5.536594045007371,-7.827476187023944,2
-8.107270190064272,-4.581558006258772,2
2.82533672196644,2.8730627789350387,1
5.685310442994204,1.4724404493067171,1
-3.486951784755989,9.085384135172943,0
-2.774618464293824,7.816840261390641,0
4.473039744205051,0.6173082217435475,1
-2.6723378457380367,9.616853711346733,0
4.3952783903124555,0.8558157167310583,1
-6.771571899225653,-7.198423048127674,2
-3.139477848696536,8.59160921490756,0
4.8192493888493315,0.5135662726183987,1
-5.203528967297579,-4.707360748436557,2
5.70405656193666,1.319940128085967,1
5.535978941002888,3.0249287974070795,1
-2.0941614240577215,10.255061001752358,0
-7.500035491283737,-4.048578107265661,2
-7.181864492072547,-6.889891566120133,2
-0.9626983393088238,10.41120630687262,0
-3.7577309827090932,9.721409462777928,0
-0.7644519948203108,9.029635719727702,0
-8.253915064373134,-8.127842905621614,2
5.294718542464603,3.329071945570025,1
-2.2225490210228953,9.083940950432545,0
-4.605036108270911,-5.976932112687221,2
4.19745431879006,3.8447827929513325,1
-1.9725165825303252,9.855462917750673,0
-5.078899416689066,11.04509468944644,0
3.116146107760506,2.0656894587126895,1
-4.369449055703464,-4.8694180155904245,2
2.8489913266295184,2.187584326086292,1
-3.372654362409411,9.197300850166364,0
7.733666215092819,0.3718703125593228,1
-1.8968184894810425,6.460410721841561,0
-1.200716667971733,9.28929913680585,0
6.300499840158561,1.7925979380103345,1
4.892860844178193,2.6360806582948455,1
5.101954645484255,1.3856968328080455,1
-9.290966987704731,-8.024196761125268,2
4.380459746342967,4.540732404154247,1
-8.828999046542666,-5.6355109664571845,2
-3.50313326147152,9.87018413108806,0
-0.7575245305630391,9.39591739315014,0
-3.5868639549314043,8.694115400630551,0
-4.885051858281335,10.154908112414768,0
-7.634089346978285,-6.484878770279357,2
3.7365607456854306,2.6763310680532677,1
-1.6435894322819402,8.709718049133832,0
-3.501877320205332,10.292936130392658,0
-6.483597069150765,-4.971579343115795,2
3.985300000438248,1.8087549780519858,1
-0.7720313128026484,10.201780169142726,0
3.627111423766529,1.7563916778674553,1
-5.946522205692197,-4.886709613972832,2
-6.958233867017475,-4.32395131889271,2
5.702200471112937,2.3229938808359845,1
-8.26241691083924,-8.386045651398195,2
-0.5509794123212566,9.04579189064746,0
7.751002840853062,0.5940927965610969,1
-3.9149663143780415,-9.226472010842524,2
-3.5587858850416287,9.335255994299654,0
-1.9671042147901292,11.321340977897275,0
-6.044797504350633,-8.883331946925784,2
3.0593552075085704,0.37146530157194224,1
-3.054615941373534,8.92886769261672,0
5.410278996082676,1.1741184244478649,1
-8.392459217265582,-9.824048130784815,2
-1.7366447222397605,9.784965054566635,0
-6.667741481020075,-10.075959312986747,2
4.827715590199962,1.3290613722528526,1
4.3197145298327895,4.2092588892156595,1
4.307998400849444,1.557949734107351,1
-10.010167719054373,-7.757036189261746,2
-7.076836084658772,-5.641038836113687,2
-7.957875772564366,-5.762601623960025,2
3.4125805110946406,1.968107997824304,1
6.465616617466346,4.255143761824409,1
-5.744444171170797,-5.961406402255543,2
-1.6232153770142863,10.677341499072684,0
-1.447569719869537,8.17058596435692,0
-2.3601991649089116,10.141366813256004,0
-8.748203255820847,-6.797708426776174,2
-2.6521409216331784,9.43281841685383,0
-3.374354618905249,10.147372966936956,0
5.329837050636776,0.9565966293125729,1
-3.794811843906958,-8.57644224626482,2
4.096217424123403,0.2936648420015162,1
-5.4969249381853915,-6.156077762462128,2
-3.2799979990577905,7.425465845364894,0
-1.2556594549550375,7.319725846211894,0
0.9627902269575128,6.2133883393107,0
-3.684077561557106,8.531193853889809,0
-1.4417753059194154,7.327322990441518,0
7.058209778611237,3.31842865773903,1
6.064210039390087,-0.2541772687341233,1
4.251315617497046,1.6786449103132646,1
6.069566404292232,2.7427978140866713,1
-3.9596618377465695,8.942719093985351,0
-0.29235655594047616,8.236880800787851,0
-7.329142163161451,-6.955416518838564,2
-8.11325708972457,-5.19856359228924,2
-6.064408123146131,-6.580393942697876,2
-6.378837241298468,-4.733059420529171,2
-6.972273490941464,-6.160947316146851,2
-2.617212805423251,10.519585475036358,0
-6.83043169803389,-8.017852595326051,2
-6.938588122592717,-7.081854769878546,2
-5.3086506312190975,-5.125724604634287,2
-7.956505527272673,-7.225896531046323,2
-6.765694289277139,-5.766085965736363,2
-4.525873389604166,7.636308208472024,0
-5.806555217989404,-5.8028310047140454,2
-1.4862681661103043,8.548885993308138,0
-5.567851579952486,-7.854757433548347,2
-3.7967342933245707,10.064750947311808,0
-9.163165970478108,-5.211077030791059,2
5.731323151683571,2.051088512651681,1
-8.400471119590076,-6.751578851170908,2
-8.307504881184624,-6.763888815497653,2
6.459525386196876,2.185745054400589,1
6.910053451091298,2.919387210772898,1
-1.2636938982363817,7.730160389335021,0
3.940824083425738,-0.41888491695946106,1
-5.481339844760693,-7.2349425241043654,2
-7.410688257562806,-7.740512252621298,2
-5.695041209517461,8.22565359567718,0
-6.257328940608405,-6.185176798098787,2
-1.7301778516909918,11.313394497702188,0
-6.568726197052854,-6.776093087721571,2
-4.364623689369873,7.033601208571907,0
4.763538465629856,-0.21315756525666396,1
-7.7681611246293505,-6.6947880493425735,2
3.7690936615210173,2.8560372905716465,1
6.214207909207104,1.17031686659988,1
-7.276399453117186,-9.885903139886077,2
4.630772468918261,3.230905845618195,1
2.8012303417245894,-0.22339263637399842,1
-6.746640804709114,-6.584136032167553,2
5.807420450478058,1.146391109447932,1
4.253814030093084,-0.5297064268756522,1
2.884709297139062,-0.7298009724292975,1
3.0462885440077816,2.615630329752205,1
-7.503918798479151,-8.575213601836483,2
-5.289722615081337,-5.9546006689109,2
-7.523493821599263,-5.997279688619867,2
-9.610532141974046,-6.475023555688813,2
-1.2583143912293941,9.703056247040976,0
-9.648908984508411,-8.274375883564561,2
5.4446436015837065,0.625467711254176,1
-3.5784662970684966,9.173931469736166,0
-2.141747766389666,8.253871365141627,0
6.497303443378555,2.0050770490448246,1
-5.941365165904717,-5.55226236879246,2
-6.052412778291985,-6.369225768675202,2
6.257900086375045,1.915406979689671,1
-6.220375345220931,-5.711704838007775,2
4.879663424224202,0.4316569725517949,1
-2.9061828729096844,13.094539878082749,0
-2.8778122191816666,8.605200773576815,0
-3.4658075994297244,8.217790695695594,0
3.662751830806429,1.2473409328592497,1
-2.3931451615813226,7.722359826205926,0
-4.065066854542435,8.72877811107291,0
3.607653318461516,5.351823391957195,1
-2.173058900337125,9.033174729371014,0
-5.831384560847468,-6.248650176691862,2
4.159357873936621,2.609418603543607,1
-6.869032453209005,-7.870591302486117,2
-2.0474949697146614,6.449033539213383,0
-5.064271282085482,8.930964579853393,0
-7.906571929791276,-5.694171194531794,2
-0.771304254541644,7.783262650670756,0
-7.088796604672769,-7.5553934905530635,2
-3.1789700511532817,10.29888431968353,0
-1.4618626526323653,9.604514206330945,0
-4.015408773180852,7.8625897805421285,0
4.384601902440709,1.2933276099498192,1
5.043569248095762,1.4583812706946162,1
-2.3793129418434003,8.780770275110202,0
2.2835646081253524,0.2830184805760241,1
-7.610431572943661,-7.407991570000711,2
6.014370348281823,2.492902397787721,1
-3.0232290141732734,8.457124829204634,0
2.296060050898287,1.1795906679212897,1
-8.314281756378284,-6.17150017645538,2
-7.143408797799377,-4.387904344683919,2
-2.143496552395952,8.168168182093229,0
6.185304017275865,2.331353422480502,1
-5.768390673021081,-7.6499299429833245,2
-5.565557002356579,-4.671103579649474,2
4.116900634616313,1.4492831274630888,1
-5.047894567624979,11.308611607389242,0
-0.010985956358885218,10.535841225725518,0
6.175972624945295,2.8619601077425068,1
5.212782014575431,2.6182321547273366,1
-0.41016446817374685,10.401236652567475,0
4.904541169143939,1.4226279253157486,1
-9.435434571391347,-8.266808575470279,2
-0.2556620449087079,9.125428298827984,0
1.2812010157576825,8.217982968817841,0
-3.2932821538313095,10.587799966953655,0
-4.838639297393294,-8.843340191954615,2
3.001409689219233,1.498557009398529,1
-5.176196970376854,-8.539549861893398,2
-3.871233736334567,6.895830576195385,0
1.1594303463724893,9.208117901161163,0
-8.906238740463301,-8.863796528391301,2
-2.0695889131047283,7.94275900115877,0
-3.6540863578665252,6.306962977201543,0
-6.6168100627885025,-2.4022210893708316,2
-6.288931243826893,-9.771618462294361,2
-6.321468982240976,-6.296370799774054,2
-7.222527064161298,-8.371633655188715,2
-3.6979787307018013,8.842181465997973,0
-6.077401186632405,-5.036638839542354,2
3.5868913045179682,0.9788183076143098,1
-7.159971428394248,-9.325819458848656,2
2.382798275181598,3.113253629475136,1
-6.856199690226865,-5.526693832595976,2
4.713168941716658,2.0340572207465555,1
4.359162438721278,3.4517646774605266,1
-2.0650172074558863,9.405869036468156,0
-5.704541427227377,-7.2574179223426905,2
5.448012824897655,0.5921592943216827,1
5.121914659403511,2.606050815293659,1
2.788355528408218,1.0844732952113907,1
6.268722184975468,2.685217033260661,1
7.09982563028519,3.0863609205485703,1
3.2488491349422404,2.3307231580429097,1
-7.70396289501414,-5.590727762806244,2
-5.83940882328028,-7.468128553154641,2
6.5384405975251525,0.6739074116189807,1
-2.912530658884996,7.354497265085816,0
-9.291118731828359,-6.60299872493236,2
-4.53147575621132,10.129182269232395,0
-0.9997584092310894,8.148948323913599,0
-1.5513089348866893,6.522006034794882,0
-7.505677411558897,-7.322744464632806,2
5.45930520823365,1.9828030886571386,1
3.722225199870173,1.9176144883681139,1
-6.021541028580054,-6.973396118774913,2
-1.278474351256704,9.775197174859269,0
-3.3696906333731045,8.193997716337734,0
-3.3049493444685414,8.150558767231301,0
6.065340224188465,4.53908974281362,1
6.112527066715493,1.4859226086777984,1
-4.46590187381003,10.018794951443379,0
6.087156285874288,4.396543919263079,1
-3.4464254895962685,9.053422703514572,0
2.3513943643729593,3.8670458390815052,1
-6.6218681814609734,-6.050232763298771,2
3.929119815621727,1.9514912776233133,1
2.268092783179901,3.3157271550549052,1
-1.9561876597433985,8.42427790970728,0
-2.002793629939947,8.39647067901462,0
-3.337532189474207,9.963683854831588,0
-7.230656979811743,-6.180572031606445,2
5.088008198776631,0.8454831087979555,1
3.7015347839638073,2.5668749840968457,1
-0.13983940445668175,8.229996087468418,0
-3.3038379287033086,9.784187277868355,0
3.719774840916692,1.5194651542085396,1
-5.256977099642027,-8.848438383423057,2
3.281280384934173,0.9925201759675022,1
-3.243356786830083,10.58052744380193,0
5.727522516500097,2.7474371146131693,1
-0.7402518469570105,9.115563850313485,0
5.745144681866751,1.551178348263412,1
-2.558888082363446,11.706122923475004,0
5.559039693821956,0.3930463391802479,1
4.772489165665872,4.189464805523625,1
-3.8990355236021084,-7.6765659399938935,2
-8.755238792105846,-5.973336603742896,2
-4.726980608603891,7.934519815606259,0
-2.4044944955677217,8.436315732905681,0
-8.24126146137165,-4.601183707813293,2
-1.2047887428942599,11.047742916405749,0
3.582361052590488,1.8895160674541729,1
-5.009289617849191,-6.973115607324994,2
-3.956582813922907,10.043363318195981,0
7.0582962232110695,3.945541364316803,1
-2.412777594409556,7.397668961304362,0
-2.1228720369686034,8.902617254549071,0
-6.38951004424779,-6.429398053859704,2
-6.980394626225303,-7.953749576942075,2
-7.654271656982628,-7.1748094684180925,2
-7.980887889319014,-6.757116258655606,2
3.4805623344926877,2.583748114627535,1
-2.521156585027676,11.234202336533361,0
-3.2406069591614903,8.36544884646889,0
-0.9215608927783685,6.37617689856365,0
4.092449741913773,0.7143551829322226,1
-3.768780386323914,8.115197160032288,0
-0.060580667155297085,6.869074061257372,0
5.481258008139959,1.5299492068969913,1
-4.1687000840617925,7.219976192077315,0
-5.780889036981566,-6.447024099038412,2
4.440928216654241,0.5113757269347698,1
4.725398523573729,2.3760581022356173,1
-8.423684453424377,-8.909115022041249,2
-1.3226497024881798,7.650204946006213,0
-3.856819630075287,9.75216488545808,0
-7.063690591544856,-6.74005103186097,2
5.797426902200618,-2.299644247004381,1
-5.079508756510978,-7.617963264535255,2
6.424084569615062,0.1317579612352433,1
-6.814355188186071,-6.042900321498188,2
4.600270200789711,2.3934114221701424,1
1.8855707765731564,2.7351566743095477,1
-10.833248799676586,-6.875046333380205,2
7.144735592755211,2.5651769786752037,1
5.4241320682813505,1.1126196780328634,1
6.137345183450042,1.3257392148636593,1
-2.4883036851833307,8.978098497533317,0
-3.198238972363116,7.739519574001134,0
-6.35515212020173,-9.227313750319029,2
3.7966267963606484,1.6593368733239404,1
-5.052688462692933,-7.649904140046041,2
-3.647896615383297,9.239876807912633,0
-3.8434692674910353,7.790570700750164,0
-1.995109603486194,9.699415956928997,0
-7.55464647814499,-4.994385767982087,2
5.839791689141176,-0.45129622871415,1
-2.3635812990306895,10.467253613997656,0
5.4107406107164735,2.242542356850129,1
-7.534706795212164,-6.97930851521468,2
4.598606478652147,4.631547078945348,1
7.156430057342762,1.14278732137874,1
3.836886557297217,1.8373697604844907,1
-3.4264743275406726,6.904294482925988,0
-1.47980733749098,6.595212321413844,0
4.3619473479115385,1.7784386343405927,1
-10.005796600399153,-4.2930646186342845,2
-8.151078084079897,-7.858242926165538,2
4.598922026963203,0.5732677453309378,1
-4.444138972664331,7.071667970102897,0
-5.635414928253647,-7.170848801435152,2
4.491996637801709,2.0014441183580036,1
-2.568530353837733,10.036537174257258,0
-6.732525881842853,-4.936301920481425,2
3.23087574549997,1.7570383503583087,1
-5.575893094567361,-5.549173337375834,2
6.418435068222597,3.051599649938332,1
-4.400523554555318,10.391079048780485,0
-2.64380116448359,11.174461951372532,0
-6.499879334094298,-5.6495935743572625,2
-6.192967891923441,-4.368370943254641,2
-1.7907278844331624,9.514779286128745,0
-5.1930971513455155,-7.381225439745857,2
-2.395490785762161,7.998543560930154,0
3.425473556345632,2.6092612506368664,1
4.326343950299064,0.6973890026267817,1
-1.486360388613283,11.784347116802373,0
5.16582398513844,2.7069503791622274,1
-6.434763873440128,-6.18533240037457,2
-0.1824696597689659,9.18779807963761,0
-5.873906265289451,-8.48789544283618,2
-2.378627020695493,8.56577510249952,0
-6.485652335642268,10.651546406082014,0
-2.7462094709212344,8.373964523277191,0
5.452072928535284,3.111902424394702,1
3.139381849319739,0.9565522281534546,1
4.990557703914223,-0.36067378536470907,1
4.59003385026141,1.6609943980319224,1
-0.7073767398068329,8.402173068665995,0
6.102675280901746,2.7248109388504997,1
-5.607365872151268,-8.72889456542871,2
3.803641158716351,-0.08153478542788495,1
5.38092411565221,2.3641803326765927,1
5.45527906811975,1.417248185811573,1
-7.349214236936001,-6.881172485140915,2
4.414795455679311,2.1615343641480456,1
3.670537871462397,4.636136022855,1
-6.141598919162071,-7.6691618572773175,2
0.8907702639177417,5.409583542826844,1
-1.6289119823523448,12.29996956691329,0
-6.221913582936679,-6.850684606734962,2
4.940732632074516,3.696125708083805,1
7.243824540975975,2.270035859134704,1
6.854689360816945,4.0433067151619095,1
-7.02282356178488,-9.544479093475625,2
4.9097200629583195,4.061173113457631,1
-7.841857554717734,-6.148301165969336,2
-6.88802121939484,-5.876997109887178,2
-1.5730178974745175,9.95680439209474,0
-4.175061391251493,11.642691793333755,0
-8.533065415905906,-5.858070327611525,2
-5.851365582965964,-4.10719634333133,2
-4.429654221059092,10.32297212061854,0
0.7205760632145841,7.8632647838662475,0
-2.075444657191023,12.697236338064663,0
-1.5276491385216635,8.93090912183264,0
5.944980432261232,2.716692515899639,1
-6.179620718202148,-4.598600252536876,2
4.8294482055477195,4.88156318252816,1
-3.5514568409790694,-7.118677408876024,2
-6.8222701987112275,-9.052996715226262,2
-0.9091855886690192,10.768229513866832,0
4.607827894705447,0.8523521652189969,1
-3.9483910405258404,-7.638729649668852,2
-7.866379021929475,-5.598321752676023,2
-9.741338527967358,-8.1706871094452,2
-5.2349233404349444,-7.818625524520265,2
-6.354927154299409,-8.386191488538962,2
-2.3626834752295025,7.854771452415122,0
7.896292912474822,1.7093409652922271,1
1.0954801829153435,0.4585736268758258,1
-7.96223352115715,-6.614878285066849,2
-6.023707695321974,-5.427832602476655,2
-8.946053442282626,-7.7272705995323605,2
-2.1966234111314216,5.951683825561886,0
4.6762080212372386,4.091500517063876,1
-3.177451405153908,11.194362843874874,0
2.697856622646743,3.714409865008511,1
-7.635896937662777,-7.002393602928415,2
7.724189531138585,0.3183571353582073,1
-5.662532359413882,-8.602504526404875,2
5.597974169271878,0.2586623148450067,1
-6.554527587465108,8.932843828421603,0
3.677656443393673,2.6210535009516427,1
3.3868582563384653,5.190893375600814,1
4.442993385589644,2.0884475083788843,1
-2.3451054311454107,10.102936064046359,0
-2.1462542157036992,6.144365761211625,0
-2.8696857202899526,8.452054916873925,0
-6.117224231639385,-0.9907530336214565,2
4.32318347798656,0.492400393213956,1
-7.371098633156359,7.477704666196887,0
-9.679437118192194,-5.368839058520564,2
-9.547508567161046,-6.4006318543974805,2
5.072919280147887,2.363652442097563,1
-0.2245115071482644,9.82265119372531,0
-7.144788435824943,-9.203037041571566,2
-2.195902230545617,6.074780942378658,0
-3.3932447584690673,10.288689273729858,0
-1.2744417471098783,9.124263078980928,0
-4.489547433583713,11.761474276979852,0
-2.8880498501424907,7.142611355251047,0
-5.836320554802604,-5.6064564271612305,2
-8.858497983049421,-7.184580549369432,2
-6.517644288776099,-8.606630718705208,2
-6.751813016700418,-11.366813549627032,2
-6.03271830231087,-8.40960610131412,2
-8.11639843344278,-7.792994178135498,2
-7.310798470251804,-6.449116236671433,2
-7.113474458056271,-7.702540538011848,2
-1.5451134832514344,11.008014923396969,0
-2.514601431688603,7.276739094409507,0
-7.597883375163876,-8.174273239340629,2
6.173734484242562,5.632798293449641,1
-3.9814605996246764,9.707441339593228,0
-8.764387532570154,-5.66030181315398,2
4.3774392011849885,0.839551944701465,1
6.017353745231571,-0.3825812214940334,1
3.6998029993431536,3.2667598925148704,1
-2.074535337708131,12.12738732616648,0
4.840190193401525,1.7444649293699162,1
2.924289525247109,2.1360092426055166,1
-7.676448633062668,-6.154294616493887,2
-2.2426461216528693,7.011269590133169,0
-5.431530964264514,-5.025913510566619,2
-3.7526901394358587,8.174014567902868,0
-1.6333053450638042,8.475347992017733,0
-2.9484375546063077,-8.548060131937191,2
-7.576233584615352,-6.187018253398102,2
5.532010348726031,3.2532930221111935,1
-4.178860418884989,-5.0216900638667905,2
-6.488963796150936,-7.688372377565054,2
3.003429190905304,1.3569482520088547,1
4.687885059826751,0.8430428784214568,1
4.755111672818485,0.04868134765787757,1
-1.9593002539074778,7.604466448707289,0
6.585370656069765,1.9388675904924089,1
4.602338398110385,3.1998191327411627,1
-2.5629366817176775,11.36125161191933,0
-4.797485379439858,7.976424023376455,0
-3.0973598527509867,6.819013706000144,0
-6.8182484280576885,-8.383390776948156,2
4.478925620221758,2.6447450726561486,1
8.606393856753654,-0.2812858086519978,1
-10.673967307692724,-7.325020781880644,2
-5.606980867843343,-10.250443594252854,2
-3.9877866925560657,9.770355901475089,0
4.4470725690697055,-0.8496038843057265,1
-8.53692138074505,-6.549297452755146,2
3.140925487785735,1.216007302098406,1
5.245473971733015,1.9368762743543577,1
-6.113439058359878,-5.334238714839861,2
-1.2650892512775165,5.697583164686494,0
-6.565138068239332,-7.617563871724018,2
-2.012302475947404,10.47760381888186,0
-1.0465180229261235,8.793700055945113,0
-4.102653193641908,9.724674774151094,0
-5.320959510020867,-6.993756023079136,2
4.071187224746871,1.6677991437871893,1
-3.3475803939601327,9.580103940795103,0
0.43789007632183363,9.067181456155915,0
-0.7400374419708196,8.310522650041264,0
4.671069397741213,0.8811652720970304,1
-5.301705764566892,-8.377200534247565,2
-8.563444400517891,-8.256363824797342,2
-6.595067939735676,-7.87308285997086,2
5.572236671012178,1.4187541798752812,1
-3.1609419642012235,8.550527942995362,0
6.728576786324595,1.598099912042303,1
-5.591950516166272,-7.232040448212067,2
-6.184817753002585,-8.930816302966315,2
4.893920072282218,-0.1474020614167384,1
5.568610227735898,5.05941288850828,1
5.96454350194884,1.8564138884215289,1
5.239410763857064,0.9961343432529884,1
-2.8443918010415263,10.085286869336459,0
4.380937886316872,3.2986595901707405,1
4.343871205767112,1.7462597584604644,1
-5.033315421419168,-4.3525881752131825,2
-1.8491759479727516,8.261204791669405,0
-2.103512384382992,8.938928964024615,0
-3.8442178623068113,-6.86990982643595,2
-4.501476696400395,9.309577982002008,0
-2.736875265606125,9.896761937925186,0
-3.4101556579309578,8.576745503508405,0
5.118640601856872,3.983845352975449,1
1.799456835797423,2.2931102450001397,1
-7.457159908720565,-6.305626116164554,2
6.632170049001688,2.8075146980417216,1
-8.303001972388525,-4.259064796402609,2
3.166147745920637,1.6362199589451951,1
-2.4815700542684227,11.528942096611246,0
3.1300649883086398,3.6829875256343003,1
2.9848289269672907,-1.2561662054879923,1
3.4512489547281593,1.5112273894821717,1
-7.835588811694462,-6.192529537948721,2
-1.3737146980847224,7.631038141931883,0
-2.08924468357302,7.326052557250756,0
-4.9188671034391085,9.319481581999156,0
-2.080399536965393,9.51597131317886,0
-0.25410017040202426,10.33032956406183,0
7.238651335455739,5.32011990322968,1
-2.1196138704705274,7.657811190541709,0
3.0422083416150425,1.5153326274087306,1
-4.02342230679176,-4.441171220232851,2
-5.668943296195304,-8.34042889283265,2
-2.317041000686566,7.992708641986001,0
-3.47905694941654,7.391964122776729,0
5.080215734478045,-0.0617030229943758,1
-7.665759788053159,-6.651577285225364,2
-2.4188523081412105,12.70914929692625,0
4.5575378353036715,2.4015007962272175,1
7.44982550055442,3.5932417825127048,1
-3.2216155897941845,8.034292279337754,0
5.946824782413968,-0.04579983642939078,1
-5.013305544734807,9.829326416768223,0
4.399679642878141,2.9801797986164305,1
6.61596993467959,2.2695690909793313,1
-6.9478955591031335,-7.516464093373012,2
6.846634327468514,1.6591841682129327,1
-7.7884184222896105,-4.3010427339650015,2
-6.492998380937144,-8.742750456498383,2
-0.8846207582898347,10.594989206250677,0
-4.632253736128371,8.383318144050284,0
-5.546911503039161,9.293967600352463,0
-4.165667666551605,-7.207178436364507,2
5.7020418512609865,3.408223159132608,1
-3.9332959563006646,12.962859225454409,0
3.6296428998622985,2.391660927276435,1
-6.917988659439262,-9.533723450609624,2
5.63420073922922,3.7333804701687194,1
-8.184121813063312,-5.191957416653793,2
-4.011627637895123,8.59263568886939,0
-5.270508970050218,7.09492067809477,0
-5.347552248007172,-3.747445433971059,2
-6.249485455473508,-5.96983370345244,2
2.8494235885933814,3.351900944355734,1
-5.566384425819531,7.502156661822216,0
-1.2904088894614532,11.048646171054557,0
-8.222646674695806,-7.492260852016278,2
3.7059047936264236,2.265080866796596,1
-9.280983158866043,-8.122855130446316,2
-9.276813718976891,-6.186850594153032,2
-7.699647318032168,-7.287592258765026,2
-4.7882525719837705,8.287935018898944,0
-3.730044507401497,-7.250648144394941,2
5.93058906876772,1.0985535260873243,1
3.9429528902805115,2.274909167749991,1
-7.224326637014061,-8.157219244666416,2
-3.397788509411054,7.718299973678597,0
-3.6047475706284553,9.338974012571283,0
-3.3045840506114113,7.824976879804805,0
-6.943862263118632,-6.7930754910633535,2
4.823325090776527,2.788116727495314,1
0.28946414366438455,9.725035509566002,0
-6.3770401475250935,-6.405875657501779,2
-7.499123924366421,-8.270157056546912,2
4.851208206594907,-0.6794893644035453,1
1.9803301339177795,3.8660519350117193,1
1.0035184458186892,3.299237778482307,1
4.300152687953354,0.5340108288555123,1
-2.5405500139989723,9.190277203161495,0
-7.534773547008596,-9.289975244383966,2
-4.329691129286699,-5.272794864923618,2
-2.1351220974866174,11.380466047843534,0
5.7698912678849,2.544907261264899,1
-0.183446883831635,7.516755067090135,0
5.421562478797108,2.9409930628658176,1
6.0187222380909065,0.9709535556322411,1
-9.748009654280935,-6.983060662404149,2
3.0307642976183917,2.3320399801074565,1
-4.453808328698335,-6.723575686991127,2
3.9688959927399745,3.8946942265434012,1
-5.859303032975596,-5.091348324558984,2
7.062942370432264,1.4896889801237223,1
-0.699434173290215,7.788882621717468,0
-1.7692207717314163,9.291540313740633,0
1.6492753723709184,2.5342545387120903,1
-6.481583667051828,-7.7542475796933195,2
-7.225926751918424,-4.700218598294395,2
-7.749707053206334,-6.521002842472881,2
-3.1788480448785426,9.305421117545784,0
2.858481207683832,2.4379007492812734,1
-10.109641570958136,-5.234380525645403,2
-2.001453011811129,8.39135425734712,0
-7.7855981301051145,-7.224432576316468,2
3.816791474616659,2.112437035652404,1
-7.490181660541441,-5.850631907840896,2
-5.603280247899312,-7.086167275875042,2
3.6659625186290907,0.1372592837973472,1
-2.8799636968336455,7.991309756201623,0
-4.844141383338606,9.92330105521678,0
-2.9708649754822516,9.34301161969423,0
6.936005084743647,3.801312461486707,1
-2.0428362746557434,11.22732045362265,0
-5.5065417778110275,-7.704420005169249,2
7.03163643106556,0.7027276614632403,1
-3.443908412689897,8.18107044945794,0
6.434826066196578,1.0584953274616586,1
-6.43829099763103,-7.23172129375043,2
4.82468604640483,2.8003977480014335,1
4.724853723573762,2.767708815475828,1
-6.056301438175224,-7.262543283606494,2
4.365534174570842,4.035484312663009,1
1.4363675152600583,6.679792484430722,1
-6.736610891989308,-7.275281917399321,2
-7.455584099079798,-6.504809283898405,2
-5.890758688502663,-5.473754386836109,2
-1.6528618570129998,10.71763458846922,0
-2.229047476337133,7.881211729668338,0
4.4337060642865636,3.40248150474514,1
5.778271720908249,2.3949568198947957,1
6.291318288725958,4.910690865271623,1
-4.110628267126642,8.800716900666382,0
-3.7365286479029587,12.152867041726513,0
-4.681324135298736,6.903090466633489,0
3.398493505255022,2.1023855085102943,1
-2.210608079692545,8.11396081246013,0
6.471429379516131,2.846316239143656,1
3.142300677445664,2.425857533669931,1
-4.774572235963484,-5.833254684467406,2
-4.255251334843139,-4.807928475240217,2
2.109123589630106,10.693648495350187,0
-5.822867381414185,-5.696524562212668,2
5.409537533492226,1.5838496675648561,1
-5.0450025905082825,-7.268391193830694,2
-7.682629821675604,-6.342429165961517,2
-6.914955417462627,-7.141640980130201,2
2.846054243175325,2.6400736862709433,1
0.7755067767737582,7.801838700165595,0
4.809784452034748,-0.18424728353531794,1
-3.3419969130925478,11.836021732359207,0
4.270785104033179,0.7082997909664444,1
-1.1017719140887536,8.240219035872261,0
-6.0778687184304445,-5.548626454465193,2
4.8925703006325225,3.9495659873526714,1
-5.544052445871591,-6.017302069116097,2
-8.325265580467187,-8.315835965618511,2
3.9157635529550525,0.5431767715526634,1
-2.5656496766900228,10.669238951223104,0
-7.150214713794882,-4.820836881261151,2
-6.848297458707328,-6.5340582346979215,2
-2.2154297404062278,7.546726961775773,0
-6.6622954415059334,-6.844255028348513,2
-1.973674394105179,7.9749217353073405,0
-2.561680358798193,11.670487081651586,0
-6.17572580643848,-9.183467778086605,2
-3.5622772638687787,8.52279290830167,0
-1.5213812140435046,12.029592936347846,0
0.13898373736889535,9.621758694639755,0
-7.789924957937033,-6.193579714195619,2
-5.362432638038736,-4.867895719979625,2
-4.193280655396198,9.587900747474398,0
-8.033340715832217,-8.289964244939243,2
5.684460007413175,3.406127496796498,1
7.1029015764326555,3.487895317954683,1
-2.6826700466351108,8.562630584814388,0
-7.702030383538886,-5.630108725605486,2
3.9959254994522113,0.9345382141299481,1
8.245002214085513,1.886741488390354,1
-1.5605860144694688,10.473117802638416,0
3.915287258702942,2.193359201919056,1
-3.4117575413968453,11.792703404961728,0
4.6015477297409335,3.7322632128297792,1
-9.258602159508207,-9.699996170984514,2
5.339523809878391,1.9197074604945066,1
-5.452453275564141,-7.4298701238280245,2
-1.159797809902874,9.475235409513235,0
3.564645355323894,-0.8266352416688578,1
2.9954662058852985,-0.18690663995070977,1
3.072665045196551,-0.9763652001232708,1
-1.6695119511561904,10.635457216530254,0
6.326047916207122,3.3944593771250187,1
-6.293929916257936,-7.034942222674691,2
-3.768023907886708,8.5504675644215,0
-7.460323165835542,-6.948226420174304,2
-2.3857716391396138,10.612506690796348,0
4.380271099802297,1.9965382553129334,1
4.34751641569908,3.6738248292413287,1
-4.0284443035543855,9.485657127091232,0
-7.359398476033536,-6.652472604902836,2
3.775113235138022,-1.9133937542766328,1
-6.2910032403831195,-7.643555031837195,2
-7.205152766787826,-7.342833775959676,2
-2.561224954132922,9.365608227003102,0
-1.714491356179826,11.176639059185172,0
4.655407765993172,0.005415335415492661,1
-5.918907498350034,-7.165864252272664,2
-1.7262852746274038,9.4597631380481,0
-6.169179075934088,-8.269681288248254,2
-2.1251530215819368,10.488322604116593,0
-2.527567782323122,7.6684045709695745,0
3.32290495609326,0.732849152880942,1
-0.1879398210576575,11.708102637841604,0
3.155436631372595,3.384326465923056,1
0.18733216722153356,9.975550420098836,0
5.591961039070756,3.637719446875067,1
-3.7474434182415175,8.53220736571883,0
3.725610532989177,1.692712729462563,1
2.535970928528561,4.597534798721141,1
6.363027386786257,-0.6364009842264173,1
4.155859077964898,1.596920159258161,1
-0.310724469670419,8.675621677468518,0
-5.854633701934666,-7.194080322644989,2
4.705596044196766,1.752666681497999,1
4.6169140624686085,2.8421069333423645,1
-1.993770188700058,6.369725895154221,0
-5.270160119502252,-3.3343008513469057,2
-8.467988571736171,-4.657614489582048,2
-0.9614308138497978,6.785945568642863,0
-9.155387736158788,-5.754240841993298,2
7.659959707518036,2.1779726805648383,1
-6.541665308089858,-7.434399986525984,2
7.466758295130015,4.2880349763490155,1
