-0.15681690615571184,0.31470276775106676,0.0
-0.21814115274746057,-0.07425559066545143,0.0
-0.19397186527275798,-0.32446440108431845,0.0
-0.18051198366881907,0.5556834553526813,0.0
-0.2581240095851857,-0.1153666632689476,0.0
0.05125963143838256,-0.05519500090580374,0.0
-0.1665598580079595,0.564347120832177,0.0
-0.30636984513921395,0.21250693418980598,0.0
0.48858466367138753,-0.4140304374644674,0.0
-0.22897774696275505,-0.5414646301993556,0.0
0.14799537026426676,0.055450837108462166,0.0
-0.25176525696679153,-0.09276371275536437,0.0
-0.16192790409280844,-0.23349141762069378,0.0
-0.15528338971085143,0.06713638549166955,0.0
-0.05770828943433676,0.09046420270008373,0.0
0.23730958411291406,-0.2728162364384217,0.0
-0.004049167421380176,-0.3173132786867701,0.0
-0.15915034428315825,-0.172745472193404,0.0
0.10997947382905447,-0.28196393589820656,0.0
0.2045674468878934,0.55401219772081,0.0
0.29253592002532536,-0.044117214450641595,0.0
0.09937902942106919,0.29266353813670776,0.0
-0.2944525953143853,0.1386310422789812,0.0
-0.24546620497004173,0.627716182705638,0.0
0.16793713437931193,0.32423421766638655,0.0
-0.4783282976383101,-0.17981250688613185,0.0
-0.3840913196012683,0.26173719848404337,0.0
0.01671747368660838,0.32825745554128455,0.0
-0.14375227135358698,-0.055697692999145135,0.0
-0.13201334600909512,0.0392221731858274,0.0
0.1071046457895142,-0.20787287857819625,0.0
-0.44357587373395246,0.34312621296207874,0.0
0.2807035179442383,0.38146652849824764,0.0
-0.33317275363974863,0.5256811330270867,0.0
0.08693245706892387,0.6226202395936317,0.0
0.10154892224832424,-0.12458637417024038,0.0
-0.3243189982799692,0.1847806820832791,0.0
0.2507076336195425,-0.33891205639728544,0.0
0.3916436421462987,0.006301152489827715,0.0
-0.13902530784373868,-0.13971892607107705,0.0
0.15451058016259792,0.15413578527366265,0.0
-0.13780826986207323,-0.2549533108394375,0.0
-0.13393008436515846,0.05822699786949227,0.0
0.08675059317234543,0.7365900419732683,0.0
0.20587805711235405,-0.4838147613568955,0.0
0.11134376201139265,-0.18119555601474616,0.0
0.00552551375686551,0.5029311936825848,0.0
-0.05606149324840771,-0.13191931748225247,0.0
0.173121638154162,-0.0609136158128978,0.0
0.19630969690621733,-0.01667540127313652,0.0
-0.15892806113011163,0.1539802299340068,0.0
0.4208382932808297,-0.42055531883768427,0.0
0.559732353343427,0.14214987627353626,0.0
0.008495512839138351,0.008926841848723556,0.0
-0.7859235312269233,0.24657075131256714,0.0
-0.01982393959419497,-0.363304859928737,0.0
0.08011507976077765,0.2668892386870311,0.0
-0.2321367597310719,-0.3733964109934251,0.0
-0.032628044537057276,0.12051351662968243,0.0
0.10733620810448498,0.1682353579104703,0.0
-0.4133008103871273,-0.28134751197453683,0.0
0.057329720405971,0.013930964446844643,0.0
0.1552977061407369,-0.21772314394603967,0.0
0.06422812323906119,-0.3737216336135964,0.0
0.12247582671434154,-0.5107750812713521,0.0
0.35378915521914794,0.020255544423032686,0.0
-0.14157955973683004,0.32668517909020983,0.0
-0.31869111411783146,0.14207772919055447,0.0
0.2814851417927993,-0.15481341846521215,0.0
-0.2519165526542328,-0.17981779363320663,0.0
0.00417878757388386,-0.007237526133000983,0.0
-0.17209860206407088,-0.16405768237211762,0.0
0.4642515603990185,0.5387633019286565,0.0
0.1238794362826873,-0.1691173658411924,0.0
0.01806906298230793,0.7389726337455859,0.0
-0.17771817727166075,-0.2591972309039448,0.0
-0.21459111277799045,0.20387932468040273,0.0
-0.18383660714531586,-0.11631046798079524,0.0
-0.33190049220180845,-0.3588619872242012,0.0
0.059717908672041006,-0.1800650631476384,0.0
0.16412921435101138,-0.06065779573016822,0.0
-0.219109989515141,0.06493757687459245,0.0
-0.18809011733633021,0.5437345673990785,0.0
0.6569408799653017,-0.24248948560654543,0.0
0.17296708891672993,0.09337504636306083,0.0
-0.29240450106819643,0.2361253811227356,0.0
-0.0501354240950563,0.04401410592999685,0.0
0.2437577467182594,0.4068720085712469,0.0
-0.0825155091454932,-0.6905763494206755,0.0
-0.455810989786204,-0.1452702218598754,0.0
0.07791675051644456,-0.2712949875313226,0.0
0.32000240687674614,0.3507886771337018,0.0
0.02321049229428549,-0.2583852603984791,0.0
-0.39606996210619266,0.5494376297563061,0.0
-0.07468924454372204,0.2914712852863066,0.0
0.3585139886774527,-0.4569560714351324,0.0
0.08575961721747148,0.10033703699610749,0.0
-0.12605604512875718,-0.08453538265815216,0.0
0.020940625497005674,-0.11559407905852806,0.0
0.0978399066726354,-0.3753340729155909,0.0
-0.27696997383327127,-0.4055053816849001,0.0
0.46515014784422304,-0.29950621222163726,0.0
0.43409336530611986,0.058966432953472384,0.0
-0.13034886822969466,-0.0927516370405918,0.0
-0.0036740318540743866,-0.26917631144574944,0.0
0.26169619101620345,0.05500260172150552,0.0
0.18770020432950185,-0.25714726692488477,0.0
0.3220895249579316,-0.3079545898233181,0.0
0.3175273460548763,-0.5276218459269343,0.0
-0.14628186722174805,-0.12976745634588627,0.0
-0.19132199527539479,-0.15929908650054528,0.0
-0.6202326300119629,-0.026736011853836523,0.0
0.3489491256464879,0.0030699183058761144,0.0
-0.1660947916041546,-0.3593633677766545,0.0
-0.10828984974572398,0.3477989410092744,0.0
0.0227413674581179,-0.2031485134536335,0.0
0.09724990574653262,-0.039042916310305376,0.0
0.46534559265675685,0.0347023902878576,0.0
-0.31117384629793693,-0.057101603425082456,0.0
-0.3212677494183337,0.1447417245729556,0.0
0.11833564271348905,-0.12629534424607888,0.0
0.3087466911976931,0.1417792447239129,0.0
0.48972339117949054,-0.42904241338818977,0.0
0.4696572087703021,-0.01972507832189634,0.0
0.3503346184979422,0.07632625299036393,0.0
0.014556488383448097,-0.24928503492331133,0.0
0.09681556810142684,-0.24816928306569688,0.0
-0.011290410727454509,0.3309905646049564,0.0
-0.15518653503011165,0.42280423205567397,0.0
-0.07372291922578329,-0.08181707092430114,0.0
-0.1338550299644339,-0.5668622192836593,0.0
-0.16566691328429137,0.18987954532665322,0.0
0.10128079862256065,-0.1235630898367402,0.0
-0.0720976194474405,-0.11244624226487925,0.0
0.5393059580548567,0.19225285838010295,0.0
-0.1730313991704998,0.22661736774772678,0.0
0.4433682134224548,-0.1554810654820942,0.0
-0.5756313645897124,-0.007954162634765062,0.0
0.06823798038123882,0.3921428262847284,0.0
0.18983455983188544,0.6812078573413187,0.0
0.24695117518857435,0.021995390156521164,0.0
-0.05308416824821482,-0.2394891733615361,0.0
-0.25403811542052146,-0.4544541674057594,0.0
0.19506035338759828,-0.029752759133814873,0.0
0.14197128737206344,-0.021848673797061832,0.0
-0.2957178139006631,0.1512139546553533,0.0
0.36036417664918347,-0.12242261190646542,0.0
-0.010405466216034354,0.07026441976095622,0.0
-0.41957027214574233,0.16889077100717126,0.0
-0.2029176906177809,0.5402821298732446,0.0
-0.062436675107182565,-0.14790028039764985,0.0
0.17126715320795008,0.3406696920541797,0.0
-0.045535528510674994,0.17649516194537296,0.0
0.15894125337458484,0.4324705861973701,0.0
-0.2894770381740313,0.20581543799953178,0.0
-0.2695244014045074,0.1475757514519517,0.0
-0.2030766000917876,0.18350288665226036,0.0
-0.10281435495803085,-0.24068318076648565,0.0
0.17517845559778916,-0.10778762723611786,0.0
0.1320043350159997,-0.15061626730578334,0.0
0.08792174198960437,-0.21430542540791034,0.0
-0.021603036474100154,0.30105986936760726,0.0
-0.03837527744422996,-0.2866621321801277,0.0
-0.010496547149088509,0.531240190690653,0.0
0.07068436743256978,0.23125955816609003,0.0
0.45693722318089713,0.16167301310539758,0.0
0.4353430823385125,0.287781247825562,0.0
-0.42461122261512424,-0.1261935968296077,0.0
0.10841868165252418,0.46141096993979075,0.0
0.008623446880445246,0.3835355587821896,0.0
-0.14683183275546663,0.31324826312072157,0.0
-0.14248359334828684,-0.19599876977211356,0.0
0.17719644920769279,0.3326110741748723,0.0
-0.2106159281632057,-0.09829864397933046,0.0
-0.1573560798839321,0.1468123683683754,0.0
0.19281682796026317,0.3987457590397294,0.0
-0.009938091862139129,0.5383673590553363,0.0
-0.17269134787133217,0.03660294439360843,0.0
-0.4344041701248732,-0.6596417869860246,0.0
-0.0010807617271705212,-0.3475094067577628,0.0
0.05875357652930446,-0.2935118332845096,0.0
0.029123264804412116,0.29059349715986676,0.0
0.24405516521090093,-0.36925929493018655,0.0
0.0560300293431235,-0.22661487970599675,0.0
0.08113704773395164,-0.015071432834741084,0.0
-0.24254808086795626,-0.15052711307536096,0.0
-0.1801916069756415,-0.08750812493798303,0.0
-0.07787740540908143,-0.45094288593543186,0.0
0.06087690625538991,-0.45472323449916957,0.0
-0.17135369693483904,0.17177483440684757,0.0
-0.10280627822410462,-0.11143225979873743,0.0
0.26088177603169804,0.4066913576414853,0.0
-0.00627047818924444,0.0351982149926346,0.0
0.3832994687365275,-0.17747141665074898,0.0
-0.3243169621224787,0.3159458559998711,0.0
-0.38698826992231616,-0.3885236316190848,0.0
0.03608868951356966,0.1543316502176247,0.0
-0.11763244593964728,-0.4390544844396356,0.0
-0.4822449703683682,0.05539015755969126,0.0
-0.7414933500381867,-0.23906857664114303,0.0
-0.07361643480086115,-0.22612084930724685,0.0
0.0398909022440628,-0.21003624448175195,0.0
0.23574004759524964,0.12763726853548943,0.0
-0.43442530244919725,-0.42223913231296656,0.0
0.10252679273314783,0.5628512517647658,0.0
-0.3710852132634246,-0.3961369839252829,0.0
0.10281760391331124,0.13702596574613518,0.0
-0.14560906434873103,0.024562241815896765,0.0
-0.034361953575785364,0.37134489359203854,0.0
-0.2651572308603399,0.04611753178365837,0.0
0.4396946306764662,-0.06773289014596069,0.0
-0.08096248058801138,-0.2936291147346922,0.0
0.07348997133261682,-0.15208295261133892,0.0
-0.004926868821825622,0.3565179820344252,0.0
0.08883608311937281,0.0783165816539668,0.0
0.15027515628731422,-0.2932665734395653,0.0
0.21650161921297054,-0.33871553136516874,0.0
0.34284684435450613,0.22557990980603224,0.0
0.2123255806366426,-0.16874003276828028,0.0
0.2698799626299752,0.0921898562629828,0.0
-0.25750733405436405,0.2100929638226974,0.0
0.12888546573977575,0.062306306148933344,0.0
-0.3666383426675836,0.2138995290517164,0.0
0.029895409526292365,-0.15104269623485975,0.0
0.63991001239688,-0.5856263398567505,0.0
0.4738716437192137,-0.15685800814598047,0.0
-0.42225350841534637,-0.23334500627726257,0.0
-0.5139403587272632,0.40616171224962383,0.0
0.565855770363159,0.05237334384955169,0.0
0.08300723979900572,0.24815497471080714,0.0
0.05942542823035648,-0.04330812357718274,0.0
0.15658246968506928,0.08909540196995581,0.0
-0.23184756436127152,-0.07104558202200266,0.0
0.28901283877329653,0.12383427808094949,0.0
-0.4435565971102282,-0.2159532625184126,0.0
-0.011866546156996512,0.20445020921178733,0.0
0.034055203575374414,0.198639202356314,0.0
0.19756328180184912,0.6030613616299049,0.0
-0.018803729181951563,0.2865426961503715,0.0
0.7337255938850479,0.03876635459256825,0.0
0.06265907850142662,-0.5879010371639326,0.0
-0.1951927707365481,-0.14613761512940882,0.0
-0.9723802020207217,-0.30731629240028696,0.0
0.2461446543592092,0.15218220933218932,0.0
0.3249153729525831,0.31614061561047085,0.0
0.1897223217166563,0.29176633488801895,0.0
0.0519542777553546,0.11559521391865103,0.0
-0.2758272702701409,0.4649803215052618,0.0
-0.1350196414437731,0.1868549797042496,0.0
-0.033698414907248946,-0.06629087985996689,0.0
-0.13365075642023153,0.43601534313531026,0.0
-0.20400741647354723,0.06967610914830107,0.0
-0.41379576840435817,-0.2192790119825757,0.0
0.02979969162876776,0.2254161370115367,0.0
-0.1633148173575548,0.03327677691295983,0.0
0.09327226967940137,0.4426068650848656,0.0
0.0039005675633721057,0.43606022314719506,0.0
-0.24764915903775345,-0.09641575249589802,0.0
-0.8090659928824715,-0.01628845995534366,0.0
-0.13569189577472301,-0.727163797988687,0.0
0.1760571281400811,0.6571366877429935,0.0
-0.637168717292942,-0.15772650650422831,0.0
0.30955336184059046,-0.44566811191109157,0.0
-0.07939704997138682,0.8160507499768856,0.0
-0.2349759877008711,-0.09661845486170267,0.0
-0.04838571349980274,0.12121525704436151,0.0
0.4758050448436056,-0.3713446496480547,0.0
0.4146476973112581,0.19461296627689278,0.0
-0.23714233663359358,0.1414405071407987,0.0
0.07514785510376296,0.1039344628490927,0.0
-0.20991765239777568,0.0641939732202666,0.0
0.43238198671983463,-0.4307586453538318,0.0
0.0972251908184385,-0.11552468412489496,0.0
-0.16347572604268493,0.11974083430562125,0.0
0.01928400572863883,-0.3233234333787918,0.0
0.4507071156288084,0.022228434125932554,0.0
0.14430276952101395,0.06716520728373941,0.0
-0.22773979846610937,0.045118135942862285,0.0
-0.08066660716644916,-0.3319577726225011,0.0
-0.266854328887657,-0.24474308548963147,0.0
-0.14084231578048562,0.1627680130757894,0.0
0.24762490469640894,0.24405289080019155,0.0
0.2501766463646712,0.137754023768531,0.0
0.3800733447559868,-0.2123008396856342,0.0
-0.2927619758931998,0.31609253898235184,0.0
0.18425001001302757,0.22725231301419152,0.0
0.02146987116581774,-0.143297234029535,0.0
-0.24869850327662169,-0.16805431205909085,0.0
0.17093018406966118,0.13431256800519448,0.0
0.06722774454312502,0.0037777202345384577,0.0
0.25219306469661723,-0.19578719379071727,0.0
0.02611412047145136,-0.08970220513976022,0.0
0.029302829564649514,-0.23190293515663993,0.0
-0.10073540978703846,0.5007064575868179,0.0
-0.08082205033336733,0.21526267673878868,0.0
-0.37826518630051353,0.2753585841164328,0.0
-0.06628925214889918,0.008065751698359233,0.0
-0.3549775537997325,-0.6117696533280301,0.0
-0.4819338960772717,0.06103909076016693,0.0
0.1558039542723517,0.4598216739007733,0.0
0.3738255577492887,-0.6220170697224449,0.0
-0.4079568422939758,0.2238760698081662,0.0
0.21348446342666694,-0.33739262755136074,0.0
-0.005553940797716979,-0.08659759167604149,0.0
0.029098789497815455,0.1785471076310741,0.0
-0.1912161381919553,0.35670495933226554,0.0
0.5061424905217694,0.26449192708483515,0.0
0.3538320362163861,-0.14075269563141143,0.0
-0.33681660646868955,0.11472292385521518,0.0
0.7580797277620864,-0.15926063187609618,0.0
-0.21385373480314931,0.03192906830756905,0.0
-0.5612375763077567,-0.1054540452123926,0.0
-0.2848196666495829,0.7897146194512172,0.0
0.3767268376720562,-0.2683821906658512,0.0
0.0768089202941627,0.29480729518365417,0.0
-0.07415321475617907,-0.20459527439933956,0.0
-0.45765755127742164,-0.2075724209643733,0.0
-0.09458077339210368,0.22769076614798023,0.0
0.2952967195429751,-0.06419665326765268,0.0
-0.06530436096816608,0.329633055596157,0.0
-0.2497066719312686,0.14142466691592123,0.0
0.27462063531062225,0.09862533289790533,0.0
-0.1985359394305164,0.2557300004388672,0.0
0.03843132447323678,-0.20431549724246426,0.0
0.18723594511564653,0.18850365277928396,0.0
-0.026920708286168014,0.4320351646348418,0.0
-0.2155332663757308,-0.06403414551355417,0.0
0.2862005290479607,0.1954173753917394,0.0
-0.23775622152981019,-0.034420932440069704,0.0
-0.6114373605533562,-0.30242589327522124,0.0
-0.2971608975392065,-0.16988931888083156,0.0
0.4779559879918191,-0.15336470292935553,0.0
0.14901424590336979,-0.0414792903513554,0.0
-0.24666611866992944,0.07310616344757369,0.0
0.05895635091044103,0.2127011272765537,0.0
0.025976936241869975,-0.04670317061762384,0.0
-0.07577044541794808,-0.3743349545894548,0.0
-0.07168441405992292,-0.27226909861247933,0.0
-0.30124223002562034,-0.2303392695312385,0.0
0.19157773763321218,-0.49845601868068795,0.0
-0.014839112895729884,0.2024458476499811,0.0
-0.35739104916079456,0.19696608259014892,0.0
0.30188784276433217,-0.1730675608569446,0.0
0.6431832267975977,0.19017570669540337,0.0
0.2851271514558151,-0.17307109669872092,0.0
-0.27240722265636325,-0.42369111040058743,0.0
0.09807821212924879,-0.06573015864265927,0.0
0.12403047096711026,0.5630387437674198,0.0
0.4510194905301452,0.2632086871727014,0.0
0.34743326205002034,0.23749880818888075,0.0
-0.5008215843364116,0.1630080577139805,0.0
-0.03210910798636735,-0.3105726967258122,0.0
-0.3018052144499106,-0.36425658383631965,0.0
-0.021049713437594108,-0.4982882800547974,0.0
0.3092998567487853,0.27938403573485954,0.0
0.21328799046104743,0.13327899344581193,0.0
0.08429756032050979,-0.18680985594617813,0.0
0.5546868284836035,0.3379695088643272,0.0
-0.028588659716085627,0.08370645773110176,0.0
0.13314582844386852,0.23239021602880103,0.0
0.07314021413135964,-0.16922358922101852,0.0
0.5894175398749167,0.010579065591518583,0.0
-0.18744557330870365,0.007827315063250136,0.0
-0.01367580490664934,0.07300183479680755,0.0
-0.5077393889144458,0.4588650958381841,0.0
-0.07237081735689896,0.10561661895428903,0.0
-0.012047385193303022,-0.42923253063541444,0.0
-0.06928035906260338,0.2088619094440255,0.0
-0.1676765541814765,0.11316356251935625,0.0
0.19430656143020775,0.45690895692240757,0.0
-0.07649316522625658,0.4511978965748066,0.0
0.07481510511322657,0.4732359839290423,0.0
0.31126198327736976,-0.1530049196564241,0.0
0.19364525434232263,0.648976416991638,0.0
0.9236642425365713,0.335872473430373,0.0
0.017462615533799967,-0.34289108934918694,0.0
-0.5174753497539099,-0.1686862587722918,0.0
0.2613374110295077,-0.09780705965035234,0.0
-0.6245788223651166,0.5089369104870114,0.0
-0.15416007520100805,-0.31776405656668544,0.0
0.22153997399862313,0.051410484356991144,0.0
0.027528232960650687,-0.5962706743802678,0.0
0.2467634736309567,-0.36625309499130665,0.0
-0.45455731865956567,0.4100622802333574,0.0
-0.1869421579274293,-0.1666431357480764,0.0
-0.19555083234064774,0.014219601394924205,0.0
0.5296362720843291,0.12149451328828666,0.0
-0.0023917923949852114,0.44398324166700776,0.0
0.007353052277682814,0.14939948737363493,0.0
-0.5522622693994935,-0.38387309002071046,0.0
0.04993566246391683,0.14773537920244473,0.0
0.24910074496327367,-0.25682514777266013,0.0
-0.475170847045717,0.2281243968432892,0.0
-0.7952909425179036,0.3274520555767385,0.0
-0.4651990293198398,0.020568892441808196,0.0
-0.15907728551173222,-0.23786184967870325,0.0
-0.3841288057488849,0.5264382545953094,0.0
0.013671551971144134,-0.19548010428174512,0.0
-0.26268547601542713,-0.4148399192893008,0.0
0.15451430589181436,1.1558194471964163,0.0
-0.1339544856201063,0.2569196382970417,0.0
0.2572978869606058,-0.04798155898902813,0.0
0.001534036992738267,-0.07037614001254407,0.0
0.22418808153697853,0.18311107963003945,0.0
-0.3984558146695291,0.059058370760737056,0.0
0.7680253614806384,-0.02881796991739496,0.0
0.005530179919617947,0.1042745116085013,0.0
-0.5110147318065463,-0.016664309668985633,0.0
0.47376384465221744,0.23023041874587263,0.0
0.054559876517548546,0.07446617589010082,0.0
0.06664013149011384,-0.1436245864990432,0.0
-0.13819163128793624,0.3171366678656747,0.0
0.20458589138848918,-0.09308002697803681,0.0
0.19361278487554426,0.4105894672597046,0.0
0.2772081057620703,-0.055470640932896706,0.0
-0.30048600296847466,-0.08433008786578647,0.0
-0.009825981064799516,-0.16302743134012948,0.0
0.05331030027997615,-0.40060330761303037,0.0
-0.4669887520571711,0.18180298540369189,0.0
-0.4602342512206867,0.3833030465695527,0.0
-0.06703883559775527,0.2142001482276276,0.0
0.10849080751429024,-0.19353592638153727,0.0
0.361952689952507,-0.24508070129617082,0.0
0.0015731099154549497,0.014094178129422616,0.0
0.6896694370857751,-0.10885156813189771,0.0
-0.2780791414734249,-0.017857606818540022,0.0
-0.010413530911572993,-0.3506034112858596,0.0
0.09234053066761776,-0.5130505177969876,0.0
0.5646073489425101,0.40362601384649327,0.0
-0.21130310716282777,-0.42253838890906786,0.0
-0.010747811732985462,0.4693930967442018,0.0
0.24385863565168803,0.18888865257708368,0.0
0.6182243774645961,0.5266022527329614,0.0
0.028836233082295007,-0.13868258661151273,0.0
0.34757867370222123,-0.24620469550551313,0.0
-0.13328797802283346,0.11319014791345565,0.0
0.08399058789594609,-0.3376467141895129,0.0
0.24882167435504673,-0.6633405927023656,0.0
0.20704319751333375,-0.12036614156575087,0.0
0.03281843838146786,0.2177299871696076,0.0
-0.6075427759972821,0.055936294430828294,0.0
0.11521963468179218,-0.009808424428227934,0.0
0.11405935530178896,0.18317572358514694,0.0
-0.14131149168549684,0.06961498120729089,0.0
0.06330524016078552,-0.029013933561117713,0.0
0.49349031405038507,-0.07471081186691349,0.0
0.07726511721682931,-0.022333774729850164,0.0
-0.17680942708326344,0.2548806291063074,0.0
0.15149618369413714,0.2597265582510364,0.0
-0.226905223585291,-0.42667611287930224,0.0
0.22709658499360555,-0.27664959725328764,0.0
0.10308548687053842,-0.5289120466088202,0.0
0.08147365115861203,-0.3830245727460928,0.0
-0.09233347048590025,0.06574509829918168,0.0
-0.02313051282423126,0.10234559244499317,0.0
0.02025846140637715,-0.42742445586403705,0.0
-0.3452980732266908,0.11270940550370158,0.0
-0.4044556266317139,0.22297922820681448,0.0
0.6459547372534669,-0.23020426886641485,0.0
0.14369394772391755,0.10009863158608448,0.0
0.6366468591037899,0.30973957816534403,0.0
-0.07024601241700079,-0.07024108708475416,0.0
0.5539910988142998,-0.32102542989784577,0.0
0.024685196782627254,0.31964411251960534,0.0
-0.03469448471647216,-0.09033110867678663,0.0
-0.2968814460775743,-0.03773607602989444,0.0
-0.29009284293876386,-0.014313406842593955,0.0
0.18654298866515892,-0.4710674159671369,0.0
0.0996942035938775,-0.22454596096696608,0.0
-0.37546182725713323,0.4331293812219778,0.0
0.06251484238426575,-0.6125204605272871,0.0
0.07258868146981023,-0.5739840733973394,0.0
0.34478199788570274,-0.2109529275377662,0.0
0.2778532642594924,0.5728249921410391,0.0
0.6943975700020526,-0.5601795577775244,0.0
-0.02464535351777064,0.3351887494764383,0.0
0.246618047998347,0.5690378947961842,0.0
-0.30363131257805026,-0.49645700155973077,0.0
0.17793037739051512,-0.09286393179419708,0.0
-0.005704862370806649,-0.30075880939134264,0.0
0.7720079409749581,0.017765530204346475,0.0
-0.4882627313649488,0.014425483998414597,0.0
-0.3202861288147783,-0.04271384550638805,0.0
0.49964233333877295,0.3043110195054391,0.0
-0.06590156635125358,0.10713377145352392,0.0
-0.4033351533102831,-0.27559558394525946,0.0
-0.391340850151456,0.20090176464901152,0.0
0.034268294598611894,0.04509052843856328,0.0
0.07796483827452706,0.2345468615331931,0.0
-0.198787127683754,0.1711796005779478,0.0
-0.3038493361003271,0.09427419977858216,0.0
-0.022330028730013884,0.1862016292652034,0.0
-0.3600889221167329,-0.1003503707522845,0.0
0.11060199266187035,-0.1180016436982082,0.0
-0.047402369573696826,-0.12806432098422602,0.0
0.18236895291496175,0.05598273694690743,0.0
-0.10908366366415675,-0.017083687116320235,0.0
-0.5336160746712836,0.4488132934467549,0.0
0.42615127439695644,-0.17122388812484288,0.0
-0.18345534089758447,-0.42199832905446666,0.0
0.7983552883504553,2.8376121751633248,1.0
-0.2581427578005995,2.9800084376686655,1.0
0.33068159794241236,3.147633072313903,1.0
0.056451052844005575,3.1060439598730967,1.0
0.5870959870151209,2.6696917701419824,1.0
-0.6457198409194285,2.5104378122182935,1.0
0.3652109069549983,2.7897995945970866,1.0
0.5117515912599836,2.6843478011496704,1.0
0.2721501163178686,3.1588383147268413,1.0
-0.5654301195156326,2.826821575135054,1.0
0.7407672607780182,2.796508792282954,1.0
-0.9070692604147633,2.529365816055895,1.0
0.7190053692608134,2.7963851600525658,1.0
0.15309064083787727,2.8869049231755683,1.0
-0.7637565374918704,2.534967838000685,1.0
0.7230802097332083,2.8728949687439074,1.0
0.3585642458718843,2.902800909859749,1.0
-0.8531605267389301,2.8080982037472797,1.0
-0.09872463017844535,3.0251566420708,1.0
-0.8077985297017155,2.593590053475634,1.0
0.679017343147736,2.7921432441631238,1.0
-0.2554796641812781,2.9773159011899764,1.0
0.4326894693133859,2.9916959863840162,1.0
0.3915933706275885,2.9076657757014597,1.0
0.8690841910988973,2.537328892605026,1.0
0.7130842540793892,2.567295684473822,1.0
0.570435153521942,2.6997663647838035,1.0
-0.7114795413099169,2.904704422688332,1.0
0.4590951911052871,2.948930760557576,1.0
-0.42438507995509883,2.786739734198123,1.0
0.4450117130982083,2.9870168537547257,1.0
-0.6389899430388284,2.7887262082249222,1.0
0.5153796084152735,2.6780732882277034,1.0
0.8189163984753467,2.701050511220416,1.0
0.9289034237272223,2.887371847506628,1.0
0.10194016481145876,2.9758041057232067,1.0
-0.2796628094789891,2.9917559853683735,1.0
0.12385173424897791,2.9466492904630055,1.0
-0.6399794015031411,2.585154739323226,1.0
-0.09454851992078972,2.8736430649254148,1.0
-0.8136576034209687,2.632311936247535,1.0
-0.02004687157898276,2.8360215190983986,1.0
0.22433350350494236,3.0040127777815413,1.0
-0.36893301674721674,3.2426088090503926,1.0
0.7092802635873195,2.708209405316042,1.0
-0.6883013016846661,2.577274332302764,1.0
0.7610655154112429,2.571271237183047,1.0
0.43804794279312254,2.8256066294813293,1.0
0.06279443464860782,3.04012598281758,1.0
-1.1571170865046099,2.5323062240689245,1.0
-0.04698074845755548,3.1265605312984732,1.0
-0.017802878085777796,3.0459900139499805,1.0
-0.08120843302239988,2.9353260543851634,1.0
0.21496140758480076,3.196570830230815,1.0
0.20389949646687083,3.1479972170798343,1.0
-0.7126858553773443,2.7357681575988373,1.0
-0.5778015711032225,2.777765768920733,1.0
-0.15676892404467357,2.8762359798608537,1.0
-0.839490693613833,2.580271597735147,1.0
-0.06696096993007167,2.9093692125153976,1.0
0.5719616667210015,2.7727992393933834,1.0
-0.5282392445762305,2.933875939635557,1.0
0.12248651926402286,3.0715275755392835,1.0
-0.21123114780480576,2.9681585782935063,1.0
0.6263178093749596,2.754171732864073,1.0
-0.32905810232623905,3.053374693311663,1.0
0.6349704627310696,2.833063669603798,1.0
-0.6324048493160217,3.018803702914103,1.0
-0.4365596306438878,3.000975938611389,1.0
-0.08286580363377946,2.5921634718353848,1.0
0.07570025482493738,3.09274470520367,1.0
1.0353466303668817,2.534574488587022,1.0
-0.7619068483469976,2.6947585842184303,1.0
-0.08141516100577834,2.9325686109624245,1.0
0.752140512583931,2.5799278300231236,1.0
0.16751596130701774,3.018893691755959,1.0
0.42664233873647894,2.767088863332929,1.0
-0.3151736897946702,2.965956638863675,1.0
-0.1815330690327242,2.9613693134886634,1.0
-0.6909623820657758,2.7881932345644684,1.0
-0.7382888204118037,2.7626306476990914,1.0
0.5440237120844718,2.94186495685962,1.0
0.48936498027087894,2.9674407938162686,1.0
0.8453829684947168,2.6067750272859724,1.0
-0.5333870070228878,2.9804074411707164,1.0
-0.2304890075667554,2.8585506761415784,1.0
-0.3846726211106166,2.7819205996228744,1.0
-0.011854434426962154,2.9339310804721173,1.0
0.2650202962052726,2.940521424523763,1.0
-0.10284455227820363,3.041786605043567,1.0
0.3545371384998319,2.9021614430686165,1.0
-0.1637118223500967,2.9715526827858585,1.0
-0.6371198999891968,2.681031509303203,1.0
-0.8485506528304613,2.543440521340936,1.0
0.011233730388614237,3.138839214135374,1.0
0.007345111847849653,2.9811973517217756,1.0
0.1844580875677361,2.9926201109313673,1.0
-0.6103484405791978,2.86557004478238,1.0
-0.467123255385048,2.7074884377519433,1.0
-0.12761979411002541,2.9891911114346117,1.0
-0.8011031578491687,2.704552862732179,1.0
-0.029809790253009158,2.92121977846163,1.0
-0.003717504767098881,2.995293624035758,1.0
-0.02720969547654217,3.1025499314094453,1.0
0.25994640685082604,3.0395210489140334,1.0
-0.153488364689986,2.899221868842007,1.0
0.8693114831838622,2.511195576515128,1.0
0.6279622220633831,2.7950993789977234,1.0
0.3997805699645363,2.8168634005359214,1.0
-0.7995021658323559,2.7292068403833083,1.0
-0.30302639222865513,2.8831163448015467,1.0
-0.4678605932059421,2.9373897165888248,1.0
-0.28854722805291055,2.9715667121447034,1.0
0.3523634417594527,2.809037223864388,1.0
0.8089206500523047,2.7165574729858357,1.0
-0.8095752090927673,2.724039490470899,1.0
1.9218902433699934,2.5514024791362084,1.0
-0.9727303086557204,2.772705031200075,1.0
0.1555362708428597,2.9842465324603307,1.0
-0.5655015058425739,2.714991908865704,1.0
0.23444944951742078,3.106505257553125,1.0
-0.8154087979780963,2.500537966376448,1.0
0.6858345762005719,2.7006278479733563,1.0
0.6820218363024997,2.5498746302568565,1.0
-0.7229781894722582,2.6348420694250763,1.0
-0.24410036626457599,2.8696202774159882,1.0
-0.17958723327461723,3.1353858224974074,1.0
0.87789845303787,2.658843360031695,1.0
0.041131883606862735,3.098746057095534,1.0
0.19271133025364212,2.956621294552468,1.0
0.6423532105043297,3.031950603419174,1.0
-0.3388231081319228,2.880068633059701,1.0
-0.9104840471293054,2.644284535999962,1.0
-0.7270078436509169,2.5776159446337656,1.0
-0.962784474553138,2.513999435717446,1.0
-0.40109466710545305,2.865873015704495,1.0
-0.6767226991792672,2.689040990754749,1.0
0.29393539726994766,2.75449945713937,1.0
0.8553541575616928,2.7169904295382445,1.0
0.7525214568420218,2.5259158068750867,1.0
0.4843189448365765,2.6009718763289795,1.0
-1.0042726504243242,2.577405929146379,1.0
0.3381124958538834,2.9603886299478495,1.0
0.8107693869752342,2.6266888346941175,1.0
0.5246562322606129,2.8559918389193193,1.0
-0.40985253700522123,2.852139145064972,1.0
1.964146835432075,2.5066145858972537,1.0
-0.021613878784328217,2.8593450067131316,1.0
0.7464456410762826,2.626340190025282,1.0
0.9344489402862828,2.659598538880747,1.0
-0.7477862149655735,2.8283330883754143,1.0
-0.5644542459831224,2.719264676076678,1.0
2.017225436099458,2.644236560953865,1.0
-0.7363936120622903,2.831054945744491,1.0
-0.5194828600457514,2.884489125247111,1.0
0.6222579794249976,2.619987780763574,1.0
0.6824041884104226,2.5597377273855315,1.0
0.0060979108662544005,2.551734776991938,1.0
-0.4001400289323509,2.940842093624328,1.0
-0.758373042102495,2.747813341091648,1.0
-0.38994079108706564,2.8467739646595094,1.0
-6.699818866025276e-05,3.0433475625291826,1.0
-0.22526782041613208,3.0016044362414416,1.0
0.20199501256720676,2.923658126347317,1.0
0.7024811566792243,2.7009273154950297,1.0
-1.0367156316386017,2.5026470892550314,1.0
0.0006620063532527254,2.9299371115237967,1.0
2.167227923608685,2.5922932182209406,1.0
-0.6139093138655438,2.643882153637046,1.0
0.45998973225220496,2.8852799449759434,1.0
0.2482102606815022,2.9980400932053017,1.0
0.17783781627033046,3.167970860312975,1.0
0.8306764268633708,-2.409935810431734,1.0
1.050468459634365,-2.4851619288530404,1.0
1.266252257832927,-2.496983607827301,1.0
1.076165799751163,-2.3858783576539366,1.0
1.7604047149083248,-2.2063278910504716,1.0
1.004589905826527,-1.9296948609837217,1.0
1.5425425648658773,-2.5201786365613685,1.0
1.1509834260292982,-2.503033666489718,1.0
1.2224484854214765,-2.5039185123837013,1.0
1.9897189301474332,-1.6010339369157087,1.0
0.9342924682030919,-1.5810081798710716,1.0
0.49495802660937066,-2.4272053385657717,1.0
1.5712735686867771,-2.3592033555210135,1.0
1.9567836696978822,-1.6680800258972028,1.0
2.0992779805084494,-1.5778655531862147,1.0
-0.08262458418745805,-1.833224870607026,1.0
0.8831392978758752,-2.387096518843223,1.0
1.8546561384772127,-1.635883733844645,1.0
1.8451817528325678,-1.609504507791317,1.0
-0.848049263602102,-1.5511702783059627,1.0
0.4256400137263691,-2.373692782132703,1.0
1.9746948069518346,-1.8786715795542153,1.0
0.38906452886537235,-2.357394090193625,1.0
1.9168656552955328,-2.137067521340538,1.0
0.973839874110524,-1.8564207698432753,1.0
0.44945577262081354,-2.5017039522262947,1.0
1.2634997408887294,-2.398850726769577,1.0
1.2522235626120921,-2.588264403392329,1.0
1.8825062807625836,-1.5925228335398003,1.0
0.8571487492909393,-1.744767292950008,1.0
1.0647558109013713,-1.9463973465095141,1.0
1.07440189598562,-1.7483256824508258,1.0
1.4350594561373737,-2.514260890661363,1.0
0.8770306514154185,-1.7305050735553258,1.0
1.3858796333185144,-2.379638871394251,1.0
0.8867665615900173,-1.7983288928362369,1.0
-0.9418317907983768,-1.5113734465759334,1.0
1.9223202432469688,-1.650550238644767,1.0
-0.12112161314214734,-1.7279448433195452,1.0
0.34550963183601574,-2.3011726467165636,1.0
1.9151612506977134,-1.8605622272590145,1.0
1.9001835281368098,-2.0541542389927936,1.0
-0.8504251152725042,-1.9064026873835467,1.0
1.2407389378137887,-2.479786936472292,1.0
0.8571564254298176,-2.527754877243261,1.0
0.7051616494532595,-2.4495004610606417,1.0
-0.011950749876422154,-1.823118164193065,1.0
0.1589133099130523,-1.7923687257487544,1.0
0.3684679531662335,-2.228861064979427,1.0
0.3828654892140778,-2.0697051276071177,1.0
-0.03875025841000822,-1.5895589019918748,1.0
1.764974131124886,-2.120687523713987,1.0
1.9427109378150476,-1.9417268283636757,1.0
1.9053981639941486,-1.5200941096975171,1.0
0.49006434223768097,-2.2281852604528147,1.0
1.5603253901196796,-2.173119927495352,1.0
0.31578587432601396,-2.2502525709482954,1.0
-0.14116899604936195,-1.649838742976495,1.0
1.0555933800006962,-2.443158180597708,1.0
2.133126878218372,-1.811343939404341,1.0
0.8234754647530731,-2.3456221609014607,1.0
0.45116640552828274,-2.245183755845888,1.0
1.5016773826996133,-2.135908671958173,1.0
0.6975154097774507,-2.577568682786738,1.0
1.8793494740010361,-2.2771630476037865,1.0
1.0381676908012747,-1.903087963292316,1.0
-0.900288477810218,-2.023531874190725,1.0
1.7196504789936897,-2.2382520129219214,1.0
0.8348380335337021,-1.7121587479441027,1.0
0.33467780741547154,-2.183997042229605,1.0
0.46552760249908176,-2.3673246150305234,1.0
0.2785779727798738,-2.1286801111910343,1.0
-1.0057977862188183,-1.8322003016692507,1.0
0.4157846724441598,-2.3804951778776733,1.0
1.592250220789905,-2.3149849855699607,1.0
0.6019789837667375,-2.371464650533998,1.0
1.0275386269109847,-1.7678176547065947,1.0
2.082146506767225,-1.90212889556341,1.0
0.11553998188607148,-1.9596770916388018,1.0
-0.9524989485656279,-1.9096624961903448,1.0
-1.1055374289743976,-2.0150848616773915,1.0
0.8888461299459958,-1.6236503412332306,1.0
-1.0898569056735314,-1.6215521170723277,1.0
0.4996118673507849,-2.403525973939136,1.0
-0.9341666835806135,-1.6101491584385874,1.0
-0.8137806323573022,-1.5273664705587056,1.0
1.358578792797815,-2.4732347738784153,1.0
0.5066069608872676,-2.3591249476085214,1.0
0.9038580192590456,-1.8465691395235841,1.0
2.1133227698991606,-1.8652297012806818,1.0
0.09152935990996897,-1.6786826673502804,1.0
1.1392020959163154,-1.6752065620178913,1.0
0.9557386097950789,-1.7733037296855545,1.0
0.09428010015669963,-1.6870450458876638,1.0
-0.943959359156469,-1.7193531953465568,1.0
2.168032469067499,-1.5512681840941136,1.0
0.23970407240550093,-1.5982829245308414,1.0
-0.0010141843079783247,-1.6845477857831788,1.0
1.0033419017166338,-1.6494880663209996,1.0
-0.8741399907782276,-1.6803482370380005,1.0
0.07642531511789373,-1.6572608809918346,1.0
1.6629313690946779,-2.2464955136551668,1.0
1.0742955813779405,-1.8731609737399486,1.0
0.9084488438225731,-1.5913695325958586,1.0
0.952289035894359,-1.7386874845219156,1.0
2.063931853396408,-1.8675614777583147,1.0
0.9582327336338465,-2.5155610609166508,1.0
1.0243028040410957,-1.881584993329718,1.0
1.189295347954359,-2.3271744297447925,1.0
0.7955756308974083,-1.5472079890379875,1.0
0.4674787362218654,-2.344586557131257,1.0
1.5367100761412207,-2.2294459344842874,1.0
0.9325318991864276,-1.5367815417875246,1.0
1.757291715339262,-2.0465698250554265,1.0
2.0352536883313355,-1.7738917852588012,1.0
0.9114638912303116,-1.720346054127745,1.0
0.9909266131934529,-1.7277025963673027,1.0
1.7956298578913934,-2.022284293750362,1.0
1.1187224320327598,-1.6433123145551045,1.0
1.7347581984712388,-1.664387735596161,1.0
0.8131299445588018,-2.560327230268928,1.0
0.8431105665307315,-2.4771322779568834,1.0
1.134052080350566,-2.3507538975742235,1.0
1.40554656133311,-2.4704595480560325,1.0
-0.07416031704999322,-1.9201522631823857,1.0
1.8968854658717798,-2.1736140577552185,1.0
0.9420484078283912,-2.555866652937993,1.0
-0.7761847193130588,-1.5522972066063392,1.0
2.0811887703048075,-1.579477917886431,1.0
0.9619603878928681,-2.4917145060464523,1.0
1.2971165177579895,-2.4173925823389313,1.0
-0.08115106782476,-1.7463017308827313,1.0
-1.0671671936927354,-2.052894473484589,1.0
0.8476834758192386,-2.586582057282547,1.0
1.8325121318951165,-2.0540554070513424,1.0
-1.043529507445477,-2.1619638758407382,1.0
-0.7035319780489868,-1.510237201991492,1.0
-0.7221198802765364,-1.54316225547907,1.0
0.5385306570158057,-1.5530262136177602,1.0
1.9294514441475255,-1.738034858748662,1.0
0.7365506838374778,-2.5005613506140447,1.0
0.3953278827776499,-2.4041836676221657,1.0
0.10803930247355581,-2.141992590263292,1.0
0.25912638367074997,-1.5481418196679224,1.0
0.8254850293903265,-2.654806566339338,1.0
1.3185348943626451,-2.3547746269437964,1.0
-0.8683075542655395,-1.639462145061699,1.0
0.7333525321376592,-2.4572766474872005,1.0
-1.1514717371751815,-1.9019284261500804,1.0
1.1175795275268476,-2.5671238535011796,1.0
0.11437976193172328,-1.7515196560201791,1.0
0.8349772585263173,-2.500920378731278,1.0
-1.0455639067145632,-1.8353889491356965,1.0
1.6641613976754133,-2.0615861640735185,1.0
0.06469307521727952,-1.8915094416878293,1.0
1.870527059223968,-2.2049961644009652,1.0
0.9177057877632999,-1.762294451768816,1.0
0.8798136037362883,-2.6033293391933836,1.0
0.5436695102281791,-2.458284209803057,1.0
0.5853215538563383,-2.3335439463753236,1.0
1.2243997896370138,-2.730704527688319,1.0
1.7651096655107912,-2.154445762248102,1.0
1.0831889421901295,-1.9658206708781742,1.0
1.1404991958351638,-2.630867745988203,1.0
0.3458362250914919,-2.2343854919117017,1.0
1.9522667937779155,-1.82630095782168,1.0
0.2178428564299911,-2.035043573935494,1.0
2.0026531003312504,-1.822049022967276,1.0
-0.8050062859739918,-1.5119453913539749,1.0
0.2005033509852392,-2.2307982936088315,1.0
1.528355807061091,-2.39408700540092,1.0
1.007069328260049,-2.51081025259631,1.0
1.8691906004823868,-1.9498880500202618,1.0
0.027302252499099205,-1.9576285790933332,1.0
0.9844561701309096,-2.3956249635629727,1.0
-0.9082815787696243,-1.737367557656389,1.0
1.8878440196169062,-2.055888482071487,1.0
1.4090004232663942,-2.4705426625218347,1.0
-0.8635980773944426,-1.9981022506848198,1.0
0.3669223619344789,-2.410809297622838,1.0
0.31262956643809364,-1.9395216237218036,1.0
0.7980548614479435,-2.6575580152471177,1.0
1.2464737825793586,-2.4945042893205205,1.0
1.0028372862535138,-2.3369196186284173,1.0
0.23502369952383173,-2.1063878190958385,1.0
0.3306238578327847,-2.026405767618513,1.0
-1.2114016512504298,-1.604859654047979,1.0
1.4998811193630903,-2.253548450655427,1.0
-0.9036019264741827,-1.6324563300881294,1.0
1.5406231270200177,-2.3952222086979944,1.0
-0.041903965133105125,-1.9156542211025438,1.0
1.6881379443168094,-2.159639435042114,1.0
1.0476215230864123,-2.7083426870262817,1.0
-0.055297250541502335,-2.024500693795295,1.0
0.8019025205189735,-2.395483554545611,1.0
-0.00895765065126819,-1.96339987244491,1.0
1.2434405566802196,-2.5517492340593937,1.0
0.513479680943879,-2.326565894989966,1.0
0.23793054088008642,-2.15332085645637,1.0
1.7773028787344183,-2.2813475335906817,1.0
2.0503746451199567,-1.7011947452286882,1.0
1.932736006252035,-1.7355609162026577,1.0
1.6155917231307997,-2.206312577043994,1.0
-0.9700389452635844,-1.9494825647761034,1.0
0.344974431924201,-1.95048327537735,1.0
0.14291706266199816,-1.53240483248496,1.0
-0.9903916819529189,-1.6745866474874354,1.0
0.7344657993518596,-2.468761292354345,1.0
-1.0412694571464793,-1.59229829083121,1.0
1.316497724801244,-2.4301968527273226,1.0
1.3351881287724976,-2.456088507151628,1.0
0.11106338450433517,-1.8410971758187196,1.0
1.498875888460483,-2.1941351751030242,1.0
1.0534203983065626,-2.4920269128339343,1.0
0.3514958121030088,-2.358650549330938,1.0
1.8610531910267887,-2.121795847742518,1.0
1.8772009166853973,-1.9168339036967856,1.0
0.24216189249218795,-1.8701192313007011,1.0
-1.0209288017424947,-1.9712859330679802,1.0
1.0849179389671573,-2.475282877305873,1.0
0.8700185851238574,-1.8890649520639813,1.0
0.9811160846643667,-1.504946098530536,1.0
0.9901098753013198,-1.7165015821433516,1.0
1.4942108022591867,-2.530353642573079,1.0
0.43083868634055167,-2.278811550473018,1.0
-0.824585433369507,-1.6997276421848837,1.0
-1.0478204321390128,-1.7989821245201008,1.0
2.028517505443246,-1.63034317328052,1.0
0.9957136644856401,-2.534487571045767,1.0
0.9855109059769459,-1.5984063832758526,1.0
1.5938785374687938,-2.263795248184131,1.0
-0.04117393407647446,-1.877434557712927,1.0
-0.01459234305231243,-1.6691100833287835,1.0
1.4186549961749164,-2.38781498028881,1.0
0.9337294722791067,-1.8558317062542364,1.0
-0.013298619825899163,-1.7097562129862853,1.0
1.6574128695244044,-2.03934959238755,1.0
-0.9137247889480408,-1.8134038628838327,1.0
1.7237718228374768,-2.4445396294969237,1.0
-0.8689637114948261,-1.5653366873878354,1.0
0.2586615178547526,-1.931244807004201,1.0
1.037940021613668,-1.6732114357393797,1.0
0.1252282469829104,-1.703686900206225,1.0
0.29739837560090343,-2.436462724633732,1.0
1.794809396559217,-2.147363722237033,1.0
0.9635929522885313,-1.5778662035772855,1.0
1.7323042062727756,-2.158867571274532,1.0
-0.9342085221062177,-1.779762602949608,1.0
0.022573478172212343,-1.5736218758738616,1.0
0.16455324180914743,-1.830483582739395,1.0
1.8104957921105553,-2.186570391642389,1.0
1.922847633141137,-1.988797886482903,1.0
1.0520298080283705,-1.86171146743306,1.0
0.3692632546326343,-2.326733604703812,1.0
1.7674875038771705,-1.8189046106885969,1.0
0.1749086478969268,-2.1657867101706327,1.0
0.9432091156131046,-1.9654774454571742,1.0
0.9884576609274729,-1.5439530631177445,1.0
1.1951894842616386,-2.422643113897247,1.0
1.9273415928264666,-1.7232026435223897,1.0
1.447110361235554,-2.14142345514795,1.0
-0.9555144186695276,-1.5879082498582766,1.0
0.22306458686582847,-2.0121327178110753,1.0
1.8138464908254939,-2.1872799986358995,1.0
1.5555759549201522,-2.4009950584722866,1.0
0.47707511423072996,-2.618627697609954,1.0
-1.0355329739609715,-1.7744598959722293,1.0
0.17995522099535202,-2.270210833547659,1.0
1.792484233829162,-2.01965711853402,1.0
-0.08930717370616487,-1.5265670507831608,1.0
2.1513915269271155,-1.802917767993799,1.0
2.1677482352037236,-1.5748118285180988,1.0
0.242188691567315,-2.1913221963863148,1.0
0.6083916163379641,-2.615225696614296,1.0
0.200272035849371,-1.5836694100794397,1.0
0.6645407789434984,-1.5494780397855283,1.0
-0.7244951668577475,-1.6661385699551106,1.0
1.3118049162871925,-2.559142797454603,1.0
0.19029902813666,-2.307991350433033,1.0
0.14689438943790264,-1.773862018265378,1.0
1.2914037483997352,-2.4994331864102093,1.0
1.1583207693120534,-1.7566043272658896,1.0
1.7118261514067024,-2.2132929632593887,1.0
1.9920035995203056,-1.7606134886650224,1.0
1.70398915836301,-2.2692961793976654,1.0
0.6972380141921833,-1.5547640353454832,1.0
-0.09313540207832366,-1.6541038932354453,1.0
1.6213840741513676,-2.2764693281412947,1.0
0.8535201431524103,-2.5369835282224518,1.0
0.6474476600305661,-2.52325677143717,1.0
1.941513516031452,-1.8025278619396659,1.0
0.5961338990192162,-2.403627686337029,1.0
0.07736244361177125,-1.6616149866149947,1.0
-0.9443164323182018,-1.8002012518911807,1.0
0.8014849938022943,-1.7423691451199508,1.0
0.3520906420198896,-2.342372807177919,1.0
1.1308608654273236,-2.538357436902402,1.0
0.07204957690908569,-1.864666987759774,1.0
0.4099780433817217,-2.257494005402364,1.0
0.3503152429323637,-2.2954117652060213,1.0
2.0885625648703185,-1.5345948468638202,1.0
0.44308641336203597,-2.4803891570871417,1.0
-0.8907794733410502,-1.699758357521942,1.0
0.7365662447502459,-2.4582844298710285,1.0
2.17060495237546,-2.012996531973461,1.0
1.5351036286548363,-2.183120914514723,1.0
0.6636538983518027,-2.537872247081778,1.0
-0.7795225352181083,-1.7964707458935525,1.0
0.8822118450553411,-1.721787767122448,1.0
0.22792924309289012,-2.0578981216782406,1.0
1.7694684469479909,-1.97720514046898,1.0
-0.0047998805689621685,-1.9117370095029491,1.0
1.7039312599853187,-2.096375624634805,1.0
1.1797900135812094,-2.7189290448018983,1.0
0.16834152503704097,-1.7912537594884133,1.0
1.5993971023577789,-2.342124539548182,1.0
0.5070104897507884,-2.374303231425049,1.0
0.0778724823238429,-1.6135777647217349,1.0
0.28768574086914483,-2.017226214406792,1.0
0.748907632801483,-2.4377195492436927,1.0
1.018743058145669,-2.5355540110382515,1.0
1.8144133244739389,-2.088304819521366,1.0
0.39755156169181904,-2.410784201249296,1.0
1.859859364432997,-1.8880728060370118,1.0
0.7815116133876896,-1.9477463479709818,1.0
0.11262227381738671,-1.8806651126908462,1.0
0.5086982679041703,-2.286529625560745,1.0
1.5476064818829312,-2.3447694815646356,1.0
